timestamp,timeIntervalSince1970,latitude,longitude,altitude,horizontalAccuracy,verticalAccuracy,speed,course
"2025-11-08 12:45:49.999 +0000",1762605949.999065,10.796067,106.674781,20.700000,5.000000,9.500000,4.916947,300.526886
"2025-11-08 12:45:50.443 +0000",1762605950.443455,10.796089,106.674742,20.700000,5.000000,9.500000,4.835778,300.526886
"2025-11-08 12:45:50.999 +0000",1762605950.999051,10.796089,106.674742,20.700000,5.000000,9.500000,4.613925,300.526886
"2025-11-08 12:45:51.511 +0000",1762605951.511322,10.796111,106.674705,20.600000,5.000000,9.500000,4.372778,300.526886
"2025-11-08 12:45:52.432 +0000",1762605952.432068,10.796130,106.674673,20.500000,5.000000,9.500000,3.806889,300.526886
"2025-11-08 12:45:52.999 +0000",1762605952.999022,10.796130,106.674673,20.500000,5.000000,9.500000,3.295454,300.526886
"2025-11-08 12:45:53.527 +0000",1762605953.527422,10.796146,106.674645,20.500000,5.000000,9.500000,3.086667,300.573700
"2025-11-08 12:45:54.425 +0000",1762605954.424538,10.796159,106.674622,20.400000,5.000000,9.500000,2.469333,300.573700
"2025-11-08 12:45:55.444 +0000",1762605955.444065,10.796169,106.674605,20.300000,5.000000,9.500000,2.006333,300.573700
"2025-11-08 12:45:56.408 +0000",1762605956.407944,10.796178,106.674591,20.400000,5.000000,9.500000,1.800556,300.573700
"2025-11-08 12:45:57.410 +0000",1762605957.409611,10.796187,106.674575,20.500000,5.000000,9.500000,2.057778,300.573700
"2025-11-08 12:45:58.400 +0000",1762605958.400367,10.796196,106.674560,20.500000,5.000000,9.500000,1.594778,300.573700
"2025-11-08 12:45:59.399 +0000",1762605959.399389,10.796200,106.674552,20.300000,5.000000,9.500000,0.514444,300.573700
"2025-11-08 12:46:00.399 +0000",1762605960.399387,10.796201,106.674550,20.400000,5.000000,9.500000,0.000000,300.573700
"2025-11-08 12:46:00.999 +0000",1762605960.998906,10.796201,106.674550,20.400000,5.000000,9.500000,0.148571,300.573700
"2025-11-08 12:46:01.402 +0000",1762605961.402377,10.796202,106.674549,20.500000,5.000000,9.500000,0.000000,300.573700
"2025-11-08 12:46:01.999 +0000",1762605961.998891,10.796202,106.674549,20.500000,5.000000,9.500000,0.028927,300.573700
"2025-11-08 12:46:02.420 +0000",1762605962.420002,10.796202,106.674549,20.400000,5.000000,9.500000,0.000000,300.573700
"2025-11-08 12:46:03.411 +0000",1762605963.410746,10.796202,106.674549,20.400000,5.000000,9.500000,0.000000,300.573700
"2025-11-08 12:46:03.999 +0000",1762605963.998863,10.796202,106.674549,20.400000,5.000000,9.500000,0.000000,300.573700
"2025-11-08 12:46:04.414 +0000",1762605964.414238,10.796202,106.674549,20.400000,5.000000,9.500000,0.000000,300.573700
"2025-11-08 12:46:05.407 +0000",1762605965.407385,10.796202,106.674549,20.400000,5.000000,9.500000,0.000000,300.573700
"2025-11-08 12:46:06.407 +0000",1762605966.407126,10.796202,106.674549,20.400000,5.000000,9.500000,0.000000,300.573700
"2025-11-08 12:46:07.402 +0000",1762605967.402133,10.796202,106.674549,20.400000,5.000000,9.500000,0.000000,300.573700
"2025-11-08 12:46:08.394 +0000",1762605968.393586,10.796202,106.674549,20.400000,5.000000,9.500000,0.000000,300.573700
"2025-11-08 12:46:09.410 +0000",1762605969.409789,10.796202,106.674549,20.400000,5.000000,9.500000,0.000000,300.573700
"2025-11-08 12:46:10.412 +0000",1762605970.412292,10.796202,106.674549,20.400000,5.000000,9.500000,0.000000,300.573700
"2025-11-08 12:46:11.393 +0000",1762605971.392573,10.796202,106.674549,20.400000,5.000000,9.500000,0.000000,300.573700
"2025-11-08 12:46:12.395 +0000",1762605972.395468,10.796202,106.674549,20.400000,5.000000,9.500000,0.000000,300.573700
"2025-11-08 12:46:13.394 +0000",1762605973.394178,10.796202,106.674549,20.400000,5.000000,9.500000,0.000000,300.573700
"2025-11-08 12:46:14.415 +0000",1762605974.414674,10.796202,106.674549,20.400000,5.000000,9.500000,0.000000,300.573700
"2025-11-08 12:46:15.410 +0000",1762605975.409613,10.796202,106.674549,20.400000,5.000000,9.500000,0.257222,300.573700
"2025-11-08 12:46:15.999 +0000",1762605975.998689,10.796202,106.674549,20.400000,5.000000,9.500000,0.619819,300.573700
"2025-11-08 12:46:16.405 +0000",1762605976.404752,10.796204,106.674545,20.500000,5.000000,9.500000,0.720222,300.573700
"2025-11-08 12:46:16.999 +0000",1762605976.998675,10.796204,106.674545,20.500000,5.000000,9.500000,1.688904,300.573700
"2025-11-08 12:46:17.402 +0000",1762605977.401864,10.796210,106.674535,20.500000,5.000000,9.500000,1.697667,300.573700
"2025-11-08 12:46:17.999 +0000",1762605977.998660,10.796210,106.674535,20.500000,5.000000,9.500000,3.067557,300.573700
"2025-11-08 12:46:18.408 +0000",1762605978.407517,10.796221,106.674516,20.500000,5.000000,9.500000,3.138111,300.573700
"2025-11-08 12:46:19.407 +0000",1762605979.406919,10.796238,106.674487,20.500000,5.000000,9.500000,4.269889,300.573700
"2025-11-08 12:46:19.999 +0000",1762605979.998631,10.796238,106.674487,20.500000,5.000000,9.500000,5.578137,300.573700
"2025-11-08 12:46:20.439 +0000",1762605980.438792,10.796261,106.674448,20.500000,5.000000,9.500000,5.607444,300.547791
"2025-11-08 12:46:20.999 +0000",1762605980.998617,10.796261,106.674448,20.500000,5.000000,9.500000,6.360821,300.547791
"2025-11-08 12:46:21.450 +0000",1762605981.449571,10.796289,106.674400,20.600000,5.000000,9.500000,6.533444,300.547791
"2025-11-08 12:46:22.460 +0000",1762605982.459713,10.796320,106.674347,20.600000,5.000000,9.500000,6.842111,300.736176
"2025-11-08 12:46:23.445 +0000",1762605983.445447,10.796352,106.674292,20.500000,5.000000,9.500000,6.842111,300.736176
"2025-11-08 12:46:24.445 +0000",1762605984.444715,10.796385,106.674237,20.400000,5.000000,9.500000,7.150778,300.736176
"2025-11-08 12:46:25.443 +0000",1762605985.443405,10.796419,106.674179,20.600000,5.000000,9.500000,7.562333,300.909058
"2025-11-08 12:46:26.452 +0000",1762605986.451593,10.796454,106.674119,20.600000,5.000000,9.500000,7.510889,300.909058
"2025-11-08 12:46:27.409 +0000",1762605987.409258,10.796489,106.674061,20.500000,5.000000,9.500000,7.408000,300.909058
"2025-11-08 12:46:28.444 +0000",1762605988.444074,10.796524,106.674001,20.600000,5.000000,9.500000,7.613778,300.909058
"2025-11-08 12:46:29.445 +0000",1762605989.444694,10.796560,106.673940,20.500000,5.000000,9.500000,7.768111,300.909058
"2025-11-08 12:46:30.428 +0000",1762605990.428269,10.796597,106.673878,20.600000,5.000000,9.500000,8.025333,300.909058
"2025-11-08 12:46:31.506 +0000",1762605991.506350,10.796635,106.673814,20.600000,5.000000,9.500000,8.231111,300.909058
"2025-11-08 12:46:32.409 +0000",1762605992.408510,10.796674,106.673748,20.600000,5.000000,9.500000,8.385444,300.909058
"2025-11-08 12:46:33.433 +0000",1762605993.432709,10.796713,106.673682,20.700000,5.000000,9.500000,8.385444,300.909058
"2025-11-08 12:46:33.998 +0000",1762605993.998430,10.796713,106.673682,20.700000,5.000000,9.500000,8.228618,300.909058
"2025-11-08 12:46:34.445 +0000",1762605994.444835,10.796752,106.673617,20.600000,5.000000,9.500000,8.128222,300.909058
"2025-11-08 12:46:35.427 +0000",1762605995.427271,10.796789,106.673554,20.600000,5.000000,9.500000,7.716667,300.909058
"2025-11-08 12:46:35.998 +0000",1762605995.998401,10.796789,106.673554,20.600000,5.000000,9.500000,7.462973,300.909058
"2025-11-08 12:46:36.429 +0000",1762605996.429109,10.796824,106.673495,20.500000,5.000000,9.500000,7.408000,300.909058
"2025-11-08 12:46:37.408 +0000",1762605997.407713,10.796858,106.673438,20.500000,5.000000,9.500000,6.893556,300.909058
"2025-11-08 12:46:38.422 +0000",1762605998.422221,10.796889,106.673384,20.400000,10.000000,19.000000,6.584889,300.909058
"2025-11-08 12:46:39.433 +0000",1762605999.432855,10.796919,106.673334,20.400000,10.000000,19.000000,6.173333,300.909058
"2025-11-08 12:46:40.425 +0000",1762606000.424905,10.796947,106.673287,20.300000,5.000000,9.500000,5.607444,300.909058
"2025-11-08 12:46:41.429 +0000",1762606001.428943,10.796972,106.673245,20.300000,10.000000,19.000000,4.990111,300.876648
"2025-11-08 12:46:42.430 +0000",1762606002.430441,10.796995,106.673207,20.300000,5.000000,9.500000,4.630000,300.876648
"2025-11-08 12:46:43.411 +0000",1762606003.410738,10.797015,106.673172,20.300000,5.000000,9.500000,4.115556,300.876648
"2025-11-08 12:46:44.429 +0000",1762606004.428552,10.797033,106.673142,20.200000,5.000000,9.500000,3.498222,300.876648
"2025-11-08 12:46:45.423 +0000",1762606005.423076,10.797048,106.673117,20.200000,5.000000,9.500000,2.829444,300.876648
"2025-11-08 12:46:46.000 +0000",1762606005.999723,10.797048,106.673117,20.200000,5.000000,9.500000,2.358241,300.876648
"2025-11-08 12:46:46.407 +0000",1762606006.406672,10.797059,106.673097,20.200000,5.000000,9.500000,2.263556,300.876648
"2025-11-08 12:46:47.423 +0000",1762606007.423374,10.797069,106.673081,20.200000,5.000000,9.500000,1.800556,300.876648
"2025-11-08 12:46:48.422 +0000",1762606008.421598,10.797076,106.673069,20.200000,5.000000,9.500000,1.080333,300.876648
"2025-11-08 12:46:49.425 +0000",1762606009.424685,10.797080,106.673063,20.200000,5.000000,9.500000,0.463000,300.876648
"2025-11-08 12:46:50.000 +0000",1762606009.999734,10.797080,106.673063,20.200000,5.000000,9.500000,0.181339,300.876648
"2025-11-08 12:46:50.411 +0000",1762606010.411064,10.797081,106.673061,20.200000,5.000000,9.500000,0.000000,300.876648
"2025-11-08 12:46:51.429 +0000",1762606011.429057,10.797081,106.673060,20.300000,5.000000,9.500000,0.000000,300.876648
"2025-11-08 12:46:52.000 +0000",1762606011.999733,10.797081,106.673060,20.300000,5.000000,9.500000,0.000000,300.876648
"2025-11-08 12:46:52.432 +0000",1762606012.431985,10.797081,106.673060,20.300000,5.000000,9.500000,0.000000,300.876648
"2025-11-08 12:46:53.429 +0000",1762606013.429309,10.797081,106.673060,20.300000,5.000000,9.500000,0.000000,300.876648
"2025-11-08 12:46:54.427 +0000",1762606014.427394,10.797081,106.673060,20.300000,5.000000,9.500000,0.000000,300.876648
"2025-11-08 12:46:55.440 +0000",1762606015.440267,10.797081,106.673060,20.300000,5.000000,9.500000,0.000000,300.876648
"2025-11-08 12:46:56.441 +0000",1762606016.440901,10.797081,106.673060,20.300000,5.000000,9.500000,0.000000,300.876648
"2025-11-08 12:46:57.425 +0000",1762606017.424549,10.797081,106.673060,20.300000,5.000000,9.500000,0.000000,300.876648
"2025-11-08 12:46:58.440 +0000",1762606018.440236,10.797081,106.673060,20.300000,5.000000,9.500000,0.000000,300.876648
"2025-11-08 12:46:59.425 +0000",1762606019.424784,10.797081,106.673060,20.300000,5.000000,9.500000,0.000000,300.876648
"2025-11-08 12:47:00.437 +0000",1762606020.437244,10.797081,106.673060,20.300000,5.000000,9.500000,0.000000,300.876648
"2025-11-08 12:47:01.427 +0000",1762606021.426651,10.797081,106.673060,20.300000,5.000000,9.500000,0.000000,300.876648
"2025-11-08 12:47:02.425 +0000",1762606022.424906,10.797081,106.673060,20.300000,5.000000,9.500000,0.000000,300.876648
"2025-11-08 12:47:03.423 +0000",1762606023.423414,10.797081,106.673060,20.300000,5.000000,9.500000,0.000000,300.876648
"2025-11-08 12:47:04.425 +0000",1762606024.425399,10.797081,106.673060,20.300000,5.000000,9.500000,0.154333,300.876648
"2025-11-08 12:47:05.000 +0000",1762606024.999671,10.797081,106.673060,20.300000,5.000000,9.500000,0.748388,300.876648
"2025-11-08 12:47:05.429 +0000",1762606025.428825,10.797084,106.673056,20.300000,5.000000,9.500000,0.771667,300.876648
"2025-11-08 12:47:06.000 +0000",1762606025.999659,10.797084,106.673056,20.300000,5.000000,9.500000,1.539653,300.876648
"2025-11-08 12:47:06.431 +0000",1762606026.430972,10.797090,106.673046,20.300000,5.000000,9.500000,1.749111,300.876648
"2025-11-08 12:47:07.000 +0000",1762606026.999647,10.797090,106.673046,20.300000,5.000000,9.500000,2.322656,300.876648
"2025-11-08 12:47:07.434 +0000",1762606027.434228,10.797099,106.673029,20.300000,10.000000,19.000000,2.263556,300.876648
"2025-11-08 12:47:08.424 +0000",1762606028.424375,10.797110,106.673012,20.300000,5.000000,9.500000,2.160667,300.876648
"2025-11-08 12:47:09.000 +0000",1762606028.999622,10.797110,106.673012,20.300000,5.000000,9.500000,2.959907,300.876648
"2025-11-08 12:47:09.428 +0000",1762606029.427503,10.797122,106.672991,20.300000,10.000000,19.000000,3.086667,300.876648
"2025-11-08 12:47:10.437 +0000",1762606030.437477,10.797138,106.672964,20.300000,5.000000,9.500000,3.549667,300.876648
"2025-11-08 12:47:11.441 +0000",1762606031.441310,10.797155,106.672936,20.300000,5.000000,9.500000,3.755444,300.876648
"2025-11-08 12:47:12.529 +0000",1762606032.528811,10.797174,106.672904,20.400000,5.000000,9.500000,4.372778,300.876648
"2025-11-08 12:47:13.441 +0000",1762606033.440679,10.797195,106.672867,20.500000,5.000000,9.500000,4.887222,300.734528
"2025-11-08 12:47:14.456 +0000",1762606034.456293,10.797220,106.672826,20.500000,5.000000,9.500000,5.453111,300.734528
"2025-11-08 12:47:15.424 +0000",1762606035.423947,10.797246,106.672780,20.600000,5.000000,9.500000,5.916111,300.734528
"2025-11-08 12:47:16.429 +0000",1762606036.428815,10.797275,106.672732,20.700000,5.000000,9.500000,6.430556,300.734528
"2025-11-08 12:47:17.438 +0000",1762606037.438010,10.797306,106.672679,20.700000,5.000000,9.500000,6.790667,300.734528
"2025-11-08 12:47:18.444 +0000",1762606038.443835,10.797338,106.672625,20.800000,5.000000,9.500000,6.996444,300.734528
"2025-11-08 12:47:19.454 +0000",1762606039.453566,10.797370,106.672569,20.900000,5.000000,9.500000,7.047889,300.422180
"2025-11-08 12:47:20.419 +0000",1762606040.419482,10.797401,106.672515,20.900000,5.000000,9.500000,6.687778,300.422180
"2025-11-08 12:47:21.425 +0000",1762606041.424735,10.797430,106.672465,20.800000,5.000000,9.500000,5.967556,300.422180
"2025-11-08 12:47:21.999 +0000",1762606041.999450,10.797430,106.672465,20.800000,5.000000,9.500000,5.408214,300.422180
"2025-11-08 12:47:22.428 +0000",1762606042.428013,10.797456,106.672420,20.900000,5.000000,9.500000,5.350222,300.422180
"2025-11-08 12:47:23.440 +0000",1762606043.439911,10.797480,106.672379,20.900000,5.000000,9.500000,4.938667,300.132172
"2025-11-08 12:47:24.445 +0000",1762606044.444518,10.797502,106.672341,21.000000,5.000000,9.500000,4.630000,300.132172
"2025-11-08 12:47:25.430 +0000",1762606045.429992,10.797522,106.672305,21.100000,5.000000,9.500000,4.218444,300.132172
"2025-11-08 12:47:26.442 +0000",1762606046.441681,10.797540,106.672274,21.000000,5.000000,9.500000,3.549667,300.132172
"2025-11-08 12:47:27.454 +0000",1762606047.453787,10.797555,106.672248,21.000000,5.000000,9.500000,2.880889,300.132172
"2025-11-08 12:47:28.442 +0000",1762606048.442302,10.797567,106.672226,21.000000,5.000000,9.500000,2.520778,300.132172
"2025-11-08 12:47:29.443 +0000",1762606049.442825,10.797577,106.672209,21.000000,5.000000,9.500000,1.646222,300.132172
"2025-11-08 12:47:30.443 +0000",1762606050.442913,10.797583,106.672200,21.000000,5.000000,9.500000,0.771667,300.132172
"2025-11-08 12:47:31.456 +0000",1762606051.455992,10.797586,106.672195,21.000000,5.000000,9.500000,0.565889,300.132172
"2025-11-08 12:47:32.453 +0000",1762606052.453007,10.797589,106.672188,21.100000,5.000000,9.500000,0.874556,300.132172
"2025-11-08 12:47:33.445 +0000",1762606053.445166,10.797596,106.672177,21.100000,5.000000,9.500000,1.749111,300.132172
"2025-11-08 12:47:34.468 +0000",1762606054.467964,10.797606,106.672159,21.200000,5.000000,9.500000,2.726556,300.132172
"2025-11-08 12:47:35.445 +0000",1762606055.444900,10.797621,106.672134,21.200000,5.000000,9.500000,3.549667,300.132172
"2025-11-08 12:47:36.445 +0000",1762606056.445420,10.797639,106.672102,21.200000,5.000000,9.500000,4.218444,300.132172
"2025-11-08 12:47:36.999 +0000",1762606056.999243,10.797639,106.672102,21.200000,5.000000,9.500000,4.792351,300.132172
"2025-11-08 12:47:37.447 +0000",1762606057.446875,10.797660,106.672065,21.300000,5.000000,9.500000,4.835778,300.132172
"2025-11-08 12:47:37.999 +0000",1762606057.999228,10.797660,106.672065,21.300000,5.000000,9.500000,5.408611,300.132172
"2025-11-08 12:47:38.444 +0000",1762606058.444142,10.797683,106.672025,21.200000,5.000000,9.500000,5.350222,300.132172
"2025-11-08 12:47:38.999 +0000",1762606058.999214,10.797683,106.672026,21.200000,5.000000,9.500000,5.684648,301.503662
"2025-11-08 12:47:39.446 +0000",1762606059.445813,10.797710,106.671982,21.300000,5.000000,9.500000,5.761778,301.503662
"2025-11-08 12:47:40.441 +0000",1762606060.441368,10.797738,106.671935,21.400000,5.000000,9.500000,6.276222,301.503662
"2025-11-08 12:47:40.999 +0000",1762606060.999185,10.797738,106.671935,21.400000,5.000000,9.500000,6.715298,301.503662
"2025-11-08 12:47:41.453 +0000",1762606061.453300,10.797769,106.671884,21.400000,5.000000,9.500000,6.687778,301.503662
"2025-11-08 12:47:42.440 +0000",1762606062.440148,10.797802,106.671830,21.400000,5.000000,9.500000,6.996444,301.503662
"2025-11-08 12:47:43.464 +0000",1762606063.464442,10.797836,106.671774,21.400000,5.000000,9.500000,7.253667,301.503662
"2025-11-08 12:47:44.434 +0000",1762606064.433872,10.797871,106.671717,21.400000,5.000000,9.500000,7.408000,301.503662
"2025-11-08 12:47:45.437 +0000",1762606065.436737,10.797906,106.671659,21.400000,5.000000,9.500000,7.356556,301.503662
"2025-11-08 12:47:46.445 +0000",1762606066.445224,10.797941,106.671599,21.300000,5.000000,9.500000,7.562333,301.103333
"2025-11-08 12:47:47.452 +0000",1762606067.452498,10.797976,106.671540,21.300000,5.000000,9.500000,7.716667,301.103333
"2025-11-08 12:47:48.427 +0000",1762606068.426625,10.798013,106.671476,21.400000,5.000000,9.500000,8.179667,300.557800
"2025-11-08 12:47:49.423 +0000",1762606069.422582,10.798052,106.671409,21.500000,5.000000,9.500000,8.642667,300.557800
"2025-11-08 12:47:49.999 +0000",1762606069.999059,10.798011,106.671385,21.500000,5.000000,9.500000,9.042564,304.856361
"2025-11-08 12:47:50.447 +0000",1762606070.446676,10.798052,106.671314,21.600000,5.000000,9.500000,9.105667,299.100000
"2025-11-08 12:47:50.999 +0000",1762606070.999045,10.798052,106.671314,21.600000,5.000000,9.500000,9.775789,304.734147
"2025-11-08 12:47:51.433 +0000",1762606071.432500,10.798093,106.671238,21.600000,5.000000,9.500000,9.774444,299.200000
"2025-11-08 12:47:52.429 +0000",1762606072.429295,10.798139,106.671156,21.800000,5.000000,9.500000,10.597556,299.900000
"2025-11-08 12:47:52.999 +0000",1762606072.999016,10.798139,106.671156,21.800000,5.000000,9.500000,11.055402,305.966493
"2025-11-08 12:47:53.432 +0000",1762606073.431785,10.798191,106.671071,21.900000,5.000000,9.500000,11.009111,300.300000
"2025-11-08 12:47:54.430 +0000",1762606074.430183,10.798285,106.671010,21.900000,5.000000,9.500000,11.009111,300.880646
"2025-11-08 12:47:55.418 +0000",1762606075.418390,10.798335,106.670926,21.700000,5.000000,9.500000,10.391778,300.880646
"2025-11-08 12:47:56.445 +0000",1762606076.445108,10.798383,106.670845,21.500000,5.000000,9.500000,9.980222,300.880646
"2025-11-08 12:47:57.443 +0000",1762606077.443006,10.798428,106.670768,21.500000,5.000000,9.500000,9.620111,300.880646
"2025-11-08 12:47:58.443 +0000",1762606078.442760,10.798473,106.670693,21.500000,5.000000,9.500000,9.517222,300.880646
"2025-11-08 12:47:59.436 +0000",1762606079.435959,10.798518,106.670617,21.700000,5.000000,9.500000,9.723000,300.880646
"2025-11-08 12:48:00.427 +0000",1762606080.427165,10.798563,106.670540,21.700000,5.000000,9.500000,9.671556,300.880646
"2025-11-08 12:48:01.426 +0000",1762606081.426342,10.798607,106.670465,21.700000,5.000000,9.500000,9.517222,300.880646
"2025-11-08 12:48:02.432 +0000",1762606082.431839,10.798651,106.670390,21.700000,10.000000,19.000000,9.311444,300.296509
"2025-11-08 12:48:03.418 +0000",1762606083.418156,10.798693,106.670317,21.600000,5.000000,9.500000,9.105667,300.296509
"2025-11-08 12:48:03.999 +0000",1762606083.998861,10.798693,106.670317,21.600000,5.000000,9.500000,8.928141,300.296509
"2025-11-08 12:48:04.410 +0000",1762606084.410263,10.798734,106.670246,21.600000,5.000000,9.500000,8.797000,300.296509
"2025-11-08 12:48:04.999 +0000",1762606084.998846,10.798734,106.670246,21.600000,5.000000,9.500000,8.673929,300.296509
"2025-11-08 12:48:05.426 +0000",1762606085.426194,10.798774,106.670177,21.500000,5.000000,9.500000,8.591222,300.296509
"2025-11-08 12:48:05.999 +0000",1762606085.998831,10.798774,106.670177,21.500000,5.000000,9.500000,8.863218,300.296509
"2025-11-08 12:48:06.410 +0000",1762606086.409887,10.798814,106.670108,21.700000,5.000000,9.500000,8.745556,300.296509
"2025-11-08 12:48:06.999 +0000",1762606086.998816,10.798814,106.670108,21.700000,5.000000,9.500000,8.953532,300.296509
"2025-11-08 12:48:07.410 +0000",1762606087.409785,10.798854,106.670038,21.700000,5.000000,9.500000,8.848444,300.296509
"2025-11-08 12:48:08.410 +0000",1762606088.410488,10.798896,106.669970,21.800000,5.000000,9.500000,8.694111,301.567871
"2025-11-08 12:48:08.999 +0000",1762606088.998789,10.798896,106.669970,21.800000,5.000000,9.500000,8.484097,301.567871
"2025-11-08 12:48:09.424 +0000",1762606089.424231,10.798936,106.669903,21.800000,5.000000,9.500000,8.385444,301.567871
"2025-11-08 12:48:10.428 +0000",1762606090.427713,10.798975,106.669839,21.600000,5.000000,9.500000,7.973889,301.567871
"2025-11-08 12:48:11.435 +0000",1762606091.434611,10.799012,106.669778,21.600000,5.000000,9.500000,7.613778,301.567871
"2025-11-08 12:48:12.441 +0000",1762606092.441277,10.799048,106.669718,21.600000,5.000000,9.500000,7.459444,301.567871
"2025-11-08 12:48:13.454 +0000",1762606093.454447,10.799083,106.669661,21.600000,5.000000,9.500000,7.150778,301.567871
"2025-11-08 12:48:14.450 +0000",1762606094.450111,10.799116,106.669606,21.500000,5.000000,9.500000,6.842111,301.567871
"2025-11-08 12:48:15.442 +0000",1762606095.442225,10.799148,106.669554,21.500000,5.000000,9.500000,6.584889,301.652740
"2025-11-08 12:48:16.426 +0000",1762606096.426235,10.799179,106.669503,21.500000,5.000000,9.500000,6.276222,301.652740
"2025-11-08 12:48:17.428 +0000",1762606097.427538,10.799207,106.669457,21.400000,5.000000,9.500000,5.453111,301.652740
"2025-11-08 12:48:18.507 +0000",1762606098.507343,10.799230,106.669419,21.200000,5.000000,9.500000,4.218444,301.652740
"2025-11-08 12:48:19.446 +0000",1762606099.445599,10.799248,106.669390,21.200000,5.000000,9.500000,3.292444,301.652740
"2025-11-08 12:48:20.437 +0000",1762606100.437190,10.799263,106.669366,21.200000,5.000000,9.500000,2.675111,301.652740
"2025-11-08 12:48:20.999 +0000",1762606100.998618,10.799263,106.669366,21.200000,5.000000,9.500000,2.462568,301.652740
"2025-11-08 12:48:21.425 +0000",1762606101.425297,10.799275,106.669346,21.200000,5.000000,9.500000,2.417889,301.652740
"2025-11-08 12:48:22.438 +0000",1762606102.437637,10.799285,106.669329,21.200000,5.000000,9.500000,1.954889,301.652740
"2025-11-08 12:48:22.999 +0000",1762606102.998589,10.799285,106.669329,21.200000,5.000000,9.500000,1.699687,301.652740
"2025-11-08 12:48:23.450 +0000",1762606103.450406,10.799294,106.669315,21.200000,5.000000,9.500000,1.594778,301.652740
"2025-11-08 12:48:24.444 +0000",1762606104.443510,10.799300,106.669305,21.300000,5.000000,9.500000,0.926000,301.652740
"2025-11-08 12:48:25.445 +0000",1762606105.444765,10.799303,106.669301,21.200000,5.000000,9.500000,0.102889,301.652740
"2025-11-08 12:48:26.437 +0000",1762606106.437430,10.799303,106.669300,21.200000,5.000000,9.500000,0.102889,301.652740
"2025-11-08 12:48:27.432 +0000",1762606107.432251,10.799305,106.669297,21.300000,5.000000,9.500000,0.617333,301.652740
"2025-11-08 12:48:28.428 +0000",1762606108.428449,10.799309,106.669290,21.300000,5.000000,9.500000,0.874556,301.652740
"2025-11-08 12:48:29.437 +0000",1762606109.437266,10.799312,106.669285,21.200000,5.000000,9.500000,0.360111,301.652740
"2025-11-08 12:48:30.452 +0000",1762606110.451744,10.799313,106.669284,21.200000,5.000000,9.500000,0.000000,301.652740
"2025-11-08 12:48:31.445 +0000",1762606111.444955,10.799313,106.669284,21.300000,5.000000,9.500000,0.000000,301.652740
"2025-11-08 12:48:32.445 +0000",1762606112.445447,10.799313,106.669284,21.300000,5.000000,9.500000,0.000000,301.652740
"2025-11-08 12:48:33.441 +0000",1762606113.441482,10.799313,106.669284,21.300000,5.000000,9.500000,0.000000,301.652740
"2025-11-08 12:48:34.442 +0000",1762606114.442115,10.799313,106.669284,21.300000,5.000000,9.500000,0.000000,301.652740
"2025-11-08 12:48:34.998 +0000",1762606114.998418,10.799313,106.669284,21.300000,5.000000,9.500000,0.160297,301.652740
"2025-11-08 12:48:35.444 +0000",1762606115.444216,10.799313,106.669284,21.300000,5.000000,9.500000,0.000000,301.652740
"2025-11-08 12:48:36.452 +0000",1762606116.452477,10.799313,106.669283,21.300000,5.000000,9.500000,0.102889,301.652740
"2025-11-08 12:48:37.441 +0000",1762606117.441381,10.799314,106.669283,21.300000,5.000000,9.500000,0.000000,301.652740
"2025-11-08 12:48:37.998 +0000",1762606117.998375,10.799314,106.669283,21.300000,5.000000,9.500000,0.266263,301.652740
"2025-11-08 12:48:38.444 +0000",1762606118.444072,10.799314,106.669282,21.300000,5.000000,9.500000,0.257222,301.652740
"2025-11-08 12:48:39.441 +0000",1762606119.441321,10.799317,106.669277,21.300000,5.000000,9.500000,0.771667,301.652740
"2025-11-08 12:48:40.437 +0000",1762606120.437331,10.799323,106.669268,21.300000,5.000000,9.500000,1.543333,301.652740
"2025-11-08 12:48:41.447 +0000",1762606121.446511,10.799332,106.669252,21.300000,5.000000,9.500000,2.212111,301.652740
"2025-11-08 12:48:42.454 +0000",1762606122.454373,10.799343,106.669235,21.300000,5.000000,9.500000,2.160667,301.652740
"2025-11-08 12:48:43.442 +0000",1762606123.442225,10.799353,106.669217,21.300000,5.000000,9.500000,2.315000,301.652740
"2025-11-08 12:48:44.437 +0000",1762606124.436654,10.799366,106.669196,21.400000,5.000000,9.500000,3.138111,301.652740
"2025-11-08 12:48:45.444 +0000",1762606125.443609,10.799384,106.669168,21.400000,5.000000,9.500000,3.909778,301.652740
"2025-11-08 12:48:46.442 +0000",1762606126.441910,10.799402,106.669133,21.400000,5.000000,9.500000,4.321333,299.754425
"2025-11-08 12:48:47.443 +0000",1762606127.442738,10.799422,106.669098,21.400000,5.000000,9.500000,4.167000,299.754425
"2025-11-08 12:48:48.446 +0000",1762606128.445608,10.799440,106.669066,21.400000,5.000000,9.500000,3.909778,299.754425
"2025-11-08 12:48:49.000 +0000",1762606128.999741,10.799440,106.669066,21.400000,5.000000,9.500000,4.197469,299.754425
"2025-11-08 12:48:49.455 +0000",1762606129.455262,10.799411,106.669007,21.400000,5.000000,9.500000,4.167000,300.500000
"2025-11-08 12:48:50.457 +0000",1762606130.456579,10.799430,106.668971,21.400000,5.000000,9.500000,4.475667,300.000000
"2025-11-08 12:48:51.445 +0000",1762606131.445294,10.799499,106.668962,21.400000,5.000000,9.500000,4.527111,299.754425
"2025-11-08 12:48:52.000 +0000",1762606131.999743,10.799499,106.668962,21.400000,5.000000,9.500000,4.439012,299.754425
"2025-11-08 12:48:52.535 +0000",1762606132.534737,10.799519,106.668926,21.400000,5.000000,9.500000,4.372778,299.823700
"2025-11-08 12:48:53.444 +0000",1762606133.444167,10.799538,106.668892,21.400000,5.000000,9.500000,4.167000,299.823700
"2025-11-08 12:48:54.456 +0000",1762606134.456340,10.799557,106.668859,21.400000,5.000000,9.500000,3.961222,299.823700
"2025-11-08 12:48:55.551 +0000",1762606135.550853,10.799575,106.668828,21.400000,5.000000,9.500000,3.755444,299.823700
"2025-11-08 12:48:56.541 +0000",1762606136.541073,10.799591,106.668799,21.400000,5.000000,9.500000,3.601111,299.823700
"2025-11-08 12:48:57.450 +0000",1762606137.450420,10.799607,106.668771,21.400000,5.000000,9.500000,3.292444,299.823700
"2025-11-08 12:48:58.460 +0000",1762606138.460045,10.799620,106.668748,21.400000,5.000000,9.500000,2.520778,299.823700
"2025-11-08 12:48:59.444 +0000",1762606139.443563,10.799630,106.668731,21.300000,5.000000,9.500000,1.697667,299.823700
"2025-11-08 12:49:00.436 +0000",1762606140.435851,10.799635,106.668721,21.300000,5.000000,9.500000,0.565889,299.823700
"2025-11-08 12:49:01.453 +0000",1762606141.453213,10.799637,106.668719,21.300000,5.000000,9.500000,0.000000,299.823700
"2025-11-08 12:49:02.451 +0000",1762606142.450832,10.799637,106.668718,21.300000,5.000000,9.500000,0.000000,299.823700
"2025-11-08 12:49:03.000 +0000",1762606142.999763,10.799637,106.668718,21.300000,5.000000,9.500000,0.000000,299.823700
"2025-11-08 12:49:03.455 +0000",1762606143.454904,10.799637,106.668718,21.300000,5.000000,9.500000,0.000000,299.823700
"2025-11-08 12:49:04.444 +0000",1762606144.444018,10.799637,106.668718,21.300000,5.000000,9.500000,0.000000,299.823700
"2025-11-08 12:49:05.444 +0000",1762606145.444054,10.799637,106.668718,21.300000,5.000000,9.500000,0.000000,299.823700
"2025-11-08 12:49:06.000 +0000",1762606145.999733,10.799637,106.668718,21.300000,5.000000,9.500000,0.000000,299.823700
"2025-11-08 12:49:06.448 +0000",1762606146.448205,10.799637,106.668718,21.300000,5.000000,9.500000,0.000000,299.823700
"2025-11-08 12:49:07.454 +0000",1762606147.453905,10.799637,106.668718,21.300000,5.000000,9.500000,0.000000,299.823700
"2025-11-08 12:49:08.445 +0000",1762606148.444896,10.799637,106.668718,21.300000,5.000000,9.500000,0.000000,299.823700
"2025-11-08 12:49:09.436 +0000",1762606149.436137,10.799637,106.668718,21.300000,5.000000,9.500000,0.000000,299.823700
"2025-11-08 12:49:10.447 +0000",1762606150.446957,10.799637,106.668718,21.300000,5.000000,9.500000,0.000000,299.823700
"2025-11-08 12:49:11.449 +0000",1762606151.449460,10.799637,106.668718,21.300000,5.000000,9.500000,0.000000,299.823700
"2025-11-08 12:49:12.447 +0000",1762606152.446626,10.799637,106.668718,21.300000,5.000000,9.500000,0.000000,299.823700
"2025-11-08 12:49:13.436 +0000",1762606153.435745,10.799637,106.668718,21.300000,5.000000,9.500000,0.000000,299.823700
"2025-11-08 12:49:14.453 +0000",1762606154.453333,10.799637,106.668718,21.300000,5.000000,9.500000,0.000000,299.823700
"2025-11-08 12:49:15.448 +0000",1762606155.447725,10.799637,106.668718,21.300000,5.000000,9.500000,0.000000,299.823700
"2025-11-08 12:49:16.443 +0000",1762606156.443369,10.799637,106.668718,21.300000,5.000000,9.500000,0.000000,299.823700
"2025-11-08 12:49:17.441 +0000",1762606157.441182,10.799637,106.668718,21.300000,5.000000,9.500000,0.000000,299.823700
"2025-11-08 12:49:18.447 +0000",1762606158.447029,10.799637,106.668718,21.300000,5.000000,9.500000,0.000000,299.823700
"2025-11-08 12:49:19.444 +0000",1762606159.443928,10.799637,106.668718,21.300000,5.000000,9.500000,0.000000,299.823700
"2025-11-08 12:49:20.442 +0000",1762606160.442390,10.799637,106.668718,21.300000,5.000000,9.500000,0.000000,299.823700
"2025-11-08 12:49:21.456 +0000",1762606161.455983,10.799637,106.668718,21.300000,5.000000,9.500000,0.000000,299.823700
"2025-11-08 12:49:22.447 +0000",1762606162.447361,10.799637,106.668718,21.300000,5.000000,9.500000,0.000000,299.823700
"2025-11-08 12:49:23.449 +0000",1762606163.448561,10.799637,106.668718,21.300000,5.000000,9.500000,0.000000,299.823700
"2025-11-08 12:49:24.448 +0000",1762606164.448175,10.799637,106.668718,21.300000,5.000000,9.500000,0.000000,299.823700
"2025-11-08 12:49:25.468 +0000",1762606165.467737,10.799637,106.668718,21.300000,5.000000,9.500000,0.000000,299.823700
"2025-11-08 12:49:26.449 +0000",1762606166.448849,10.799637,106.668718,21.300000,5.000000,9.500000,0.000000,299.823700
"2025-11-08 12:49:27.447 +0000",1762606167.446624,10.799637,106.668718,21.300000,5.000000,9.500000,0.000000,299.823700
"2025-11-08 12:49:28.457 +0000",1762606168.456801,10.799637,106.668718,21.300000,5.000000,9.500000,0.000000,299.823700
"2025-11-08 12:49:29.452 +0000",1762606169.452470,10.799637,106.668718,21.300000,5.000000,9.500000,0.000000,299.823700
"2025-11-08 12:49:30.455 +0000",1762606170.455201,10.799637,106.668718,21.300000,5.000000,9.500000,0.000000,299.823700
"2025-11-08 12:49:31.452 +0000",1762606171.451880,10.799637,106.668718,21.300000,5.000000,9.500000,0.000000,299.823700
"2025-11-08 12:49:32.448 +0000",1762606172.447512,10.799637,106.668718,21.300000,5.000000,9.500000,0.000000,299.823700
"2025-11-08 12:49:33.446 +0000",1762606173.445596,10.799637,106.668718,21.300000,5.000000,9.500000,0.000000,299.823700
"2025-11-08 12:49:34.451 +0000",1762606174.451165,10.799637,106.668718,21.300000,5.000000,9.500000,0.000000,299.823700
"2025-11-08 12:49:35.447 +0000",1762606175.446849,10.799637,106.668718,21.300000,5.000000,9.500000,0.000000,299.823700
"2025-11-08 12:49:36.451 +0000",1762606176.451168,10.799637,106.668718,21.300000,5.000000,9.500000,0.000000,299.823700
"2025-11-08 12:49:37.458 +0000",1762606177.458126,10.799637,106.668718,21.300000,5.000000,9.500000,0.000000,299.823700
"2025-11-08 12:49:38.456 +0000",1762606178.455937,10.799637,106.668718,21.300000,5.000000,9.500000,0.000000,299.823700
"2025-11-08 12:49:39.441 +0000",1762606179.441328,10.799637,106.668718,21.300000,5.000000,9.500000,0.000000,299.823700
"2025-11-08 12:49:40.454 +0000",1762606180.453947,10.799637,106.668718,21.300000,5.000000,9.500000,0.000000,299.823700
"2025-11-08 12:49:41.452 +0000",1762606181.452010,10.799637,106.668718,21.300000,5.000000,9.500000,0.000000,299.823700
"2025-11-08 12:49:42.452 +0000",1762606182.451913,10.799637,106.668718,21.300000,5.000000,9.500000,0.000000,299.823700
"2025-11-08 12:49:43.447 +0000",1762606183.446514,10.799637,106.668718,21.300000,5.000000,9.500000,0.000000,299.823700
"2025-11-08 12:49:44.454 +0000",1762606184.453768,10.799637,106.668718,21.300000,5.000000,9.500000,0.000000,299.823700
"2025-11-08 12:49:45.444 +0000",1762606185.444334,10.799637,106.668718,21.300000,5.000000,9.500000,0.000000,299.823700
"2025-11-08 12:49:46.443 +0000",1762606186.442588,10.799637,106.668717,21.300000,5.000000,9.500000,0.257222,299.823700
"2025-11-08 12:49:47.454 +0000",1762606187.453870,10.799639,106.668715,21.400000,5.000000,9.500000,0.205778,299.823700
"2025-11-08 12:49:48.449 +0000",1762606188.449038,10.799639,106.668714,21.400000,5.000000,9.500000,0.000000,299.823700
"2025-11-08 12:49:49.454 +0000",1762606189.453650,10.799640,106.668713,21.400000,5.000000,9.500000,0.102889,299.823700
"2025-11-08 12:49:50.455 +0000",1762606190.455039,10.799642,106.668709,21.400000,5.000000,9.500000,0.720222,299.823700
"2025-11-08 12:49:50.999 +0000",1762606190.999150,10.799642,106.668709,21.400000,5.000000,9.500000,1.210104,299.823700
"2025-11-08 12:49:51.454 +0000",1762606191.453926,10.799647,106.668701,21.500000,5.000000,9.500000,1.183222,299.823700
"2025-11-08 12:49:51.999 +0000",1762606191.999136,10.799647,106.668701,21.500000,5.000000,9.500000,1.890562,299.823700
"2025-11-08 12:49:52.444 +0000",1762606192.443920,10.799654,106.668688,21.500000,5.000000,9.500000,1.954889,299.823700
"2025-11-08 12:49:53.452 +0000",1762606193.452227,10.799664,106.668670,21.500000,5.000000,9.500000,2.572222,299.823700
"2025-11-08 12:49:54.464 +0000",1762606194.464337,10.799677,106.668647,21.500000,5.000000,9.500000,2.983778,299.823700
"2025-11-08 12:49:55.454 +0000",1762606195.453766,10.799693,106.668620,21.600000,5.000000,9.500000,3.652556,299.823700
"2025-11-08 12:49:56.455 +0000",1762606196.454853,10.799712,106.668586,21.700000,5.000000,9.500000,4.732889,299.823700
"2025-11-08 12:49:57.456 +0000",1762606197.455891,10.799736,106.668544,21.800000,5.000000,9.500000,5.864667,299.823700
"2025-11-08 12:49:58.478 +0000",1762606198.477619,10.799764,106.668493,21.900000,5.000000,9.500000,6.790667,299.823700
"2025-11-08 12:49:59.466 +0000",1762606199.465956,10.799797,106.668436,21.900000,5.000000,9.500000,7.665222,299.823700
"2025-11-08 12:50:00.570 +0000",1762606200.569839,10.799833,106.668372,22.000000,5.000000,9.500000,8.334000,299.823700
"2025-11-08 12:50:01.454 +0000",1762606201.454444,10.799871,106.668304,22.000000,5.000000,9.500000,8.334000,299.585175
"2025-11-08 12:50:02.462 +0000",1762606202.462258,10.799908,106.668238,22.000000,5.000000,9.500000,8.231111,299.585175
"2025-11-08 12:50:03.471 +0000",1762606203.471255,10.799944,106.668173,22.000000,5.000000,9.500000,8.076778,299.585175
"2025-11-08 12:50:04.464 +0000",1762606204.463826,10.799981,106.668108,22.100000,5.000000,9.500000,8.128222,299.585175
"2025-11-08 12:50:05.453 +0000",1762606205.453386,10.800018,106.668043,22.100000,8.347783,9.500000,8.282556,299.585175
"2025-11-08 12:50:06.465 +0000",1762606206.464834,10.800056,106.667975,22.100000,8.915937,9.500000,8.591222,299.585175
"2025-11-08 12:50:07.465 +0000",1762606207.465433,10.800095,106.667905,22.200000,9.455425,9.500000,8.848444,299.585175
"2025-11-08 12:50:08.462 +0000",1762606208.462116,10.800135,106.667834,22.200000,9.802359,9.500000,8.797000,299.585175
"2025-11-08 12:50:09.466 +0000",1762606209.465939,10.800174,106.667765,22.100000,9.889725,9.500000,8.539778,299.585175
"2025-11-08 12:50:10.464 +0000",1762606210.464166,10.800212,106.667697,22.100000,9.839484,9.500000,8.436889,299.585175
"2025-11-08 12:50:11.464 +0000",1762606211.464318,10.800250,106.667629,22.000000,9.713810,9.500000,8.334000,299.486328
"2025-11-08 12:50:12.471 +0000",1762606212.471423,10.800287,106.667563,22.000000,9.609822,9.500000,8.128222,299.486328
"2025-11-08 12:50:13.456 +0000",1762606213.456370,10.800323,106.667499,21.900000,9.383804,9.500000,7.768111,299.412384
"2025-11-08 12:50:14.460 +0000",1762606214.459952,10.800356,106.667438,21.900000,9.106267,9.500000,7.305111,299.412384
"2025-11-08 12:50:15.456 +0000",1762606215.455887,10.800388,106.667381,21.900000,8.856097,9.500000,6.790667,299.412384
"2025-11-08 12:50:15.999 +0000",1762606215.998801,10.800388,106.667381,21.900000,8.856097,9.500000,6.268849,299.412384
"2025-11-08 12:50:16.463 +0000",1762606216.462788,10.800417,106.667330,21.800000,8.576902,9.500000,6.070444,299.412384
"2025-11-08 12:50:17.455 +0000",1762606217.454557,10.800442,106.667285,21.700000,8.296324,9.500000,5.041556,299.412384
"2025-11-08 12:50:18.452 +0000",1762606218.452267,10.800463,106.667247,21.600000,8.048365,9.500000,4.475667,299.412384
"2025-11-08 12:50:19.462 +0000",1762606219.461926,10.800483,106.667211,21.700000,5.000000,9.500000,4.321333,299.412384
"2025-11-08 12:50:20.444 +0000",1762606220.444103,10.800502,106.667177,21.700000,5.000000,9.500000,4.167000,299.412384
"2025-11-08 12:50:21.465 +0000",1762606221.464628,10.800520,106.667145,21.700000,5.000000,9.500000,3.755444,299.412384
"2025-11-08 12:50:22.444 +0000",1762606222.443578,10.800535,106.667118,21.600000,5.000000,9.500000,2.932333,299.412384
"2025-11-08 12:50:23.459 +0000",1762606223.458727,10.800547,106.667097,21.600000,5.000000,9.500000,2.366444,299.412384
"2025-11-08 12:50:24.461 +0000",1762606224.461019,10.800556,106.667080,21.600000,5.000000,9.500000,1.954889,299.412384
"2025-11-08 12:50:25.454 +0000",1762606225.454416,10.800565,106.667064,21.700000,5.000000,9.500000,2.006333,299.412384
"2025-11-08 12:50:26.463 +0000",1762606226.463140,10.800575,106.667046,21.700000,5.000000,9.500000,2.469333,299.412384
"2025-11-08 12:50:27.446 +0000",1762606227.446405,10.800587,106.667024,21.700000,5.000000,9.500000,2.983778,299.412384
"2025-11-08 12:50:28.463 +0000",1762606228.463017,10.800601,106.667000,21.700000,5.000000,9.500000,3.035222,299.412384
"2025-11-08 12:50:29.460 +0000",1762606229.460088,10.800615,106.666975,21.700000,5.000000,9.500000,3.138111,299.412384
"2025-11-08 12:50:30.453 +0000",1762606230.453288,10.800627,106.666954,21.700000,5.000000,9.500000,2.829444,303.264618
"2025-11-08 12:50:31.438 +0000",1762606231.437823,10.800640,106.666933,21.700000,5.000000,9.500000,2.417889,303.264618
"2025-11-08 12:50:32.455 +0000",1762606232.455303,10.800652,106.666916,21.600000,5.000000,9.500000,2.057778,303.264618
"2025-11-08 12:50:33.442 +0000",1762606233.442077,10.800660,106.666903,21.600000,5.000000,9.500000,1.234667,303.264618
"2025-11-08 12:50:34.451 +0000",1762606234.451260,10.800667,106.666893,21.700000,5.000000,9.500000,1.286111,303.264618
"2025-11-08 12:50:35.452 +0000",1762606235.452450,10.800672,106.666885,21.700000,5.000000,9.500000,0.720222,303.264618
"2025-11-08 12:50:36.469 +0000",1762606236.468754,10.800676,106.666878,21.700000,5.000000,9.500000,0.874556,303.264618
"2025-11-08 12:50:37.454 +0000",1762606237.454480,10.800682,106.666869,21.700000,5.000000,9.500000,1.389000,303.264618
"2025-11-08 12:50:38.455 +0000",1762606238.454671,10.800691,106.666855,21.700000,5.000000,9.500000,2.315000,303.264618
"2025-11-08 12:50:39.454 +0000",1762606239.453511,10.800705,106.666833,21.800000,5.000000,9.500000,3.241000,303.264618
"2025-11-08 12:50:39.998 +0000",1762606239.998464,10.800705,106.666833,21.800000,5.000000,9.500000,3.957867,303.264618
"2025-11-08 12:50:40.445 +0000",1762606240.444820,10.800724,106.666805,21.800000,5.000000,9.500000,4.115556,303.264618
"2025-11-08 12:50:41.463 +0000",1762606241.462526,10.800744,106.666773,21.800000,5.000000,9.500000,4.012667,303.264618
"2025-11-08 12:50:42.455 +0000",1762606242.455477,10.800764,106.666743,21.700000,5.000000,9.500000,3.858333,303.264618
"2025-11-08 12:50:43.460 +0000",1762606243.459503,10.800784,106.666712,21.700000,5.000000,9.500000,4.115556,303.264618
"2025-11-08 12:50:44.448 +0000",1762606244.448452,10.800806,106.666678,21.800000,5.000000,9.500000,4.527111,303.286499
"2025-11-08 12:50:45.459 +0000",1762606245.458808,10.800828,106.666644,21.800000,5.000000,9.500000,4.372778,303.286499
"2025-11-08 12:50:46.465 +0000",1762606246.464615,10.800849,106.666611,21.700000,5.000000,9.500000,3.961222,303.286499
"2025-11-08 12:50:47.464 +0000",1762606247.464493,10.800868,106.666583,21.700000,5.000000,9.500000,3.446778,303.286499
"2025-11-08 12:50:48.443 +0000",1762606248.443019,10.800884,106.666558,21.800000,5.000000,9.500000,2.983778,303.286499
"2025-11-08 12:50:49.466 +0000",1762606249.465528,10.800898,106.666536,21.800000,5.000000,9.500000,2.829444,303.418274
"2025-11-08 12:50:50.454 +0000",1762606250.453994,10.800913,106.666514,21.800000,5.000000,9.500000,2.880889,303.418274
"2025-11-08 12:50:51.460 +0000",1762606251.459563,10.800928,106.666489,21.900000,5.000000,9.500000,3.292444,302.750885
"2025-11-08 12:50:52.451 +0000",1762606252.450969,10.800946,106.666462,21.900000,5.000000,9.500000,3.755444,302.750885
"2025-11-08 12:50:53.449 +0000",1762606253.448895,10.800964,106.666434,21.900000,5.000000,9.500000,3.652556,303.528412
"2025-11-08 12:50:54.454 +0000",1762606254.453538,10.800985,106.666402,21.900000,5.000000,9.500000,4.475667,303.528412
"2025-11-08 12:50:55.468 +0000",1762606255.468495,10.801011,106.666362,22.100000,5.000000,9.500000,5.864667,303.528412
"2025-11-08 12:50:56.470 +0000",1762606256.469506,10.801043,106.666314,22.100000,5.000000,9.500000,6.636333,303.528412
"2025-11-08 12:50:57.454 +0000",1762606257.453985,10.801077,106.666261,22.100000,5.000000,9.500000,7.047889,303.528412
"2025-11-08 12:50:58.463 +0000",1762606258.463359,10.801114,106.666205,22.000000,5.000000,9.500000,7.510889,303.298798
"2025-11-08 12:50:59.467 +0000",1762606259.466908,10.801152,106.666146,22.000000,5.000000,9.500000,7.768111,303.298798
"2025-11-08 12:51:00.464 +0000",1762606260.464045,10.801192,106.666084,22.000000,5.000000,9.500000,8.179667,303.298798
"2025-11-08 12:51:01.463 +0000",1762606261.462699,10.801234,106.666020,22.000000,5.000000,9.500000,8.385444,303.125336
"2025-11-08 12:51:02.449 +0000",1762606262.448926,10.801275,106.665956,21.900000,5.000000,9.500000,8.179667,303.125336
"2025-11-08 12:51:03.455 +0000",1762606263.454628,10.801315,106.665894,21.900000,5.000000,9.500000,7.973889,303.125336
"2025-11-08 12:51:04.452 +0000",1762606264.451790,10.801336,106.665814,21.900000,5.000000,9.500000,7.819556,293.381195
"2025-11-08 12:51:05.461 +0000",1762606265.461379,10.801364,106.665749,22.000000,5.000000,9.500000,7.819556,293.381195
"2025-11-08 12:51:06.000 +0000",1762606265.999766,10.801364,106.665749,22.000000,5.000000,9.500000,8.109453,293.381195
"2025-11-08 12:51:06.450 +0000",1762606266.450100,10.801379,106.665677,22.100000,5.000000,9.500000,8.076778,293.381195
"2025-11-08 12:51:07.461 +0000",1762606267.461159,10.801416,106.665611,22.100000,5.000000,9.500000,8.282556,293.385681
"2025-11-08 12:51:08.460 +0000",1762606268.459972,10.801455,106.665545,22.200000,5.000000,9.500000,8.488333,293.385681
"2025-11-08 12:51:09.460 +0000",1762606269.460331,10.801494,106.665478,22.300000,5.000000,9.500000,8.488333,293.385681
"2025-11-08 12:51:10.436 +0000",1762606270.436425,10.801532,106.665412,22.200000,5.000000,9.500000,8.179667,297.942535
"2025-11-08 12:51:11.464 +0000",1762606271.464461,10.801570,106.665349,22.200000,5.000000,9.500000,7.973889,297.942535
"2025-11-08 12:51:12.448 +0000",1762606272.447844,10.801606,106.665286,22.300000,5.000000,9.500000,7.768111,298.316833
"2025-11-08 12:51:13.452 +0000",1762606273.451670,10.801642,106.665226,22.300000,5.000000,9.500000,7.562333,298.316833
"2025-11-08 12:51:14.444 +0000",1762606274.443518,10.801660,106.665158,22.300000,5.000000,9.500000,7.253667,298.316833
"2025-11-08 12:51:15.459 +0000",1762606275.458967,10.801691,106.665101,22.300000,5.000000,9.500000,6.996444,298.316833
"2025-11-08 12:51:16.445 +0000",1762606276.444560,10.801744,106.665057,22.300000,5.000000,9.500000,6.996444,300.700000
"2025-11-08 12:51:17.446 +0000",1762606277.445750,10.801776,106.665001,22.300000,5.000000,9.500000,7.047889,300.600000
"2025-11-08 12:51:18.454 +0000",1762606278.454078,10.801810,106.664945,22.200000,5.000000,9.500000,7.150778,300.900000
"2025-11-08 12:51:19.444 +0000",1762606279.443785,10.801844,106.664888,22.100000,5.000000,9.500000,7.356556,301.100000
"2025-11-08 12:51:20.449 +0000",1762606280.449345,10.801877,106.664829,21.900000,5.000000,9.500000,7.510889,301.200000
"2025-11-08 12:51:21.458 +0000",1762606281.458170,10.801913,106.664769,21.700000,5.000000,9.500000,7.716667,301.100000
"2025-11-08 12:51:22.454 +0000",1762606282.453522,10.801949,106.664706,21.400000,5.000000,9.500000,7.973889,300.800000
"2025-11-08 12:51:23.437 +0000",1762606283.436547,10.801986,106.664642,21.100000,5.000000,9.500000,8.179667,300.500000
"2025-11-08 12:51:24.445 +0000",1762606284.445490,10.802023,106.664576,20.800000,5.000000,9.500000,8.334000,300.100000
"2025-11-08 12:51:25.453 +0000",1762606285.453330,10.802062,106.664508,20.600000,5.000000,9.500000,8.539778,299.400000
"2025-11-08 12:51:26.455 +0000",1762606286.455072,10.802100,106.664439,20.300000,5.000000,9.500000,8.694111,298.900000
"2025-11-08 12:51:27.463 +0000",1762606287.462591,10.802139,106.664368,20.000000,5.000000,9.500000,9.002778,298.400000
"2025-11-08 12:51:28.456 +0000",1762606288.456388,10.802179,106.664294,19.700000,5.000000,9.500000,9.311444,297.900000
"2025-11-08 12:51:29.000 +0000",1762606288.999520,10.802179,106.664294,19.700000,5.000000,9.500000,9.461132,302.357523
"2025-11-08 12:51:29.460 +0000",1762606289.459737,10.802220,106.664217,19.500000,5.000000,9.500000,9.568667,297.300000
"2025-11-08 12:51:30.460 +0000",1762606290.459679,10.802259,106.664138,19.100000,5.000000,9.500000,9.825889,296.700000
"2025-11-08 12:51:31.456 +0000",1762606291.455691,10.802300,106.664057,18.800000,5.000000,9.500000,9.877333,296.300000
"2025-11-08 12:51:32.445 +0000",1762606292.445245,10.802340,106.663975,18.500000,5.000000,9.500000,9.980222,295.900000
"2025-11-08 12:51:33.447 +0000",1762606293.446707,10.802378,106.663892,18.300000,5.000000,9.500000,9.877333,295.500000
"2025-11-08 12:51:34.436 +0000",1762606294.436127,10.802418,106.663812,18.200000,5.000000,9.500000,9.825889,296.000000
"2025-11-08 12:51:35.444 +0000",1762606295.443944,10.802457,106.663731,18.100000,5.000000,9.500000,9.723000,297.200000
"2025-11-08 12:51:36.456 +0000",1762606296.455885,10.802500,106.663653,18.100000,5.000000,9.500000,9.723000,300.300000
"2025-11-08 12:51:37.417 +0000",1762606297.416933,10.802547,106.663577,18.200000,10.000000,19.000000,9.825889,303.400000
"2025-11-08 12:51:38.390 +0000",1762606298.390057,10.802597,106.663503,18.300000,10.000000,19.000000,9.723000,305.900000
"2025-11-08 12:51:39.455 +0000",1762606299.454975,10.802651,106.663432,18.300000,10.000000,19.000000,9.825889,308.300000
"2025-11-08 12:51:40.439 +0000",1762606300.438607,10.802737,106.663383,18.500000,5.000000,9.500000,9.980222,306.358704
"2025-11-08 12:51:41.455 +0000",1762606301.455125,10.802792,106.663308,18.700000,5.000000,9.500000,10.186000,306.358704
"2025-11-08 12:51:42.444 +0000",1762606302.443717,10.802847,106.663232,18.900000,5.000000,9.500000,10.288889,306.358704
"2025-11-08 12:51:43.433 +0000",1762606303.433235,10.802895,106.663150,19.300000,5.000000,9.500000,10.186000,306.358704
"2025-11-08 12:51:44.450 +0000",1762606304.450339,10.802953,106.663081,19.500000,5.000000,9.500000,9.671556,306.358704
"2025-11-08 12:51:45.516 +0000",1762606305.516162,10.803008,106.663016,19.700000,5.000000,9.500000,8.951333,310.707123
"2025-11-08 12:51:46.470 +0000",1762606306.470107,10.803061,106.662954,20.300000,5.000000,9.500000,8.848444,310.707123
"2025-11-08 12:51:47.463 +0000",1762606307.463296,10.803113,106.662890,20.700000,5.000000,9.500000,9.002778,310.707123
"2025-11-08 12:51:48.457 +0000",1762606308.457280,10.803166,106.662824,21.200000,5.000000,9.500000,9.465778,310.707123
"2025-11-08 12:51:49.440 +0000",1762606309.440079,10.803222,106.662756,21.700000,5.000000,9.500000,9.723000,310.707123
"2025-11-08 12:51:50.452 +0000",1762606310.452162,10.803280,106.662686,22.100000,5.000000,9.500000,9.928778,310.716888
"2025-11-08 12:51:51.451 +0000",1762606311.451214,10.803337,106.662615,22.500000,5.000000,9.500000,9.877333,310.716888
"2025-11-08 12:51:51.999 +0000",1762606311.999209,10.803337,106.662615,22.500000,5.000000,9.500000,9.558179,310.716888
"2025-11-08 12:51:52.463 +0000",1762606312.463109,10.803393,106.662547,22.800000,5.000000,9.500000,9.362889,310.716888
"2025-11-08 12:51:53.457 +0000",1762606313.457250,10.803446,106.662483,23.000000,5.000000,9.500000,8.797000,310.716888
"2025-11-08 12:51:54.456 +0000",1762606314.455907,10.803494,106.662422,23.200000,5.000000,9.500000,8.076778,310.716888
"2025-11-08 12:51:55.456 +0000",1762606315.455888,10.803539,106.662368,23.500000,5.000000,9.500000,7.408000,310.716888
"2025-11-08 12:51:56.461 +0000",1762606316.460689,10.803581,106.662317,23.800000,5.000000,9.500000,6.945000,310.824493
"2025-11-08 12:51:57.461 +0000",1762606317.460853,10.803620,106.662269,24.000000,5.000000,9.500000,6.533444,310.824493
"2025-11-08 12:51:58.456 +0000",1762606318.455512,10.803671,106.662235,24.200000,5.000000,9.500000,6.327667,310.824493
"2025-11-08 12:51:59.457 +0000",1762606319.457484,10.803709,106.662190,24.500000,5.000000,9.500000,6.533444,310.628967
"2025-11-08 12:52:00.461 +0000",1762606320.461178,10.803749,106.662143,24.600000,5.000000,9.500000,6.739222,310.628967
"2025-11-08 12:52:01.476 +0000",1762606321.476313,10.803790,106.662095,24.700000,5.000000,9.500000,6.945000,310.628967
"2025-11-08 12:52:02.436 +0000",1762606322.435746,10.803831,106.662046,24.800000,5.000000,9.500000,6.996444,310.628967
"2025-11-08 12:52:03.462 +0000",1762606323.462244,10.803873,106.661997,24.900000,5.000000,9.500000,6.996444,310.628967
"2025-11-08 12:52:04.456 +0000",1762606324.455697,10.803912,106.661945,24.700000,5.000000,9.500000,6.842111,307.887054
"2025-11-08 12:52:05.453 +0000",1762606325.453481,10.803939,106.661888,24.600000,5.000000,9.500000,6.584889,307.887054
"2025-11-08 12:52:06.464 +0000",1762606326.463943,10.803980,106.661845,24.700000,5.000000,9.500000,6.430556,307.887054
"2025-11-08 12:52:07.456 +0000",1762606327.456224,10.804020,106.661805,24.600000,5.000000,9.500000,5.813222,307.887054
"2025-11-08 12:52:08.455 +0000",1762606328.454623,10.804055,106.661772,24.400000,5.000000,9.500000,4.732889,307.887054
"2025-11-08 12:52:09.456 +0000",1762606329.456489,10.804082,106.661744,24.300000,5.000000,9.500000,3.858333,307.887054
"2025-11-08 12:52:10.456 +0000",1762606330.455814,10.804105,106.661720,24.300000,5.000000,9.500000,3.395333,307.887054
"2025-11-08 12:52:11.454 +0000",1762606331.454234,10.804123,106.661699,24.200000,5.000000,9.500000,2.366444,307.887054
"2025-11-08 12:52:12.455 +0000",1762606332.455298,10.804133,106.661686,24.100000,5.000000,9.500000,1.183222,307.887054
"2025-11-08 12:52:13.454 +0000",1762606333.454159,10.804137,106.661680,24.100000,5.000000,9.500000,0.205778,307.887054
"2025-11-08 12:52:14.453 +0000",1762606334.453272,10.804137,106.661680,24.100000,5.000000,9.500000,0.000000,307.887054
"2025-11-08 12:52:15.441 +0000",1762606335.441003,10.804137,106.661680,24.100000,5.000000,9.500000,0.000000,307.887054
"2025-11-08 12:52:16.442 +0000",1762606336.441922,10.804137,106.661680,24.100000,5.000000,9.500000,0.000000,307.887054
"2025-11-08 12:52:17.448 +0000",1762606337.447913,10.804137,106.661680,24.100000,5.000000,9.500000,0.000000,307.887054
"2025-11-08 12:52:18.441 +0000",1762606338.441236,10.804137,106.661680,24.100000,5.000000,9.500000,0.000000,307.887054
"2025-11-08 12:52:19.447 +0000",1762606339.446697,10.804137,106.661680,24.100000,5.000000,9.500000,0.000000,307.887054
"2025-11-08 12:52:20.436 +0000",1762606340.435942,10.804137,106.661680,24.100000,5.000000,9.500000,0.000000,307.887054
"2025-11-08 12:52:21.437 +0000",1762606341.437307,10.804137,106.661680,24.100000,5.000000,9.500000,0.000000,307.887054
"2025-11-08 12:52:22.441 +0000",1762606342.441340,10.804137,106.661680,24.100000,5.000000,9.500000,0.000000,307.887054
"2025-11-08 12:52:23.434 +0000",1762606343.434386,10.804137,106.661680,24.100000,5.000000,9.500000,0.000000,307.887054
"2025-11-08 12:52:24.427 +0000",1762606344.427425,10.804139,106.661678,24.100000,5.000000,9.500000,0.514444,307.887054
"2025-11-08 12:52:25.434 +0000",1762606345.433748,10.804146,106.661669,24.100000,5.000000,9.500000,1.800556,307.887054
"2025-11-08 12:52:26.438 +0000",1762606346.437852,10.804159,106.661649,24.100000,5.000000,9.500000,3.343889,307.887054
"2025-11-08 12:52:27.439 +0000",1762606347.439140,10.804180,106.661619,24.200000,5.000000,9.500000,4.475667,307.887054
"2025-11-08 12:52:28.438 +0000",1762606348.438426,10.804205,106.661583,24.200000,5.000000,9.500000,5.041556,307.887054
"2025-11-08 12:52:28.999 +0000",1762606348.998698,10.804205,106.661583,24.200000,5.000000,9.500000,5.213045,307.887054
"2025-11-08 12:52:29.449 +0000",1762606349.448726,10.804232,106.661544,24.100000,5.000000,9.500000,5.144444,307.887054
"2025-11-08 12:52:30.443 +0000",1762606350.443332,10.804258,106.661504,24.000000,5.000000,9.500000,5.144444,305.644012
"2025-11-08 12:52:31.436 +0000",1762606351.435868,10.804285,106.661463,24.100000,5.000000,9.500000,5.658889,305.521240
"2025-11-08 12:52:32.445 +0000",1762606352.445429,10.804315,106.661418,24.100000,5.000000,9.500000,6.019000,305.521240
"2025-11-08 12:52:33.443 +0000",1762606353.443406,10.804346,106.661371,24.100000,5.000000,9.500000,6.173333,305.521240
"2025-11-08 12:52:34.440 +0000",1762606354.439665,10.804377,106.661325,24.000000,5.000000,9.500000,5.813222,305.521240
"2025-11-08 12:52:35.437 +0000",1762606355.436669,10.804404,106.661284,23.900000,5.000000,9.500000,5.093000,300.190948
"2025-11-08 12:52:36.443 +0000",1762606356.443076,10.804431,106.661247,24.000000,5.000000,9.500000,4.835778,300.190948
"2025-11-08 12:52:37.434 +0000",1762606357.433927,10.804458,106.661211,24.100000,5.000000,9.500000,5.144444,300.190948
"2025-11-08 12:52:38.440 +0000",1762606358.440224,10.804488,106.661168,24.300000,5.000000,9.500000,6.121889,300.190948
"2025-11-08 12:52:38.999 +0000",1762606358.998559,10.804488,106.661168,24.300000,5.000000,9.500000,6.746415,300.190948
"2025-11-08 12:52:39.441 +0000",1762606359.441219,10.804514,106.661113,24.300000,5.000000,9.500000,6.996444,300.190948
"2025-11-08 12:52:39.999 +0000",1762606359.998544,10.804514,106.661113,24.300000,5.000000,9.500000,7.747485,300.190948
"2025-11-08 12:52:40.453 +0000",1762606360.453111,10.804536,106.661049,24.400000,5.000000,9.500000,7.665222,300.190948
"2025-11-08 12:52:41.441 +0000",1762606361.440747,10.804560,106.660983,24.300000,5.000000,9.500000,7.613778,293.630035
"2025-11-08 12:52:42.450 +0000",1762606362.449801,10.804584,106.660918,24.200000,5.000000,9.500000,7.408000,293.630035
"2025-11-08 12:52:43.449 +0000",1762606363.448735,10.804609,106.660853,24.300000,5.000000,9.500000,7.613778,293.630035
"2025-11-08 12:52:44.440 +0000",1762606364.440428,10.804635,106.660786,24.300000,5.000000,9.500000,7.973889,293.630035
"2025-11-08 12:52:45.441 +0000",1762606365.440969,10.804661,106.660716,24.400000,5.000000,9.500000,8.231111,293.630035
"2025-11-08 12:52:46.468 +0000",1762606366.468334,10.804688,106.660644,24.400000,5.000000,9.500000,8.591222,293.630035
"2025-11-08 12:52:47.455 +0000",1762606367.455481,10.804731,106.660576,24.400000,5.000000,9.500000,8.642667,293.630035
"2025-11-08 12:52:48.449 +0000",1762606368.449024,10.804762,106.660505,24.300000,5.000000,9.500000,8.385444,293.639130
"2025-11-08 12:52:49.457 +0000",1762606369.457288,10.804792,106.660434,24.400000,5.000000,9.500000,8.282556,293.639130
"2025-11-08 12:52:50.444 +0000",1762606370.444024,10.804822,106.660364,24.400000,5.000000,9.500000,8.385444,293.639130
"2025-11-08 12:52:51.446 +0000",1762606371.446030,10.804854,106.660293,24.600000,5.000000,9.500000,8.642667,293.639130
"2025-11-08 12:52:52.452 +0000",1762606372.452099,10.804885,106.660219,24.600000,5.000000,9.500000,8.899889,293.639130
"2025-11-08 12:52:53.453 +0000",1762606373.452520,10.804916,106.660138,24.700000,5.000000,9.500000,9.054222,289.382538
"2025-11-08 12:52:54.449 +0000",1762606374.448924,10.804944,106.660058,24.800000,5.000000,9.500000,9.311444,289.382538
"2025-11-08 12:52:55.453 +0000",1762606375.452804,10.804973,106.659975,24.900000,5.000000,9.500000,9.877333,289.528809
"2025-11-08 12:52:56.456 +0000",1762606376.455786,10.805003,106.659888,24.900000,5.000000,9.500000,10.134556,289.528809
"2025-11-08 12:52:57.454 +0000",1762606377.453825,10.805034,106.659799,24.800000,5.000000,9.500000,10.288889,289.528809
"2025-11-08 12:52:58.441 +0000",1762606378.440772,10.805066,106.659710,24.900000,5.000000,9.500000,10.443222,289.528809
"2025-11-08 12:52:59.452 +0000",1762606379.451610,10.805094,106.659614,24.800000,5.000000,9.500000,10.751889,287.521759
"2025-11-08 12:52:59.998 +0000",1762606379.998268,10.805094,106.659614,24.800000,5.000000,9.500000,10.983318,287.521759
"2025-11-08 12:53:00.461 +0000",1762606380.460717,10.805124,106.659519,24.900000,5.000000,9.500000,10.854778,287.521759
"2025-11-08 12:53:01.000 +0000",1762606380.999723,10.805124,106.659519,24.900000,5.000000,9.500000,11.141040,287.521759
"2025-11-08 12:53:01.454 +0000",1762606381.453811,10.805101,106.659406,24.800000,5.000000,9.500000,11.009111,288.000000
"2025-11-08 12:53:02.459 +0000",1762606382.458604,10.805131,106.659308,24.700000,5.000000,9.500000,11.112000,287.800000
"2025-11-08 12:53:03.454 +0000",1762606383.453810,10.805162,106.659211,24.600000,5.000000,9.500000,11.214889,287.000000
"2025-11-08 12:53:04.469 +0000",1762606384.469174,10.805247,106.659126,24.700000,5.000000,9.500000,11.420667,285.820129
"2025-11-08 12:53:05.464 +0000",1762606385.463530,10.805275,106.659024,24.800000,5.000000,9.500000,11.575000,285.820129
"2025-11-08 12:53:06.469 +0000",1762606386.469087,10.805302,106.658918,24.800000,5.000000,9.500000,11.729333,283.639832
"2025-11-08 12:53:07.450 +0000",1762606387.450066,10.805327,106.658812,24.800000,5.000000,9.500000,11.883667,283.639832
"2025-11-08 12:53:08.476 +0000",1762606388.476066,10.805353,106.658706,24.700000,5.000000,9.500000,12.038000,283.639832
"2025-11-08 12:53:09.462 +0000",1762606389.462271,10.805380,106.658591,24.600000,8.551488,9.500000,12.192333,278.173645
"2025-11-08 12:53:10.462 +0000",1762606390.462144,10.805395,106.658480,24.600000,8.368185,9.500000,12.243778,278.173645
"2025-11-08 12:53:11.456 +0000",1762606391.455870,10.805411,106.658369,24.500000,8.442133,9.500000,12.243778,278.173645
"2025-11-08 12:53:12.465 +0000",1762606392.465119,10.805427,106.658258,24.200000,8.735126,9.500000,12.038000,278.173645
"2025-11-08 12:53:13.466 +0000",1762606393.465735,10.805442,106.658151,24.000000,9.088740,9.500000,11.626444,278.307007
"2025-11-08 12:53:14.461 +0000",1762606394.460624,10.805457,106.658046,23.900000,9.476269,9.500000,11.472111,278.307007
"2025-11-08 12:53:15.461 +0000",1762606395.461358,10.805472,106.657943,23.900000,9.775920,9.500000,11.266333,278.307007
"2025-11-08 12:53:16.452 +0000",1762606396.452391,10.805487,106.657842,23.800000,9.998552,9.500000,10.957667,278.307007
"2025-11-08 12:53:17.463 +0000",1762606397.462692,10.805501,106.657744,23.700000,10.067349,9.500000,10.494667,278.307007
"2025-11-08 12:53:18.461 +0000",1762606398.461077,10.805514,106.657649,23.700000,10.001056,9.500000,10.237444,278.172302
"2025-11-08 12:53:19.462 +0000",1762606399.461538,10.805527,106.657558,23.700000,9.789287,9.500000,9.980222,278.172302
"2025-11-08 12:53:20.452 +0000",1762606400.451530,10.805540,106.657467,23.800000,9.394308,9.500000,9.825889,278.172302
"2025-11-08 12:53:21.467 +0000",1762606401.467220,10.805553,106.657377,23.900000,9.084133,9.500000,10.031667,278.172302
"2025-11-08 12:53:22.461 +0000",1762606402.460878,10.805566,106.657285,23.900000,8.724520,9.500000,10.288889,278.172302
"2025-11-08 12:53:23.461 +0000",1762606403.461061,10.805580,106.657190,23.900000,8.446756,9.500000,10.546111,278.172302
"2025-11-08 12:53:24.456 +0000",1762606404.456355,10.805593,106.657093,24.000000,8.163312,9.500000,10.751889,278.172302
"2025-11-08 12:53:25.469 +0000",1762606405.469322,10.805622,106.657008,23.900000,9.397754,9.500000,10.597556,285.140015
"2025-11-08 12:53:26.475 +0000",1762606406.474629,10.805646,106.656916,23.800000,9.649349,9.500000,10.186000,285.140015
"2025-11-08 12:53:27.460 +0000",1762606407.460148,10.805670,106.656828,23.800000,9.490702,9.500000,9.774444,285.140015
"2025-11-08 12:53:28.461 +0000",1762606408.460639,10.805693,106.656743,23.700000,9.203405,9.500000,9.414333,285.140015
"2025-11-08 12:53:29.451 +0000",1762606409.451355,10.805715,106.656661,23.600000,8.858508,9.500000,9.002778,285.140015
"2025-11-08 12:53:30.452 +0000",1762606410.451809,10.805735,106.656584,23.500000,8.503145,9.500000,8.334000,285.140015
"2025-11-08 12:53:31.449 +0000",1762606411.449101,10.805754,106.656513,23.400000,8.117322,9.500000,7.665222,285.140015
"2025-11-08 12:53:32.452 +0000",1762606412.452226,10.805772,106.656447,23.400000,5.000000,9.500000,7.202222,285.140015
"2025-11-08 12:53:33.426 +0000",1762606413.426269,10.805788,106.656385,23.400000,5.000000,9.500000,6.739222,285.140015
"2025-11-08 12:53:34.000 +0000",1762606413.999535,10.805788,106.656385,23.400000,5.000000,9.500000,6.553725,285.140015
"2025-11-08 12:53:34.455 +0000",1762606414.455099,10.805804,106.656326,23.400000,5.000000,9.500000,6.533444,285.140015
"2025-11-08 12:53:35.465 +0000",1762606415.465040,10.805823,106.656271,23.400000,5.000000,9.500000,6.636333,287.192780
"2025-11-08 12:53:36.452 +0000",1762606416.452414,10.805841,106.656213,23.400000,5.000000,9.500000,6.739222,287.534668
"2025-11-08 12:53:36.999 +0000",1762606416.999497,10.805841,106.656213,23.400000,5.000000,9.500000,7.128729,287.534668
"2025-11-08 12:53:37.450 +0000",1762606417.449951,10.805861,106.656151,23.500000,5.000000,9.500000,7.150778,287.534668
"2025-11-08 12:53:38.440 +0000",1762606418.439922,10.805880,106.656088,23.500000,5.000000,9.500000,7.305111,287.534668
"2025-11-08 12:53:39.451 +0000",1762606419.451338,10.805901,106.656023,23.500000,5.000000,9.500000,7.356556,287.534668
"2025-11-08 12:53:40.450 +0000",1762606420.449800,10.805921,106.655959,23.500000,5.000000,9.500000,7.047889,287.534668
"2025-11-08 12:53:41.435 +0000",1762606421.435169,10.805939,106.655899,23.400000,5.000000,9.500000,6.790667,287.534668
"2025-11-08 12:53:42.430 +0000",1762606422.430061,10.805957,106.655841,23.400000,5.000000,9.500000,6.482000,287.333649
"2025-11-08 12:53:42.999 +0000",1762606422.999420,10.805957,106.655841,23.400000,5.000000,9.500000,6.321618,287.333649
"2025-11-08 12:53:43.431 +0000",1762606423.431356,10.805975,106.655785,23.400000,5.000000,9.500000,6.276222,287.333649
"2025-11-08 12:53:44.431 +0000",1762606424.431492,10.805992,106.655730,23.300000,5.000000,9.500000,6.173333,287.333649
"2025-11-08 12:53:45.433 +0000",1762606425.432742,10.806009,106.655674,23.400000,5.000000,9.500000,6.379111,287.333649
"2025-11-08 12:53:46.441 +0000",1762606426.440663,10.806027,106.655615,23.400000,5.000000,9.500000,6.893556,287.333649
"2025-11-08 12:53:47.447 +0000",1762606427.446523,10.806047,106.655552,23.500000,5.000000,9.500000,7.510889,287.333649
"2025-11-08 12:53:48.445 +0000",1762606428.445195,10.806068,106.655483,23.500000,5.000000,9.500000,8.128222,287.333649
"2025-11-08 12:53:49.447 +0000",1762606429.447040,10.806087,106.655406,23.600000,5.000000,9.500000,8.591222,284.592834
"2025-11-08 12:53:50.450 +0000",1762606430.450194,10.806107,106.655329,23.600000,5.000000,9.500000,9.157111,286.118713
"2025-11-08 12:53:51.451 +0000",1762606431.450816,10.806139,106.655254,23.700000,5.000000,9.500000,9.620111,286.118713
"2025-11-08 12:53:52.455 +0000",1762606432.454936,10.806164,106.655182,23.800000,5.000000,9.500000,10.186000,324.000000
"2025-11-08 12:53:53.442 +0000",1762606433.442018,10.806289,106.655146,24.000000,5.000000,9.500000,10.649000,337.300000
"2025-11-08 12:53:54.454 +0000",1762606434.454182,10.806383,106.655118,24.100000,5.000000,9.500000,10.906222,349.800000
"2025-11-08 12:53:55.445 +0000",1762606435.444690,10.806480,106.655109,24.000000,5.000000,9.500000,10.443222,358.800000
"2025-11-08 12:53:56.451 +0000",1762606436.451496,10.806573,106.655112,23.700000,5.000000,9.500000,9.877333,3.000000
"2025-11-08 12:53:57.452 +0000",1762606437.451625,10.806663,106.655118,23.800000,5.000000,9.500000,10.031667,4.200000
"2025-11-08 12:53:58.455 +0000",1762606438.454806,10.806757,106.655125,24.300000,5.000000,9.500000,10.546111,4.600000
"2025-11-08 12:53:59.451 +0000",1762606439.450807,10.806855,106.655133,24.700000,5.000000,9.500000,11.214889,5.000000
"2025-11-08 12:54:00.454 +0000",1762606440.453714,10.806959,106.655143,25.000000,5.000000,9.500000,11.677889,5.500000
"2025-11-08 12:54:01.452 +0000",1762606441.451708,10.807068,106.655152,25.500000,5.000000,9.500000,12.140889,5.100000
"2025-11-08 12:54:02.445 +0000",1762606442.444883,10.807179,106.655162,26.000000,5.000000,9.500000,12.501000,5.000000
"2025-11-08 12:54:03.438 +0000",1762606443.437769,10.807294,106.655172,26.500000,5.000000,9.500000,12.655333,5.000000
"2025-11-08 12:54:04.449 +0000",1762606444.448888,10.807408,106.655182,26.900000,5.000000,9.500000,12.449556,4.700000
"2025-11-08 12:54:05.450 +0000",1762606445.449859,10.807518,106.655192,27.100000,5.000000,9.500000,11.935111,5.000000
"2025-11-08 12:54:06.467 +0000",1762606446.467329,10.807624,106.655202,27.600000,5.000000,9.500000,11.472111,5.400000
"2025-11-08 12:54:07.482 +0000",1762606447.482230,10.807728,106.655212,28.200000,5.000000,9.500000,11.575000,5.600000
"2025-11-08 12:54:08.455 +0000",1762606448.454572,10.807832,106.655223,28.800000,5.000000,9.500000,11.626444,5.500000
"2025-11-08 12:54:09.454 +0000",1762606449.453742,10.807936,106.655232,29.400000,5.000000,9.500000,11.266333,4.800000
"2025-11-08 12:54:10.451 +0000",1762606450.451367,10.808035,106.655240,29.700000,5.000000,9.500000,10.751889,3.500000
"2025-11-08 12:54:11.451 +0000",1762606451.450511,10.808131,106.655242,30.300000,5.000000,9.500000,10.494667,358.800000
"2025-11-08 12:54:12.456 +0000",1762606452.455767,10.808225,106.655235,30.800000,5.000000,9.500000,10.340333,351.400000
"2025-11-08 12:54:13.460 +0000",1762606453.460493,10.808316,106.655215,31.100000,5.000000,9.500000,10.134556,343.400000
"2025-11-08 12:54:14.482 +0000",1762606454.481807,10.808400,106.655182,31.500000,5.000000,9.500000,9.774444,334.700000
"2025-11-08 12:54:15.468 +0000",1762606455.468116,10.808477,106.655138,32.100000,5.000000,9.500000,9.825889,326.100000
"2025-11-08 12:54:16.453 +0000",1762606456.453426,10.808548,106.655083,32.600000,5.000000,9.500000,9.928778,318.400000
"2025-11-08 12:54:17.462 +0000",1762606457.461697,10.808611,106.655016,33.100000,5.000000,9.500000,10.083111,309.500000
"2025-11-08 12:54:18.469 +0000",1762606458.469271,10.808693,106.654963,33.600000,5.000000,9.500000,10.546111,310.046539
"2025-11-08 12:54:19.485 +0000",1762606459.484816,10.808760,106.654881,34.000000,5.000000,9.500000,10.957667,300.665253
"2025-11-08 12:54:20.496 +0000",1762606460.496051,10.808815,106.654782,34.200000,9.828814,9.500000,11.523556,291.545685
"2025-11-08 12:54:21.466 +0000",1762606461.466221,10.808853,106.654659,34.300000,11.847827,9.500000,12.243778,279.755554
"2025-11-08 12:54:22.450 +0000",1762606462.450027,10.808869,106.654535,34.300000,12.171644,9.500000,12.809667,275.171478
"2025-11-08 12:54:23.459 +0000",1762606463.459353,10.808879,106.654416,34.200000,12.227308,9.500000,13.066889,275.171478
"2025-11-08 12:54:24.458 +0000",1762606464.458100,10.808890,106.654296,34.100000,12.295046,9.500000,13.118333,275.171478
"2025-11-08 12:54:25.449 +0000",1762606465.448677,10.808901,106.654176,34.100000,12.150721,9.500000,13.118333,275.171478
"2025-11-08 12:54:26.457 +0000",1762606466.457318,10.808911,106.654055,34.100000,11.967838,9.500000,13.118333,275.171478
"2025-11-08 12:54:27.453 +0000",1762606467.452825,10.808921,106.653933,34.100000,11.555365,9.500000,13.118333,273.959961
"2025-11-08 12:54:28.459 +0000",1762606468.458563,10.808929,106.653813,34.000000,11.094583,9.500000,13.118333,273.959961
"2025-11-08 12:54:29.457 +0000",1762606469.456763,10.808937,106.653693,33.900000,10.614489,9.500000,13.066889,273.959961
"2025-11-08 12:54:30.454 +0000",1762606470.454196,10.808945,106.653573,33.900000,10.105970,9.500000,13.066889,273.921936
"2025-11-08 12:54:31.453 +0000",1762606471.452513,10.808954,106.653454,33.800000,9.711966,9.500000,12.964000,273.921936
"2025-11-08 12:54:32.454 +0000",1762606472.453892,10.808962,106.653334,33.800000,9.316653,9.500000,13.066889,273.921936
"2025-11-08 12:54:33.451 +0000",1762606473.450854,10.808970,106.653214,33.700000,9.077145,9.500000,13.066889,273.921936
"2025-11-08 12:54:34.454 +0000",1762606474.453586,10.808978,106.653095,33.600000,8.972821,9.500000,13.015444,273.921936
"2025-11-08 12:54:34.999 +0000",1762606474.998726,10.808978,106.653095,33.600000,8.972821,9.500000,13.096020,273.921936
"2025-11-08 12:54:35.456 +0000",1762606475.456218,10.808986,106.652975,33.600000,9.082238,9.500000,13.066889,273.921936
"2025-11-08 12:54:36.457 +0000",1762606476.457219,10.808994,106.652856,33.500000,9.340013,9.500000,13.015444,273.789612
"2025-11-08 12:54:37.453 +0000",1762606477.452811,10.809002,106.652736,33.500000,9.727944,9.500000,13.015444,273.789612
"2025-11-08 12:54:38.436 +0000",1762606478.435700,10.809010,106.652617,33.400000,10.061979,9.500000,13.066889,273.926178
"2025-11-08 12:54:38.999 +0000",1762606478.998671,10.809010,106.652617,33.400000,10.061979,9.500000,13.105156,273.926178
"2025-11-08 12:54:39.455 +0000",1762606479.454571,10.809018,106.652497,33.400000,10.442786,9.500000,13.015444,273.926178
"2025-11-08 12:54:40.452 +0000",1762606480.451518,10.809026,106.652378,33.400000,10.844216,9.500000,13.066889,273.926178
"2025-11-08 12:54:41.463 +0000",1762606481.463083,10.809034,106.652258,33.300000,11.205711,9.500000,13.066889,273.926178
"2025-11-08 12:54:42.469 +0000",1762606482.468584,10.809042,106.652138,33.300000,11.392676,9.500000,13.015444,273.829529
"2025-11-08 12:54:42.999 +0000",1762606482.998617,10.809042,106.652138,33.300000,11.392676,9.500000,13.084742,273.829529
"2025-11-08 12:54:43.474 +0000",1762606483.474096,10.809050,106.652019,33.300000,11.615094,9.500000,13.066889,273.829529
"2025-11-08 12:54:44.464 +0000",1762606484.463934,10.809058,106.651899,33.300000,11.798883,9.500000,13.066889,273.829529
"2025-11-08 12:54:45.461 +0000",1762606485.460612,10.809066,106.651780,33.300000,12.119149,9.500000,13.066889,273.829529
"2025-11-08 12:54:46.457 +0000",1762606486.457332,10.809068,106.651654,33.200000,11.780779,9.500000,13.066889,270.865906
"2025-11-08 12:54:47.446 +0000",1762606487.446009,10.809070,106.651535,33.200000,11.465555,9.500000,13.015444,270.865906
"2025-11-08 12:54:48.457 +0000",1762606488.457260,10.809072,106.651415,33.200000,11.207818,9.500000,12.964000,270.865906
"2025-11-08 12:54:49.448 +0000",1762606489.447923,10.809073,106.651296,33.200000,11.008146,9.500000,13.066889,270.865906
"2025-11-08 12:54:50.458 +0000",1762606490.458452,10.809075,106.651176,33.200000,10.887052,9.500000,13.066889,270.865906
"2025-11-08 12:54:51.452 +0000",1762606491.451612,10.809082,106.651062,33.200000,11.216715,9.500000,13.066889,274.110168
"2025-11-08 12:54:52.455 +0000",1762606492.455048,10.809091,106.650942,33.200000,11.489948,9.500000,13.066889,274.110168
"2025-11-08 12:54:53.471 +0000",1762606493.471278,10.809099,106.650823,33.200000,11.469453,9.500000,13.066889,274.110168
"2025-11-08 12:54:54.454 +0000",1762606494.453590,10.809108,106.650703,33.300000,11.100050,9.500000,13.015444,274.110168
"2025-11-08 12:54:55.455 +0000",1762606495.454725,10.809121,106.650591,33.300000,11.001412,9.500000,13.066889,278.200714
"2025-11-08 12:54:56.451 +0000",1762606496.451161,10.809138,106.650472,33.300000,10.832045,9.500000,13.015444,278.200714
"2025-11-08 12:54:57.442 +0000",1762606497.441930,10.809155,106.650354,33.300000,10.391717,9.500000,13.015444,278.200714
"2025-11-08 12:54:57.998 +0000",1762606497.998415,10.809155,106.650354,33.300000,10.391717,9.500000,13.064329,278.200714
"2025-11-08 12:54:58.446 +0000",1762606498.445821,10.809172,106.650236,33.200000,9.551822,9.500000,13.015444,278.200714
"2025-11-08 12:54:59.441 +0000",1762606499.440520,10.809196,106.650126,33.300000,9.418858,9.500000,13.066889,283.575195
"2025-11-08 12:55:00.431 +0000",1762606500.431016,10.809224,106.650010,33.300000,9.299021,9.500000,13.015444,283.575195
"2025-11-08 12:55:01.449 +0000",1762606501.448889,10.809252,106.649893,33.300000,9.216817,9.500000,13.015444,283.575195
"2025-11-08 12:55:02.437 +0000",1762606502.437311,10.809280,106.649777,33.200000,9.289638,9.500000,12.964000,283.575195
"2025-11-08 12:55:03.438 +0000",1762606503.438391,10.809308,106.649660,33.300000,9.484341,9.500000,13.015444,283.575195
"2025-11-08 12:55:04.431 +0000",1762606504.431339,10.809337,106.649535,33.300000,10.016716,9.500000,13.015444,277.800873
"2025-11-08 12:55:05.441 +0000",1762606505.440608,10.809353,106.649417,33.300000,9.496871,9.500000,13.066889,277.800873
"2025-11-08 12:55:06.431 +0000",1762606506.431415,10.809369,106.649298,33.300000,9.212359,9.500000,13.066889,277.800873
"2025-11-08 12:55:07.437 +0000",1762606507.436760,10.809385,106.649179,33.300000,9.395917,9.500000,13.066889,277.800873
"2025-11-08 12:55:08.432 +0000",1762606508.432015,10.809401,106.649061,33.200000,9.798228,9.500000,13.118333,277.800873
"2025-11-08 12:55:09.451 +0000",1762606509.451279,10.809417,106.648942,33.100000,10.296430,9.500000,13.066889,277.800873
"2025-11-08 12:55:10.447 +0000",1762606510.447016,10.809429,106.648818,33.100000,10.281377,9.500000,13.015444,274.876099
"2025-11-08 12:55:11.450 +0000",1762606511.450068,10.809439,106.648699,33.000000,10.152235,9.500000,13.066889,274.876099
"2025-11-08 12:55:12.447 +0000",1762606512.446772,10.809449,106.648579,33.000000,10.040753,9.500000,12.964000,274.876099
"2025-11-08 12:55:13.433 +0000",1762606513.433244,10.809459,106.648460,33.000000,9.953439,9.500000,13.015444,274.876099
"2025-11-08 12:55:14.447 +0000",1762606514.446985,10.809469,106.648338,32.900000,9.838160,9.500000,13.066889,273.495544
"2025-11-08 12:55:15.450 +0000",1762606515.449873,10.809476,106.648219,32.800000,9.592793,9.500000,13.066889,273.495544
"2025-11-08 12:55:16.450 +0000",1762606516.449646,10.809484,106.648099,32.800000,9.524448,9.500000,13.118333,273.484833
"2025-11-08 12:55:17.433 +0000",1762606517.432876,10.809491,106.647978,32.700000,9.499509,9.500000,13.272667,273.484833
"2025-11-08 12:55:18.449 +0000",1762606518.448753,10.809498,106.647855,32.100000,9.562325,9.500000,13.427000,273.484833
"2025-11-08 12:55:19.449 +0000",1762606519.448994,10.809506,106.647732,31.600000,9.477549,9.500000,13.478444,273.484833
"2025-11-08 12:55:20.448 +0000",1762606520.447693,10.809513,106.647608,31.100000,9.258684,9.500000,13.478444,273.484833
"2025-11-08 12:55:21.441 +0000",1762606521.441201,10.809521,106.647486,30.500000,9.015270,9.500000,13.529889,274.912109
"2025-11-08 12:55:22.450 +0000",1762606522.449847,10.809532,106.647362,29.900000,8.998511,9.500000,13.529889,274.912109
"2025-11-08 12:55:23.459 +0000",1762606523.459249,10.809542,106.647238,29.400000,8.846749,9.500000,13.529889,274.912109
"2025-11-08 12:55:24.441 +0000",1762606524.441317,10.809553,106.647114,28.900000,8.733559,9.500000,13.581333,274.912109
"2025-11-08 12:55:25.434 +0000",1762606525.434148,10.809563,106.646990,28.400000,8.507929,9.500000,13.581333,274.912109
"2025-11-08 12:55:26.450 +0000",1762606526.450478,10.809574,106.646865,27.900000,8.322510,9.500000,13.632778,274.912109
"2025-11-08 12:55:27.453 +0000",1762606527.452681,10.809584,106.646741,27.300000,8.059946,9.500000,13.581333,274.912109
"2025-11-08 12:55:28.455 +0000",1762606528.454788,10.809595,106.646616,26.700000,5.000000,9.500000,13.684222,274.912109
"2025-11-08 12:55:29.000 +0000",1762606528.999670,10.809595,106.646616,26.700000,5.000000,9.500000,13.734283,274.912109
"2025-11-08 12:55:29.455 +0000",1762606529.455373,10.809606,106.646491,26.200000,5.000000,9.500000,13.684222,274.912109
"2025-11-08 12:55:30.450 +0000",1762606530.449756,10.809616,106.646365,25.700000,5.000000,9.500000,13.632778,274.912109
"2025-11-08 12:55:31.442 +0000",1762606531.441739,10.809627,106.646241,25.200000,5.000000,9.500000,13.632778,274.912109
"2025-11-08 12:55:32.435 +0000",1762606532.435410,10.809637,106.646117,24.700000,5.000000,9.500000,13.427000,274.912109
"2025-11-08 12:55:33.466 +0000",1762606533.465663,10.809648,106.645998,24.400000,5.000000,9.500000,13.169778,277.401154
"2025-11-08 12:55:34.456 +0000",1762606534.456170,10.809663,106.645879,24.100000,5.000000,9.500000,12.912556,277.401154
"2025-11-08 12:55:35.457 +0000",1762606535.456668,10.809678,106.645762,24.100000,5.000000,9.500000,12.706778,277.401154
"2025-11-08 12:55:36.451 +0000",1762606536.450562,10.809694,106.645650,24.100000,5.000000,9.500000,12.706778,279.964478
"2025-11-08 12:55:37.000 +0000",1762606536.999583,10.809694,106.645650,24.100000,5.000000,9.500000,12.950735,279.964478
"2025-11-08 12:55:37.462 +0000",1762606537.462180,10.809714,106.645534,24.300000,8.859999,9.500000,12.912556,279.964478
"2025-11-08 12:55:38.464 +0000",1762606538.463751,10.809735,106.645418,24.300000,9.942937,9.500000,12.861111,279.964478
"2025-11-08 12:55:39.451 +0000",1762606539.451049,10.809755,106.645302,24.300000,11.321789,9.500000,12.912556,279.964478
"2025-11-08 12:55:40.455 +0000",1762606540.454563,10.809775,106.645186,24.200000,13.298289,9.500000,12.964000,279.964478
"2025-11-08 12:55:41.466 +0000",1762606541.466106,10.809796,106.645054,24.200000,15.975344,9.500000,12.964000,272.609619
"2025-11-08 12:55:42.454 +0000",1762606542.453588,10.809801,106.644937,24.200000,18.057939,9.500000,12.809667,272.589661
"2025-11-08 12:55:43.433 +0000",1762606543.432725,10.809785,106.644779,24.200000,19.309481,9.500000,12.706778,257.611450
"2025-11-08 12:55:44.441 +0000",1762606544.440743,10.809742,106.644642,24.100000,19.067514,9.500000,12.655333,248.334549
"2025-11-08 12:55:45.434 +0000",1762606545.434189,10.809697,106.644531,24.200000,18.630794,9.500000,12.603889,246.788223
"2025-11-08 12:55:46.454 +0000",1762606546.454413,10.809652,106.644424,24.200000,18.218753,9.500000,12.758222,246.788223
"2025-11-08 12:55:47.439 +0000",1762606547.438867,10.809606,106.644316,24.300000,17.878446,9.500000,12.912556,246.788223
"2025-11-08 12:55:48.437 +0000",1762606548.436727,10.809560,106.644207,24.300000,17.509909,9.500000,12.964000,246.881897
"2025-11-08 12:55:49.450 +0000",1762606549.449580,10.809514,106.644098,24.300000,17.080952,9.500000,12.964000,246.881897
"2025-11-08 12:55:50.450 +0000",1762606550.449705,10.809468,106.643988,24.300000,16.827249,9.500000,13.066889,246.881897
"2025-11-08 12:55:51.450 +0000",1762606551.450371,10.809421,106.643878,24.200000,16.763827,9.500000,13.015444,246.881897
"2025-11-08 12:55:52.440 +0000",1762606552.439775,10.809375,106.643768,24.100000,16.875659,9.500000,13.015444,246.881897
"2025-11-08 12:55:53.449 +0000",1762606553.449207,10.809328,106.643658,24.100000,17.020322,9.500000,13.066889,246.881897
"2025-11-08 12:55:54.446 +0000",1762606554.445521,10.809282,106.643548,24.000000,17.106837,9.500000,13.066889,246.881897
"2025-11-08 12:55:55.452 +0000",1762606555.451794,10.809236,106.643438,23.900000,17.157746,9.500000,13.066889,246.881897
"2025-11-08 12:55:56.445 +0000",1762606556.445265,10.809194,106.643331,23.800000,17.480657,9.500000,12.964000,248.525589
"2025-11-08 12:55:57.450 +0000",1762606557.450149,10.809150,106.643219,23.800000,17.621423,9.500000,13.015444,248.315811
"2025-11-08 12:55:58.453 +0000",1762606558.452758,10.809106,106.643108,23.900000,17.531584,9.500000,13.066889,248.315811
"2025-11-08 12:55:59.452 +0000",1762606559.452061,10.809062,106.642997,23.800000,17.233584,9.500000,13.066889,248.315811
"2025-11-08 12:56:00.454 +0000",1762606560.453544,10.809019,106.642885,23.800000,16.892539,9.500000,13.015444,248.315811
"2025-11-08 12:56:01.456 +0000",1762606561.455801,10.808975,106.642774,23.700000,16.687703,9.500000,12.964000,248.315811
"2025-11-08 12:56:02.456 +0000",1762606562.455735,10.808932,106.642665,23.700000,16.531746,9.500000,12.603889,248.315811
"2025-11-08 12:56:03.459 +0000",1762606563.458545,10.808890,106.642559,23.700000,16.402217,9.500000,12.295222,248.315811
"2025-11-08 12:56:04.458 +0000",1762606564.457577,10.808850,106.642456,23.600000,16.266984,9.500000,11.883667,248.315811
"2025-11-08 12:56:05.450 +0000",1762606565.449883,10.808810,106.642356,23.600000,16.176167,9.500000,11.575000,248.315811
"2025-11-08 12:56:06.465 +0000",1762606566.465189,10.808772,106.642258,23.600000,16.061660,9.500000,11.266333,248.315811
"2025-11-08 12:56:07.457 +0000",1762606567.456610,10.808736,106.642165,23.500000,15.931528,9.500000,11.369222,249.908463
"2025-11-08 12:56:08.456 +0000",1762606568.455890,10.808700,106.642065,23.700000,16.116818,9.500000,11.677889,249.908463
"2025-11-08 12:56:09.448 +0000",1762606569.448020,10.808663,106.641965,23.600000,16.293165,9.500000,11.626444,249.925598
"2025-11-08 12:56:10.457 +0000",1762606570.456626,10.808628,106.641866,23.400000,16.478577,9.500000,11.266333,249.925598
"2025-11-08 12:56:11.452 +0000",1762606571.452066,10.808593,106.641770,23.300000,16.608560,9.500000,10.854778,249.874405
"2025-11-08 12:56:12.456 +0000",1762606572.455697,10.808560,106.641678,23.200000,16.755774,9.500000,10.443222,249.874405
"2025-11-08 12:56:13.447 +0000",1762606573.447323,10.808528,106.641590,23.100000,16.877691,9.500000,10.083111,249.874405
"2025-11-08 12:56:14.442 +0000",1762606574.441858,10.808497,106.641505,23.000000,17.004385,9.500000,9.414333,249.726120
"2025-11-08 12:56:15.437 +0000",1762606575.436823,10.808469,106.641428,22.900000,17.143230,9.500000,8.539778,249.897049
"2025-11-08 12:56:16.435 +0000",1762606576.435373,10.808443,106.641357,22.700000,17.348610,9.500000,7.871000,249.897049
"2025-11-08 12:56:17.438 +0000",1762606577.437857,10.808419,106.641292,22.600000,17.496831,9.500000,7.305111,249.897049
"2025-11-08 12:56:18.436 +0000",1762606578.436098,10.808397,106.641231,22.400000,17.601048,9.500000,6.739222,249.897049
"2025-11-08 12:56:19.439 +0000",1762606579.439274,10.808377,106.641174,22.400000,17.647287,9.500000,6.327667,249.641479
"2025-11-08 12:56:20.429 +0000",1762606580.429154,10.808358,106.641123,22.300000,17.670390,9.500000,5.607444,249.641479
"2025-11-08 12:56:21.442 +0000",1762606581.441570,10.808341,106.641078,22.100000,17.664604,9.500000,4.887222,249.641479
"2025-11-08 12:56:22.428 +0000",1762606582.428175,10.808326,106.641036,22.100000,17.658280,9.500000,4.732889,249.641479
"2025-11-08 12:56:23.438 +0000",1762606583.437589,10.808312,106.640998,22.100000,17.724011,9.500000,4.321333,249.641479
"2025-11-08 12:56:24.449 +0000",1762606584.449206,10.808299,106.640963,22.000000,17.778298,9.500000,4.115556,249.931122
"2025-11-08 12:56:25.444 +0000",1762606585.443801,10.808287,106.640928,22.000000,17.850242,9.500000,3.909778,249.931122
"2025-11-08 12:56:26.440 +0000",1762606586.440074,10.808275,106.640895,21.900000,17.963107,9.500000,3.755444,249.931122
"2025-11-08 12:56:27.459 +0000",1762606587.458868,10.808263,106.640862,21.900000,18.008293,9.500000,4.064111,249.931122
"2025-11-08 12:56:28.451 +0000",1762606588.450651,10.808249,106.640824,21.900000,18.081217,9.500000,4.681444,249.931122
"2025-11-08 12:56:29.448 +0000",1762606589.448020,10.808233,106.640781,21.900000,18.125814,9.500000,5.247333,249.931122
"2025-11-08 12:56:30.434 +0000",1762606590.433781,10.808216,106.640734,21.900000,18.161955,9.500000,5.401667,249.767670
"2025-11-08 12:56:31.431 +0000",1762606591.430843,10.808199,106.640687,21.700000,18.148208,9.500000,5.504556,249.767670
"2025-11-08 12:56:32.449 +0000",1762606592.449069,10.808182,106.640638,21.700000,18.154165,9.500000,5.710333,249.767670
"2025-11-08 12:56:33.437 +0000",1762606593.436604,10.808163,106.640588,21.700000,18.141810,9.500000,5.813222,249.767670
"2025-11-08 12:56:34.460 +0000",1762606594.460325,10.808145,106.640537,21.600000,18.175633,9.500000,5.967556,249.767670
"2025-11-08 12:56:35.434 +0000",1762606595.433609,10.808127,106.640488,21.500000,18.207913,9.500000,5.556000,249.767670
"2025-11-08 12:56:36.457 +0000",1762606596.456994,10.808111,106.640444,21.200000,18.174611,9.500000,4.630000,249.767670
"2025-11-08 12:56:37.451 +0000",1762606597.450720,10.808097,106.640407,21.200000,18.146833,9.500000,3.858333,249.767670
"2025-11-08 12:56:38.464 +0000",1762606598.463618,10.808086,106.640377,21.100000,18.079944,9.500000,3.189556,249.767670
"2025-11-08 12:56:39.470 +0000",1762606599.470351,10.808077,106.640351,21.000000,18.015048,9.500000,2.829444,249.767670
"2025-11-08 12:56:40.448 +0000",1762606600.447948,10.808068,106.640326,21.100000,17.955227,9.500000,2.778000,249.767670
"2025-11-08 12:56:41.453 +0000",1762606601.452560,10.808059,106.640301,21.000000,17.852463,9.500000,2.983778,249.767670
"2025-11-08 12:56:42.464 +0000",1762606602.464339,10.808048,106.640272,21.100000,17.818666,9.500000,3.858333,249.767670
"2025-11-08 12:56:43.461 +0000",1762606603.461384,10.808034,106.640234,21.100000,17.841993,9.500000,4.887222,249.767670
"2025-11-08 12:56:44.453 +0000",1762606604.453464,10.808018,106.640188,21.100000,17.953844,9.500000,5.761778,249.767670
"2025-11-08 12:56:45.458 +0000",1762606605.458051,10.807999,106.640136,21.100000,18.076789,9.500000,6.121889,249.767670
"2025-11-08 12:56:46.471 +0000",1762606606.470822,10.807979,106.640082,20.900000,18.021197,9.500000,6.276222,249.767670
"2025-11-08 12:56:47.466 +0000",1762606607.466442,10.807957,106.640025,20.900000,17.842662,9.500000,6.790667,249.113449
"2025-11-08 12:56:48.451 +0000",1762606608.450589,10.807934,106.639964,20.800000,17.710209,9.500000,7.150778,249.113449
"2025-11-08 12:56:49.467 +0000",1762606609.467083,10.807910,106.639901,20.700000,17.585980,9.500000,7.613778,249.113449
"2025-11-08 12:56:50.465 +0000",1762606610.464827,10.807884,106.639833,20.700000,17.408571,9.500000,7.973889,248.817215
"2025-11-08 12:56:51.459 +0000",1762606611.459014,10.807857,106.639764,20.600000,17.186600,9.500000,8.231111,248.817215
"2025-11-08 12:56:52.463 +0000",1762606612.462935,10.807830,106.639692,20.600000,16.856681,9.500000,8.334000,248.817215
"2025-11-08 12:56:53.459 +0000",1762606613.459464,10.807802,106.639620,20.500000,16.482574,9.500000,8.591222,248.817215
"2025-11-08 12:56:54.454 +0000",1762606614.454244,10.807774,106.639546,20.400000,16.143391,9.500000,8.745556,248.817215
"2025-11-08 12:56:55.457 +0000",1762606615.456735,10.807745,106.639470,20.400000,15.851855,9.500000,8.848444,248.881012
"2025-11-08 12:56:55.999 +0000",1762606615.998561,10.807745,106.639470,20.400000,15.851855,9.500000,9.033921,248.881012
"2025-11-08 12:56:56.452 +0000",1762606616.451871,10.807716,106.639394,20.300000,15.620661,9.500000,9.054222,248.881012
"2025-11-08 12:56:57.449 +0000",1762606617.448735,10.807686,106.639316,20.300000,15.352361,9.500000,9.105667,248.881012
"2025-11-08 12:56:58.457 +0000",1762606618.456850,10.807657,106.639239,20.300000,15.084060,9.500000,9.002778,248.881012
"2025-11-08 12:56:59.470 +0000",1762606619.470384,10.807628,106.639162,20.200000,14.805590,9.500000,8.797000,248.881012
"2025-11-08 12:57:00.470 +0000",1762606620.470185,10.807599,106.639087,20.100000,14.564225,9.500000,8.642667,248.881012
"2025-11-08 12:57:00.998 +0000",1762606620.998497,10.807599,106.639087,20.100000,14.564226,9.500000,8.523177,248.881012
"2025-11-08 12:57:01.450 +0000",1762606621.449553,10.807571,106.639013,20.000000,14.311011,9.500000,8.591222,248.814362
"2025-11-08 12:57:02.464 +0000",1762606622.464164,10.807542,106.638939,20.000000,14.179530,9.500000,8.694111,248.814362
"2025-11-08 12:57:03.450 +0000",1762606623.449725,10.807513,106.638864,19.900000,14.024601,9.500000,8.797000,248.814362
"2025-11-08 12:57:04.448 +0000",1762606624.447879,10.807484,106.638788,19.900000,13.950302,9.500000,8.899889,248.814362
"2025-11-08 12:57:05.451 +0000",1762606625.450741,10.807455,106.638711,19.800000,13.942800,9.500000,9.157111,248.814362
"2025-11-08 12:57:06.446 +0000",1762606626.445627,10.807425,106.638633,19.700000,13.925682,9.500000,9.054222,248.814362
"2025-11-08 12:57:07.455 +0000",1762606627.454924,10.807395,106.638556,19.600000,14.004209,9.500000,8.951333,248.814362
"2025-11-08 12:57:08.440 +0000",1762606628.440013,10.807366,106.638479,19.600000,14.068903,9.500000,9.054222,248.814362
"2025-11-08 12:57:09.437 +0000",1762606629.436768,10.807334,106.638396,19.600000,14.201033,9.500000,9.157111,246.453583
"2025-11-08 12:57:10.458 +0000",1762606630.457897,10.807300,106.638319,19.600000,13.969289,9.500000,9.105667,246.453583
"2025-11-08 12:57:11.449 +0000",1762606631.448716,10.807267,106.638242,19.500000,13.724989,9.500000,9.105667,246.453583
"2025-11-08 12:57:12.450 +0000",1762606632.450006,10.807234,106.638165,19.400000,13.488335,9.500000,9.105667,246.453583
"2025-11-08 12:57:13.454 +0000",1762606633.453596,10.807201,106.638089,19.400000,13.302462,9.500000,9.054222,246.453583
"2025-11-08 12:57:14.440 +0000",1762606634.439923,10.807168,106.638012,19.400000,13.134335,9.500000,9.054222,246.453583
"2025-11-08 12:57:15.451 +0000",1762606635.451122,10.807136,106.637936,19.400000,12.953653,9.500000,9.002778,246.453583
"2025-11-08 12:57:16.465 +0000",1762606636.464758,10.807103,106.637860,19.400000,12.839043,9.500000,8.951333,246.453583
"2025-11-08 12:57:17.451 +0000",1762606637.450502,10.807071,106.637785,19.300000,12.819576,9.500000,9.054222,246.580276
"2025-11-08 12:57:18.447 +0000",1762606638.446951,10.807038,106.637709,19.200000,12.828229,9.500000,9.002778,246.879959
"2025-11-08 12:57:19.447 +0000",1762606639.446718,10.807006,106.637632,19.100000,12.772689,9.500000,9.002778,246.257263
"2025-11-08 12:57:20.446 +0000",1762606640.446325,10.806973,106.637556,19.100000,12.541653,9.500000,9.002778,246.257263
"2025-11-08 12:57:21.454 +0000",1762606641.453822,10.806940,106.637481,19.000000,12.347679,9.500000,9.054222,246.482300
"2025-11-08 12:57:22.450 +0000",1762606642.449823,10.806907,106.637405,19.000000,12.318927,9.500000,9.054222,246.482300
"2025-11-08 12:57:23.446 +0000",1762606643.446258,10.806875,106.637329,18.900000,12.290174,9.500000,9.054222,246.482300
"2025-11-08 12:57:24.449 +0000",1762606644.449490,10.806842,106.637253,18.900000,12.251308,9.500000,9.002778,246.482300
"2025-11-08 12:57:25.448 +0000",1762606645.448310,10.806810,106.637179,18.800000,12.229294,9.500000,8.745556,246.515030
"2025-11-08 12:57:26.457 +0000",1762606646.456926,10.806779,106.637106,18.800000,12.258912,9.500000,8.591222,246.462112
"2025-11-08 12:57:27.429 +0000",1762606647.429344,10.806748,106.637034,18.600000,12.306466,9.500000,8.385444,246.462112
"2025-11-08 12:57:28.448 +0000",1762606648.448431,10.806717,106.636964,18.600000,12.328890,9.500000,8.334000,246.462112
"2025-11-08 12:57:29.444 +0000",1762606649.444334,10.806687,106.636894,18.500000,12.321002,9.500000,8.231111,246.462112
"2025-11-08 12:57:30.457 +0000",1762606650.456891,10.806658,106.636825,18.600000,12.318295,9.500000,8.282556,246.462112
"2025-11-08 12:57:31.444 +0000",1762606651.443905,10.806628,106.636756,18.500000,12.348621,9.500000,8.128222,246.462112
"2025-11-08 12:57:32.449 +0000",1762606652.449484,10.806598,106.636687,18.400000,12.348634,9.500000,8.076778,246.462112
"2025-11-08 12:57:33.441 +0000",1762606653.441409,10.806569,106.636620,18.400000,12.341264,9.500000,7.973889,246.462112
"2025-11-08 12:57:34.446 +0000",1762606654.445882,10.806541,106.636553,18.300000,12.268088,9.500000,7.922444,246.462112
"2025-11-08 12:57:35.449 +0000",1762606655.449469,10.806512,106.636488,18.300000,12.159677,9.500000,7.665222,246.462112
"2025-11-08 12:57:36.452 +0000",1762606656.452469,10.806485,106.636425,18.200000,11.539332,9.500000,7.356556,246.462112
"2025-11-08 12:57:37.433 +0000",1762606657.432661,10.806454,106.636383,18.100000,8.887598,9.500000,7.047889,257.089203
"2025-11-08 12:57:38.450 +0000",1762606658.449794,10.806440,106.636321,17.900000,8.008892,9.500000,6.790667,257.089203
"2025-11-08 12:57:39.446 +0000",1762606659.445696,10.806426,106.636262,17.800000,5.000000,9.500000,6.584889,257.089203
"2025-11-08 12:57:40.431 +0000",1762606660.430869,10.806405,106.636212,17.800000,5.000000,9.500000,6.790667,265.735687
"2025-11-08 12:57:41.446 +0000",1762606661.445941,10.806392,106.636150,17.800000,5.000000,9.500000,7.253667,265.735687
"2025-11-08 12:57:42.447 +0000",1762606662.447110,10.806379,106.636052,17.800000,5.000000,9.500000,7.665222,313.600525
"2025-11-08 12:57:43.445 +0000",1762606663.445194,10.806427,106.636002,17.900000,5.000000,9.500000,8.179667,313.600525
"2025-11-08 12:57:44.447 +0000",1762606664.446669,10.806491,106.635956,18.000000,5.000000,9.500000,8.797000,313.600525
"2025-11-08 12:57:45.452 +0000",1762606665.451563,10.806542,106.635890,18.000000,5.000000,9.500000,9.362889,313.600525
"2025-11-08 12:57:46.446 +0000",1762606666.445567,10.806598,106.635823,17.800000,5.000000,9.500000,9.671556,313.600525
"2025-11-08 12:57:47.457 +0000",1762606667.457082,10.806656,106.635755,17.800000,5.000000,9.500000,9.928778,313.600525
"2025-11-08 12:57:48.450 +0000",1762606668.449522,10.806716,106.635687,17.700000,5.000000,9.500000,9.774444,313.600525
"2025-11-08 12:57:49.442 +0000",1762606669.442312,10.806774,106.635622,17.500000,5.000000,9.500000,9.208556,313.629700
"2025-11-08 12:57:50.433 +0000",1762606670.433082,10.806828,106.635562,17.400000,5.000000,9.500000,8.591222,313.986847
"2025-11-08 12:57:51.423 +0000",1762606671.423070,10.806878,106.635507,17.300000,5.000000,9.500000,7.716667,313.986847
"2025-11-08 12:57:52.413 +0000",1762606672.413281,10.806923,106.635458,17.100000,5.000000,9.500000,6.636333,313.986847
"2025-11-08 12:57:53.396 +0000",1762606673.396090,10.806960,106.635419,17.100000,5.000000,9.500000,5.247333,313.986847
"2025-11-08 12:57:54.412 +0000",1762606674.411885,10.806990,106.635388,17.100000,5.000000,9.500000,4.269889,313.986847
"2025-11-08 12:57:55.431 +0000",1762606675.431099,10.807015,106.635364,17.200000,5.000000,9.500000,3.446778,313.986847
"2025-11-08 12:57:55.999 +0000",1762606675.999475,10.807015,106.635364,17.200000,5.000000,9.500000,2.790367,313.986847
"2025-11-08 12:57:56.420 +0000",1762606676.419598,10.807036,106.635345,17.100000,5.000000,9.500000,2.572222,313.986847
"2025-11-08 12:57:56.999 +0000",1762606676.999464,10.807036,106.635345,17.100000,5.000000,9.500000,2.007991,313.986847
"2025-11-08 12:57:57.411 +0000",1762606677.410806,10.807052,106.635332,17.100000,5.000000,9.500000,1.800556,313.986847
"2025-11-08 12:57:58.428 +0000",1762606678.428488,10.807063,106.635323,17.200000,5.000000,9.500000,1.491889,313.986847
"2025-11-08 12:57:59.414 +0000",1762606679.414269,10.807074,106.635314,17.300000,5.000000,9.500000,1.543333,313.986847
"2025-11-08 12:58:00.416 +0000",1762606680.416013,10.807084,106.635305,17.200000,5.000000,9.500000,1.389000,313.986847
"2025-11-08 12:58:01.427 +0000",1762606681.426938,10.807092,106.635298,17.200000,5.000000,9.500000,1.028889,313.986847
"2025-11-08 12:58:02.414 +0000",1762606682.413520,10.807098,106.635293,17.200000,5.000000,9.500000,0.463000,313.986847
"2025-11-08 12:58:03.391 +0000",1762606683.390858,10.807099,106.635292,17.200000,5.000000,9.500000,0.000000,313.986847
"2025-11-08 12:58:04.397 +0000",1762606684.396748,10.807099,106.635292,17.200000,5.000000,9.500000,0.000000,313.986847
"2025-11-08 12:58:05.412 +0000",1762606685.411533,10.807099,106.635292,17.200000,5.000000,9.500000,0.000000,313.986847
"2025-11-08 12:58:06.416 +0000",1762606686.416366,10.807099,106.635292,17.200000,5.000000,9.500000,0.000000,313.986847
"2025-11-08 12:58:07.435 +0000",1762606687.435307,10.807099,106.635292,17.200000,5.000000,9.500000,0.000000,313.986847
"2025-11-08 12:58:08.419 +0000",1762606688.419458,10.807099,106.635292,17.200000,5.000000,9.500000,0.000000,313.986847
"2025-11-08 12:58:09.430 +0000",1762606689.430250,10.807099,106.635292,17.200000,5.000000,9.500000,0.000000,313.986847
"2025-11-08 12:58:10.411 +0000",1762606690.411369,10.807099,106.635292,17.200000,5.000000,9.500000,0.000000,313.986847
"2025-11-08 12:58:11.412 +0000",1762606691.411688,10.807099,106.635292,17.200000,5.000000,9.500000,0.000000,313.986847
"2025-11-08 12:58:12.416 +0000",1762606692.416225,10.807099,106.635292,17.200000,5.000000,9.500000,0.000000,313.986847
"2025-11-08 12:58:13.429 +0000",1762606693.428549,10.807099,106.635292,17.200000,5.000000,9.500000,0.000000,313.986847
"2025-11-08 12:58:14.420 +0000",1762606694.420137,10.807099,106.635292,17.200000,5.000000,9.500000,0.000000,313.986847
"2025-11-08 12:58:15.414 +0000",1762606695.414032,10.807099,106.635292,17.200000,5.000000,9.500000,0.000000,313.986847
"2025-11-08 12:58:16.431 +0000",1762606696.430513,10.807099,106.635292,17.200000,5.000000,9.500000,0.000000,313.986847
"2025-11-08 12:58:17.415 +0000",1762606697.415184,10.807099,106.635292,17.200000,5.000000,9.500000,0.000000,313.986847
"2025-11-08 12:58:18.405 +0000",1762606698.405378,10.807101,106.635291,17.200000,5.000000,9.500000,0.411556,313.986847
"2025-11-08 12:58:19.397 +0000",1762606699.397217,10.807104,106.635288,17.200000,5.000000,9.500000,0.463000,313.986847
"2025-11-08 12:58:20.448 +0000",1762606700.447990,10.807109,106.635284,17.200000,5.000000,9.500000,0.977444,313.986847
"2025-11-08 12:58:21.431 +0000",1762606701.431038,10.807119,106.635276,17.200000,5.000000,9.500000,1.852000,313.986847
"2025-11-08 12:58:22.418 +0000",1762606702.417964,10.807136,106.635263,17.100000,5.000000,9.500000,2.778000,313.986847
"2025-11-08 12:58:23.429 +0000",1762606703.428834,10.807158,106.635245,17.100000,5.000000,9.500000,3.343889,313.986847
"2025-11-08 12:58:24.435 +0000",1762606704.435299,10.807182,106.635225,17.100000,5.000000,9.500000,3.549667,313.986847
"2025-11-08 12:58:24.999 +0000",1762606704.999122,10.807182,106.635225,17.100000,5.000000,9.500000,3.453599,313.986847
"2025-11-08 12:58:25.456 +0000",1762606705.456434,10.807194,106.635193,16.900000,5.000000,9.500000,3.343889,313.986847
"2025-11-08 12:58:26.433 +0000",1762606706.432572,10.807215,106.635170,16.800000,5.000000,9.500000,3.498222,313.986847
"2025-11-08 12:58:27.435 +0000",1762606707.434869,10.807237,106.635147,16.800000,5.000000,9.500000,2.880889,313.986847
"2025-11-08 12:58:28.450 +0000",1762606708.450015,10.807253,106.635131,16.100000,5.000000,9.500000,2.315000,313.986847
"2025-11-08 12:58:29.446 +0000",1762606709.445801,10.807275,106.635117,16.200000,5.000000,9.500000,2.726556,321.513550
"2025-11-08 12:58:30.450 +0000",1762606710.450157,10.807297,106.635099,16.300000,5.000000,9.500000,3.446778,321.513550
"2025-11-08 12:58:31.451 +0000",1762606711.450874,10.807335,106.635089,16.300000,5.000000,9.500000,4.321333,321.513550
"2025-11-08 12:58:32.437 +0000",1762606712.437108,10.807366,106.635059,16.300000,5.000000,9.500000,5.144444,321.513550
"2025-11-08 12:58:33.451 +0000",1762606713.451099,10.807403,106.635024,16.400000,5.000000,9.500000,5.967556,321.513550
"2025-11-08 12:58:34.445 +0000",1762606714.445001,10.807445,106.634984,16.300000,5.000000,9.500000,6.687778,321.513550
"2025-11-08 12:58:35.450 +0000",1762606715.449524,10.807494,106.634942,16.300000,5.000000,9.500000,7.305111,321.513550
"2025-11-08 12:58:36.456 +0000",1762606716.456102,10.807548,106.634899,16.400000,5.000000,9.500000,7.922444,321.513550
"2025-11-08 12:58:37.431 +0000",1762606717.431426,10.807609,106.634855,16.400000,5.000000,9.500000,8.591222,321.513550
"2025-11-08 12:58:38.446 +0000",1762606718.445908,10.807676,106.634810,16.500000,5.000000,9.500000,9.157111,321.513550
"2025-11-08 12:58:39.435 +0000",1762606719.434952,10.807749,106.634765,16.500000,5.000000,9.500000,9.671556,335.283539
"2025-11-08 12:58:40.457 +0000",1762606720.456608,10.807827,106.634720,16.700000,5.000000,9.500000,10.186000,335.283539
"2025-11-08 12:58:41.448 +0000",1762606721.447725,10.807911,106.634674,16.700000,5.000000,9.500000,10.649000,335.283539
"2025-11-08 12:58:42.450 +0000",1762606722.449770,10.807999,106.634629,16.700000,5.000000,9.500000,11.009111,335.283539
"2025-11-08 12:58:43.462 +0000",1762606723.461930,10.808091,106.634585,16.700000,5.000000,9.500000,11.472111,335.380371
"2025-11-08 12:58:44.480 +0000",1762606724.479954,10.808189,106.634544,16.700000,5.000000,9.500000,11.780778,338.284393
"2025-11-08 12:58:45.449 +0000",1762606725.448882,10.808292,106.634506,16.700000,5.000000,9.500000,12.192333,338.616486
"2025-11-08 12:58:46.455 +0000",1762606726.455283,10.808398,106.634469,16.800000,5.000000,9.500000,12.552444,338.175568
"2025-11-08 12:58:47.455 +0000",1762606727.455167,10.808508,106.634433,16.700000,5.000000,9.500000,12.758222,341.495758
"2025-11-08 12:58:48.453 +0000",1762606728.452807,10.808618,106.634397,16.600000,5.000000,9.500000,12.655333,341.495758
"2025-11-08 12:58:49.468 +0000",1762606729.468101,10.808727,106.634363,16.600000,5.000000,9.500000,12.655333,341.495758
"2025-11-08 12:58:50.447 +0000",1762606730.447057,10.808838,106.634328,16.700000,5.000000,9.500000,12.809667,341.495758
"2025-11-08 12:58:51.446 +0000",1762606731.445966,10.808949,106.634293,16.700000,5.000000,9.500000,12.861111,341.495758
"2025-11-08 12:58:52.444 +0000",1762606732.444288,10.809061,106.634258,16.800000,5.000000,9.500000,12.964000,343.018768
"2025-11-08 12:58:53.434 +0000",1762606733.434382,10.809174,106.634222,16.700000,5.000000,9.500000,12.964000,343.018768
"2025-11-08 12:58:54.433 +0000",1762606734.433324,10.809286,106.634187,16.700000,5.000000,9.500000,12.964000,342.700000
"2025-11-08 12:58:55.435 +0000",1762606735.435035,10.809399,106.634151,16.700000,5.000000,9.500000,12.964000,342.700000
"2025-11-08 12:58:56.442 +0000",1762606736.441543,10.809511,106.634115,16.800000,5.000000,9.500000,12.964000,342.700000
"2025-11-08 12:58:57.434 +0000",1762606737.434462,10.809624,106.634080,16.800000,5.000000,9.500000,13.066889,343.000000
"2025-11-08 12:58:58.445 +0000",1762606738.444560,10.809737,106.634045,16.700000,5.000000,9.500000,13.066889,343.000000
"2025-11-08 12:58:59.455 +0000",1762606739.454711,10.809850,106.634009,16.700000,5.000000,9.500000,13.066889,343.000000
"2025-11-08 12:59:00.448 +0000",1762606740.448321,10.809963,106.633974,16.700000,5.000000,9.500000,13.015444,343.000000
"2025-11-08 12:59:01.454 +0000",1762606741.453608,10.810076,106.633939,16.700000,5.000000,9.500000,13.015444,343.100000
"2025-11-08 12:59:02.451 +0000",1762606742.450637,10.810190,106.633904,16.700000,5.000000,9.500000,13.066889,343.300000
"2025-11-08 12:59:03.455 +0000",1762606743.455483,10.810303,106.633870,16.600000,5.000000,9.500000,13.066889,343.400000
"2025-11-08 12:59:04.471 +0000",1762606744.470851,10.810416,106.633836,16.700000,5.000000,9.500000,12.861111,343.100000
"2025-11-08 12:59:05.456 +0000",1762606745.456404,10.810526,106.633802,16.600000,5.000000,9.500000,12.449556,343.000000
"2025-11-08 12:59:06.463 +0000",1762606746.462770,10.810633,106.633769,16.500000,5.000000,9.500000,12.140889,343.300000
"2025-11-08 12:59:07.451 +0000",1762606747.450607,10.810737,106.633738,16.500000,5.000000,9.500000,11.883667,343.400000
"2025-11-08 12:59:08.463 +0000",1762606748.463475,10.810838,106.633707,16.300000,5.000000,9.500000,11.575000,343.200000
"2025-11-08 12:59:09.469 +0000",1762606749.468536,10.810936,106.633678,16.200000,5.000000,9.500000,11.009111,343.200000
"2025-11-08 12:59:10.466 +0000",1762606750.465662,10.811029,106.633649,16.100000,5.000000,9.500000,10.340333,343.100000
"2025-11-08 12:59:11.450 +0000",1762606751.449622,10.811117,106.633622,16.100000,5.000000,9.500000,9.928778,343.200000
"2025-11-08 12:59:12.458 +0000",1762606752.457664,10.811201,106.633596,16.100000,5.000000,9.500000,9.414333,343.200000
"2025-11-08 12:59:13.472 +0000",1762606753.471835,10.811282,106.633571,16.100000,5.000000,9.500000,9.105667,343.100000
"2025-11-08 12:59:14.462 +0000",1762606754.461663,10.811360,106.633547,16.200000,5.000000,9.500000,9.054222,343.200000
"2025-11-08 12:59:15.457 +0000",1762606755.457336,10.811440,106.633522,16.200000,5.000000,9.500000,9.260000,343.300000
"2025-11-08 12:59:16.462 +0000",1762606756.462102,10.811522,106.633496,16.200000,5.000000,9.500000,9.517222,343.100000
"2025-11-08 12:59:17.458 +0000",1762606757.457539,10.811605,106.633470,16.200000,5.000000,9.500000,9.620111,342.900000
"2025-11-08 12:59:18.459 +0000",1762606758.459495,10.811689,106.633444,16.200000,5.000000,9.500000,9.774444,342.700000
"2025-11-08 12:59:19.453 +0000",1762606759.452597,10.811772,106.633417,16.100000,5.000000,9.500000,9.568667,343.000000
"2025-11-08 12:59:20.451 +0000",1762606760.450628,10.811854,106.633393,16.000000,5.000000,9.500000,9.157111,343.400000
"2025-11-08 12:59:21.463 +0000",1762606761.463149,10.811932,106.633370,15.900000,5.000000,9.500000,8.694111,343.600000
"2025-11-08 12:59:22.465 +0000",1762606762.464900,10.812007,106.633347,15.800000,5.000000,9.500000,8.488333,343.400000
"2025-11-08 12:59:23.470 +0000",1762606763.470067,10.812080,106.633325,15.900000,5.000000,9.500000,8.385444,343.100000
"2025-11-08 12:59:24.459 +0000",1762606764.458605,10.812152,106.633302,15.800000,5.000000,9.500000,8.179667,342.900000
"2025-11-08 12:59:25.466 +0000",1762606765.465989,10.812223,106.633280,15.700000,5.000000,9.500000,8.076778,342.700000
"2025-11-08 12:59:26.451 +0000",1762606766.450756,10.812292,106.633258,15.700000,5.000000,9.500000,7.922444,343.000000
"2025-11-08 12:59:27.451 +0000",1762606767.450518,10.812361,106.633237,15.700000,5.000000,9.500000,7.819556,343.200000
"2025-11-08 12:59:28.454 +0000",1762606768.453816,10.812428,106.633216,15.700000,5.000000,9.500000,7.613778,343.400000
"2025-11-08 12:59:29.454 +0000",1762606769.454411,10.812493,106.633197,15.700000,5.000000,9.500000,7.305111,343.700000
"2025-11-08 12:59:30.457 +0000",1762606770.457417,10.812556,106.633179,15.700000,5.000000,9.500000,7.047889,344.100000
"2025-11-08 12:59:31.455 +0000",1762606771.454984,10.812614,106.633162,15.600000,5.000000,9.500000,6.070444,344.300000
"2025-11-08 12:59:32.447 +0000",1762606772.446513,10.812661,106.633149,15.500000,5.000000,9.500000,4.784333,344.600000
"2025-11-08 12:59:33.447 +0000",1762606773.446554,10.812699,106.633138,15.400000,5.000000,9.500000,3.909778,343.600000
"2025-11-08 12:59:34.447 +0000",1762606774.447325,10.812730,106.633128,15.500000,5.000000,9.500000,3.343889,340.400000
"2025-11-08 12:59:35.441 +0000",1762606775.441080,10.812757,106.633117,15.500000,5.000000,9.500000,2.829444,336.700000
"2025-11-08 12:59:36.448 +0000",1762606776.448253,10.812779,106.633107,15.400000,5.000000,9.500000,2.623667,334.200000
"2025-11-08 12:59:37.435 +0000",1762606777.435341,10.812801,106.633095,15.400000,5.000000,9.500000,2.829444,331.900000
"2025-11-08 12:59:38.450 +0000",1762606778.450312,10.812825,106.633082,15.500000,5.000000,9.500000,3.241000,331.200000
"2025-11-08 12:59:39.454 +0000",1762606779.453906,10.812853,106.633066,15.500000,5.000000,9.500000,3.652556,333.900000
"2025-11-08 12:59:40.450 +0000",1762606780.449736,10.812885,106.633052,15.500000,5.000000,9.500000,3.961222,338.400000
"2025-11-08 12:59:41.447 +0000",1762606781.447341,10.812920,106.633039,15.500000,5.000000,9.500000,4.218444,341.800000
"2025-11-08 12:59:42.432 +0000",1762606782.431823,10.812957,106.633027,15.500000,5.000000,9.500000,4.372778,343.100000
"2025-11-08 12:59:43.449 +0000",1762606783.448543,10.812994,106.633016,15.400000,5.000000,9.500000,4.115556,343.300000
"2025-11-08 12:59:44.441 +0000",1762606784.440858,10.813028,106.633005,15.400000,5.000000,9.500000,3.652556,343.400000
"2025-11-08 12:59:45.419 +0000",1762606785.419128,10.813057,106.632997,15.300000,5.000000,9.500000,2.829444,343.172272
"2025-11-08 12:59:46.421 +0000",1762606786.421246,10.813078,106.632990,15.200000,5.000000,9.500000,2.006333,343.172272
"2025-11-08 12:59:47.431 +0000",1762606787.431497,10.813091,106.632986,15.300000,5.000000,9.500000,1.080333,343.172272
"2025-11-08 12:59:48.439 +0000",1762606788.438602,10.813097,106.632984,15.200000,5.000000,9.500000,0.308667,343.172272
"2025-11-08 12:59:49.437 +0000",1762606789.436597,10.813098,106.632983,15.200000,5.000000,9.500000,0.000000,343.172272
"2025-11-08 12:59:50.430 +0000",1762606790.429647,10.813098,106.632983,15.300000,5.000000,9.500000,0.000000,343.172272
"2025-11-08 12:59:51.430 +0000",1762606791.430061,10.813098,106.632983,15.200000,5.000000,9.500000,0.000000,343.172272
"2025-11-08 12:59:52.434 +0000",1762606792.433731,10.813098,106.632983,15.200000,5.000000,9.500000,0.000000,343.172272
"2025-11-08 12:59:53.723 +0000",1762606793.723077,10.813098,106.632983,15.200000,5.000000,9.500000,0.000000,343.172272
"2025-11-08 12:59:55.432 +0000",1762606795.431501,10.813098,106.632983,15.200000,5.000000,9.500000,0.000000,343.172272
"2025-11-08 12:59:56.451 +0000",1762606796.450676,10.813098,106.632983,15.200000,5.000000,9.500000,0.000000,343.172272
"2025-11-08 12:59:57.434 +0000",1762606797.433572,10.813098,106.632983,15.200000,5.000000,9.500000,0.000000,343.172272
"2025-11-08 12:59:58.430 +0000",1762606798.430064,10.813098,106.632983,15.200000,5.000000,9.500000,0.000000,343.172272
"2025-11-08 12:59:59.434 +0000",1762606799.434292,10.813098,106.632983,15.200000,5.000000,9.500000,0.000000,343.172272
"2025-11-08 13:00:00.447 +0000",1762606800.447476,10.813098,106.632983,15.200000,5.000000,9.500000,0.000000,343.172272
"2025-11-08 13:00:01.440 +0000",1762606801.440071,10.813098,106.632983,15.200000,5.000000,9.500000,0.000000,343.172272
"2025-11-08 13:00:02.420 +0000",1762606802.420009,10.813098,106.632983,15.200000,5.000000,9.500000,0.000000,343.172272
"2025-11-08 13:00:03.416 +0000",1762606803.415867,10.813098,106.632983,15.200000,5.000000,9.500000,0.000000,343.172272
"2025-11-08 13:00:04.417 +0000",1762606804.416646,10.813098,106.632983,15.200000,5.000000,9.500000,0.000000,343.172272
"2025-11-08 13:00:05.419 +0000",1762606805.418658,10.813098,106.632983,15.200000,5.000000,9.500000,0.000000,343.172272
"2025-11-08 13:00:06.416 +0000",1762606806.415798,10.813098,106.632983,15.200000,5.000000,9.500000,0.000000,343.172272
"2025-11-08 13:00:07.441 +0000",1762606807.441125,10.813098,106.632983,15.200000,5.000000,9.500000,0.000000,343.172272
"2025-11-08 13:00:08.522 +0000",1762606808.521671,10.813098,106.632983,15.200000,5.000000,9.500000,0.000000,343.172272
"2025-11-08 13:00:09.435 +0000",1762606809.435311,10.813098,106.632983,15.200000,5.000000,9.500000,0.000000,343.172272
"2025-11-08 13:00:10.442 +0000",1762606810.442287,10.813098,106.632983,15.200000,5.000000,9.500000,0.000000,343.172272
"2025-11-08 13:00:11.442 +0000",1762606811.442435,10.813098,106.632983,15.200000,5.000000,9.500000,0.000000,343.172272
"2025-11-08 13:00:12.444 +0000",1762606812.444438,10.813098,106.632983,15.200000,5.000000,9.500000,0.000000,343.172272
"2025-11-08 13:00:13.432 +0000",1762606813.432019,10.813098,106.632983,15.200000,5.000000,9.500000,0.000000,343.172272
"2025-11-08 13:00:14.430 +0000",1762606814.429608,10.813098,106.632983,15.200000,5.000000,9.500000,0.000000,343.172272
"2025-11-08 13:00:15.427 +0000",1762606815.426613,10.813098,106.632983,15.200000,5.000000,9.500000,0.000000,343.172272
"2025-11-08 13:00:16.420 +0000",1762606816.420122,10.813098,106.632983,15.200000,5.000000,9.500000,0.000000,343.172272
"2025-11-08 13:00:17.441 +0000",1762606817.440565,10.813098,106.632983,15.200000,5.000000,9.500000,0.000000,343.172272
"2025-11-08 13:00:18.436 +0000",1762606818.435917,10.813098,106.632983,15.200000,5.000000,9.500000,0.000000,343.172272
"2025-11-08 13:00:19.441 +0000",1762606819.440711,10.813098,106.632983,15.200000,5.000000,9.500000,0.000000,343.172272
"2025-11-08 13:00:20.443 +0000",1762606820.443275,10.813098,106.632983,15.200000,5.000000,9.500000,0.000000,343.172272
"2025-11-08 13:00:21.429 +0000",1762606821.429410,10.813098,106.632983,15.200000,5.000000,9.500000,0.000000,343.172272
"2025-11-08 13:00:22.431 +0000",1762606822.430660,10.813098,106.632983,15.200000,5.000000,9.500000,0.000000,343.172272
"2025-11-08 13:00:23.432 +0000",1762606823.432142,10.813098,106.632983,15.200000,5.000000,9.500000,0.000000,343.172272
"2025-11-08 13:00:24.420 +0000",1762606824.419597,10.813098,106.632983,15.200000,5.000000,9.500000,0.000000,343.172272
"2025-11-08 13:00:25.430 +0000",1762606825.429925,10.813098,106.632983,15.200000,5.000000,9.500000,0.000000,343.172272
"2025-11-08 13:00:26.431 +0000",1762606826.430570,10.813098,106.632983,15.200000,5.000000,9.500000,0.000000,343.172272
"2025-11-08 13:00:27.429 +0000",1762606827.428832,10.813098,106.632983,15.200000,5.000000,9.500000,0.000000,343.172272
"2025-11-08 13:00:28.439 +0000",1762606828.438891,10.813098,106.632983,15.200000,5.000000,9.500000,0.000000,343.172272
"2025-11-08 13:00:29.419 +0000",1762606829.419210,10.813098,106.632983,15.200000,5.000000,9.500000,0.000000,343.172272
"2025-11-08 13:00:30.450 +0000",1762606830.450197,10.813098,106.632983,15.200000,5.000000,9.500000,0.000000,343.172272
"2025-11-08 13:00:31.441 +0000",1762606831.440538,10.813098,106.632983,15.200000,5.000000,9.500000,0.000000,343.172272
"2025-11-08 13:00:32.428 +0000",1762606832.428092,10.813098,106.632983,15.200000,5.000000,9.500000,0.000000,343.172272
"2025-11-08 13:00:33.434 +0000",1762606833.434286,10.813098,106.632983,15.200000,5.000000,9.500000,0.000000,343.172272
"2025-11-08 13:00:34.441 +0000",1762606834.441041,10.813098,106.632983,15.200000,5.000000,9.500000,0.000000,343.172272
"2025-11-08 13:00:35.445 +0000",1762606835.445118,10.813098,106.632983,15.200000,5.000000,9.500000,0.000000,343.172272
"2025-11-08 13:00:36.451 +0000",1762606836.450550,10.813098,106.632983,15.200000,5.000000,9.500000,0.000000,343.172272
"2025-11-08 13:00:37.426 +0000",1762606837.425962,10.813098,106.632983,15.200000,5.000000,9.500000,0.000000,343.172272
"2025-11-08 13:00:38.435 +0000",1762606838.434625,10.813098,106.632983,15.200000,5.000000,9.500000,0.000000,343.172272
"2025-11-08 13:00:39.444 +0000",1762606839.443541,10.813098,106.632983,15.200000,5.000000,9.500000,0.000000,343.172272
"2025-11-08 13:00:40.442 +0000",1762606840.442368,10.813101,106.632982,15.200000,5.000000,9.500000,0.463000,343.172272
"2025-11-08 13:00:41.431 +0000",1762606841.430612,10.813104,106.632981,15.200000,5.000000,9.500000,0.205778,343.172272
"2025-11-08 13:00:42.431 +0000",1762606842.431259,10.813107,106.632979,15.200000,5.000000,9.500000,0.514444,343.172272
"2025-11-08 13:00:43.441 +0000",1762606843.441426,10.813114,106.632977,15.200000,5.000000,9.500000,1.028889,343.172272
"2025-11-08 13:00:44.430 +0000",1762606844.430255,10.813127,106.632972,15.200000,5.000000,9.500000,2.057778,343.172272
"2025-11-08 13:00:44.999 +0000",1762606844.998981,10.813127,106.632972,15.200000,5.000000,9.500000,3.245456,343.172272
"2025-11-08 13:00:45.441 +0000",1762606845.441346,10.813151,106.632965,15.200000,5.000000,9.500000,3.395333,343.172272
"2025-11-08 13:00:46.448 +0000",1762606846.447721,10.813186,106.632954,15.300000,5.000000,9.500000,4.424222,343.172272
"2025-11-08 13:00:47.454 +0000",1762606847.453733,10.813229,106.632943,15.200000,5.000000,9.500000,5.298778,343.172272
"2025-11-08 13:00:47.999 +0000",1762606847.998942,10.813229,106.632943,15.200000,5.000000,9.500000,5.074768,343.172272
"2025-11-08 13:00:48.447 +0000",1762606848.446519,10.813275,106.632934,15.200000,5.000000,9.500000,4.990111,343.172272
"2025-11-08 13:00:49.432 +0000",1762606849.432360,10.813318,106.632924,15.000000,5.000000,9.500000,4.784333,343.172272
"2025-11-08 13:00:50.451 +0000",1762606850.450547,10.813361,106.632913,15.100000,5.000000,9.500000,4.887222,343.172272
"2025-11-08 13:00:51.430 +0000",1762606851.430018,10.813399,106.632888,15.200000,5.000000,9.500000,5.041556,343.172272
"2025-11-08 13:00:52.433 +0000",1762606852.432536,10.813432,106.632884,15.100000,5.000000,9.500000,5.041556,283.300000
"2025-11-08 13:00:53.440 +0000",1762606853.440131,10.813777,106.632697,14.800000,43.386651,9.500000,4.990111,253.937714
"2025-11-08 13:00:54.449 +0000",1762606854.449160,10.813690,106.632547,14.500000,42.651696,9.500000,4.424222,233.744919
"2025-11-08 13:00:55.432 +0000",1762606855.431764,10.813670,106.632520,14.200000,44.334355,9.500000,3.755444,201.500000
"2025-11-08 13:00:56.434 +0000",1762606856.433531,10.813330,106.632740,14.300000,5.000000,9.500000,3.549667,187.400000
"2025-11-08 13:00:57.441 +0000",1762606857.440777,10.813297,106.632739,14.300000,5.000000,9.500000,3.601111,177.300000
"2025-11-08 13:00:58.440 +0000",1762606858.440370,10.813261,106.632743,14.300000,5.000000,9.500000,4.218444,171.200000
"2025-11-08 13:00:59.443 +0000",1762606859.442996,10.813221,106.632750,14.400000,5.000000,9.500000,4.938667,168.600000
"2025-11-08 13:01:00.445 +0000",1762606860.445309,10.813174,106.632760,14.400000,5.000000,9.500000,5.556000,167.900000
"2025-11-08 13:01:01.433 +0000",1762606861.432982,10.813123,106.632773,14.300000,5.000000,9.500000,5.813222,166.700000
"2025-11-08 13:01:02.432 +0000",1762606862.432366,10.813072,106.632786,14.300000,5.000000,9.500000,5.658889,165.900000
"2025-11-08 13:01:03.445 +0000",1762606863.445021,10.813024,106.632798,14.200000,5.000000,9.500000,5.350222,165.700000
"2025-11-08 13:01:04.434 +0000",1762606864.434401,10.812977,106.632810,14.200000,5.000000,9.500000,5.401667,165.900000
"2025-11-08 13:01:05.443 +0000",1762606865.442788,10.812929,106.632821,14.200000,5.000000,9.500000,5.504556,166.400000
"2025-11-08 13:01:06.445 +0000",1762606866.445185,10.812880,106.632833,14.200000,5.000000,9.500000,5.710333,166.700000
"2025-11-08 13:01:07.441 +0000",1762606867.440599,10.812830,106.632846,14.200000,5.000000,9.500000,5.710333,166.900000
"2025-11-08 13:01:08.420 +0000",1762606868.420365,10.812780,106.632857,14.100000,5.000000,9.500000,5.504556,169.600000
"2025-11-08 13:01:09.431 +0000",1762606869.431084,10.812731,106.632863,14.000000,5.000000,9.500000,5.350222,177.400000
"2025-11-08 13:01:10.433 +0000",1762606870.432684,10.812683,106.632859,13.900000,5.000000,9.500000,5.247333,191.700000
"2025-11-08 13:01:11.439 +0000",1762606871.439027,10.812639,106.632843,13.900000,5.000000,9.500000,5.144444,209.900000
"2025-11-08 13:01:12.440 +0000",1762606872.440231,10.812650,106.632807,13.900000,5.000000,9.500000,4.938667,261.578094
"2025-11-08 13:01:13.445 +0000",1762606873.444767,10.812644,106.632767,14.000000,5.000000,9.500000,4.938667,261.578094
"2025-11-08 13:01:14.441 +0000",1762606874.440923,10.812638,106.632722,14.100000,8.842649,9.500000,5.350222,261.578094
"2025-11-08 13:01:15.448 +0000",1762606875.448035,10.812631,106.632672,14.100000,9.276806,9.500000,5.710333,261.578094
"2025-11-08 13:01:16.435 +0000",1762606876.434543,10.812623,106.632618,14.100000,9.372811,9.500000,6.070444,261.578094
"2025-11-08 13:01:17.435 +0000",1762606877.434722,10.812614,106.632561,14.200000,9.377265,9.500000,6.327667,261.578094
"2025-11-08 13:01:18.448 +0000",1762606878.447737,10.812606,106.632502,14.100000,9.276623,9.500000,6.739222,261.578094
"2025-11-08 13:01:19.457 +0000",1762606879.456710,10.812596,106.632439,14.100000,9.210061,9.500000,7.099333,261.578094
"2025-11-08 13:01:20.445 +0000",1762606880.445409,10.812587,106.632373,14.100000,9.144888,9.500000,7.510889,261.578094
"2025-11-08 13:01:20.999 +0000",1762606880.998516,10.812587,106.632373,14.100000,9.144888,9.500000,8.033610,261.578094
"2025-11-08 13:01:21.456 +0000",1762606881.455872,10.812576,106.632302,14.100000,9.047940,9.500000,7.973889,261.578094
"2025-11-08 13:01:22.452 +0000",1762606882.452467,10.812566,106.632228,14.100000,8.969919,9.500000,8.282556,261.478943
"2025-11-08 13:01:23.454 +0000",1762606883.453866,10.812554,106.632151,14.100000,9.002750,9.500000,8.642667,261.478943
"2025-11-08 13:01:24.452 +0000",1762606884.451839,10.812542,106.632071,14.100000,9.061114,9.500000,9.002778,261.478943
"2025-11-08 13:01:25.462 +0000",1762606885.462487,10.812530,106.631989,14.100000,9.112396,9.500000,9.208556,261.478943
"2025-11-08 13:01:26.456 +0000",1762606886.456335,10.812518,106.631904,14.100000,9.091363,9.500000,9.414333,261.478943
"2025-11-08 13:01:27.455 +0000",1762606887.454813,10.812505,106.631818,14.100000,9.022830,9.500000,9.568667,261.478943
"2025-11-08 13:01:28.445 +0000",1762606888.444872,10.812492,106.631731,14.200000,8.950756,9.500000,9.723000,261.478943
"2025-11-08 13:01:29.449 +0000",1762606889.449255,10.812479,106.631642,14.200000,8.842524,9.500000,9.825889,261.478943
"2025-11-08 13:01:30.446 +0000",1762606890.445800,10.812465,106.631552,14.200000,8.649493,9.500000,9.825889,260.793549
"2025-11-08 13:01:31.456 +0000",1762606891.455639,10.812450,106.631463,14.300000,8.394050,9.500000,9.928778,260.793549
"2025-11-08 13:01:32.451 +0000",1762606892.450607,10.812436,106.631373,14.300000,8.069037,9.500000,9.980222,260.793549
"2025-11-08 13:01:33.447 +0000",1762606893.446812,10.812354,106.631293,14.300000,5.000000,9.500000,10.134556,261.700000
"2025-11-08 13:01:34.447 +0000",1762606894.447095,10.812341,106.631202,14.200000,5.000000,9.500000,10.186000,261.700000
"2025-11-08 13:01:35.456 +0000",1762606895.456429,10.812328,106.631109,14.200000,5.000000,9.500000,10.237444,262.000000
"2025-11-08 13:01:36.447 +0000",1762606896.447453,10.812315,106.631015,14.200000,5.000000,9.500000,10.597556,261.900000
"2025-11-08 13:01:37.465 +0000",1762606897.464649,10.812301,106.630917,14.200000,5.000000,9.500000,10.854778,261.000000
"2025-11-08 13:01:38.446 +0000",1762606898.446308,10.812285,106.630818,14.200000,5.000000,9.500000,11.009111,260.800000
"2025-11-08 13:01:39.453 +0000",1762606899.452538,10.812343,106.630708,14.100000,8.661636,9.500000,11.009111,262.200745
"2025-11-08 13:01:40.453 +0000",1762606900.452983,10.812330,106.630608,14.100000,8.859976,9.500000,11.112000,262.399536
"2025-11-08 13:01:41.461 +0000",1762606901.460807,10.812317,106.630508,14.000000,8.974715,9.500000,10.854778,262.399536
"2025-11-08 13:01:42.453 +0000",1762606902.452728,10.812304,106.630412,13.900000,9.100235,9.500000,10.031667,262.399536
"2025-11-08 13:01:43.471 +0000",1762606903.470710,10.812293,106.630329,13.600000,9.235314,9.500000,8.282556,262.399536
"2025-11-08 13:01:44.465 +0000",1762606904.464926,10.812284,106.630263,13.200000,9.362484,9.500000,6.379111,262.399536
"2025-11-08 13:01:45.455 +0000",1762606905.454997,10.812278,106.630214,13.000000,9.289871,9.500000,4.372778,262.399536
"2025-11-08 13:01:46.443 +0000",1762606906.442969,10.812273,106.630180,13.000000,9.143130,9.500000,3.035222,262.399536
"2025-11-08 13:01:47.000 +0000",1762606906.999897,10.812273,106.630180,13.000000,9.143130,9.500000,2.642442,262.399536
"2025-11-08 13:01:47.433 +0000",1762606907.433027,10.812270,106.630155,13.000000,8.971981,9.500000,2.572222,262.399536
"2025-11-08 13:01:48.441 +0000",1762606908.440822,10.812267,106.630131,13.100000,8.854394,9.500000,2.675111,262.399536
"2025-11-08 13:01:49.443 +0000",1762606909.442969,10.812264,106.630107,13.100000,8.770119,9.500000,2.726556,262.399536
"2025-11-08 13:01:50.440 +0000",1762606910.440303,10.812260,106.630082,13.100000,8.719157,9.500000,2.726556,262.399536
"2025-11-08 13:01:51.463 +0000",1762606911.463479,10.812257,106.630055,13.100000,8.651945,9.500000,3.241000,262.399536
"2025-11-08 13:01:52.451 +0000",1762606912.451021,10.812253,106.630022,13.200000,8.755700,9.500000,3.961222,262.399536
"2025-11-08 13:01:53.450 +0000",1762606913.449730,10.812247,106.629981,13.200000,9.078268,9.500000,5.041556,262.399536
"2025-11-08 13:01:54.452 +0000",1762606914.451825,10.812241,106.629931,13.300000,9.299995,9.500000,5.916111,262.399536
"2025-11-08 13:01:55.450 +0000",1762606915.450041,10.812233,106.629873,13.400000,9.359320,9.500000,6.790667,262.399536
"2025-11-08 13:01:56.446 +0000",1762606916.445786,10.812224,106.629808,13.400000,9.312336,9.500000,7.356556,262.399536
"2025-11-08 13:01:57.462 +0000",1762606917.461945,10.812212,106.629736,13.400000,9.108080,9.500000,7.973889,260.914459
"2025-11-08 13:01:58.455 +0000",1762606918.454964,10.812200,106.629661,13.400000,9.006734,9.500000,8.539778,260.914459
"2025-11-08 13:01:59.455 +0000",1762606919.454615,10.812188,106.629582,13.400000,8.744315,9.500000,9.002778,260.914459
"2025-11-08 13:02:00.536 +0000",1762606920.535588,10.812174,106.629498,13.500000,8.419418,9.500000,9.465778,260.914459
"2025-11-08 13:02:01.455 +0000",1762606921.455280,10.812161,106.629412,13.600000,8.084399,9.500000,9.568667,260.914459
"2025-11-08 13:02:02.455 +0000",1762606922.455128,10.812147,106.629326,13.500000,7.958660,9.500000,9.362889,260.914459
"2025-11-08 13:02:03.455 +0000",1762606923.455419,10.812134,106.629242,13.400000,5.000000,9.500000,9.105667,260.873840
"2025-11-08 13:02:04.450 +0000",1762606924.450371,10.812121,106.629161,13.400000,5.000000,9.500000,8.694111,260.873840
"2025-11-08 13:02:05.462 +0000",1762606925.462123,10.812108,106.629083,13.500000,5.000000,9.500000,8.436889,260.873840
"2025-11-08 13:02:06.462 +0000",1762606926.462068,10.812096,106.629006,13.700000,5.000000,9.500000,8.539778,260.873840
"2025-11-08 13:02:07.450 +0000",1762606927.450325,10.812084,106.628927,13.900000,5.000000,9.500000,8.745556,260.764435
"2025-11-08 13:02:08.455 +0000",1762606928.455414,10.812071,106.628847,14.100000,5.000000,9.500000,9.002778,260.764435
"2025-11-08 13:02:09.446 +0000",1762606929.445569,10.812057,106.628765,14.200000,5.000000,9.500000,9.208556,260.764435
"2025-11-08 13:02:10.456 +0000",1762606930.455507,10.812044,106.628680,14.200000,5.000000,9.500000,9.414333,260.764435
"2025-11-08 13:02:11.451 +0000",1762606931.451462,10.812030,106.628595,14.200000,5.000000,9.500000,9.465778,260.764435
"2025-11-08 13:02:12.453 +0000",1762606932.453448,10.811999,106.628504,14.300000,5.000000,9.500000,9.671556,250.721710
"2025-11-08 13:02:13.444 +0000",1762606933.443749,10.811969,106.628419,14.200000,5.000000,9.500000,9.825889,250.721710
"2025-11-08 13:02:14.455 +0000",1762606934.454520,10.811940,106.628334,14.200000,5.000000,9.500000,9.825889,250.721710
"2025-11-08 13:02:15.000 +0000",1762606934.999529,10.811940,106.628334,14.200000,5.000000,9.500000,9.894193,250.721710
"2025-11-08 13:02:15.451 +0000",1762606935.450725,10.811911,106.628250,14.100000,5.000000,9.500000,9.671556,250.721710
"2025-11-08 13:02:16.461 +0000",1762606936.461279,10.811882,106.628166,14.100000,5.000000,9.500000,9.517222,250.721710
"2025-11-08 13:02:17.461 +0000",1762606937.460827,10.811854,106.628085,14.200000,5.000000,9.500000,9.311444,250.787521
"2025-11-08 13:02:18.451 +0000",1762606938.450872,10.811827,106.628006,14.100000,5.000000,9.500000,8.899889,250.787521
"2025-11-08 13:02:19.452 +0000",1762606939.451789,10.811801,106.627933,14.000000,5.000000,9.500000,8.128222,250.787521
"2025-11-08 13:02:20.461 +0000",1762606940.460999,10.811778,106.627865,13.900000,5.000000,9.500000,7.459444,250.787521
"2025-11-08 13:02:21.465 +0000",1762606941.465350,10.811757,106.627803,13.900000,5.000000,9.500000,6.945000,250.787521
"2025-11-08 13:02:21.999 +0000",1762606941.999437,10.811757,106.627803,13.900000,5.000000,9.500000,6.328861,250.787521
"2025-11-08 13:02:22.453 +0000",1762606942.453432,10.811733,106.627739,13.700000,8.223877,9.500000,6.173333,244.033142
"2025-11-08 13:02:23.452 +0000",1762606943.452187,10.811716,106.627695,13.600000,8.493188,9.500000,5.298778,248.145798
"2025-11-08 13:02:24.452 +0000",1762606944.452450,10.811699,106.627653,13.600000,8.666838,9.500000,4.527111,248.145798
"2025-11-08 13:02:25.435 +0000",1762606945.435328,10.811686,106.627619,13.500000,8.825823,9.500000,3.601111,248.071274
"2025-11-08 13:02:26.427 +0000",1762606946.426884,10.811675,106.627592,13.400000,8.921341,9.500000,2.726556,248.071274
"2025-11-08 13:02:27.444 +0000",1762606947.443564,10.811667,106.627571,13.400000,8.993984,9.500000,2.160667,248.071274
"2025-11-08 13:02:28.460 +0000",1762606948.459957,10.811661,106.627555,13.400000,9.036786,9.500000,1.389000,248.071274
"2025-11-08 13:02:29.455 +0000",1762606949.455009,10.811657,106.627546,13.400000,9.063860,9.500000,0.668778,248.071274
"2025-11-08 13:02:30.458 +0000",1762606950.457748,10.811656,106.627544,13.300000,9.046441,9.500000,0.000000,248.071274
"2025-11-08 13:02:31.467 +0000",1762606951.467442,10.811656,106.627544,13.400000,9.028484,9.500000,0.000000,248.071274
"2025-11-08 13:02:32.463 +0000",1762606952.463111,10.811656,106.627544,13.400000,9.028484,9.500000,0.000000,248.071274
"2025-11-08 13:02:33.452 +0000",1762606953.452002,10.811656,106.627544,13.400000,9.028484,9.500000,0.000000,248.071274
"2025-11-08 13:02:34.469 +0000",1762606954.468932,10.811656,106.627544,13.400000,9.028484,9.500000,0.000000,248.071274
"2025-11-08 13:02:35.451 +0000",1762606955.450849,10.811656,106.627544,13.400000,9.028484,9.500000,0.000000,248.071274
"2025-11-08 13:02:36.463 +0000",1762606956.462592,10.811656,106.627543,13.400000,8.992750,9.500000,0.257222,248.071274
"2025-11-08 13:02:37.467 +0000",1762606957.467118,10.811655,106.627541,13.400000,8.986140,9.500000,0.257222,248.071274
"2025-11-08 13:02:38.455 +0000",1762606958.455061,10.811653,106.627536,13.400000,8.987036,9.500000,0.720222,248.071274
"2025-11-08 13:02:39.452 +0000",1762606959.452116,10.811650,106.627528,13.400000,8.981681,9.500000,1.234667,248.071274
"2025-11-08 13:02:40.468 +0000",1762606960.467633,10.811644,106.627513,13.300000,9.031451,9.500000,2.212111,248.071274
"2025-11-08 13:02:41.466 +0000",1762606961.465807,10.811635,106.627490,13.400000,9.133398,9.500000,3.343889,248.071274
"2025-11-08 13:02:42.461 +0000",1762606962.461105,10.811621,106.627457,13.400000,9.373825,9.500000,4.372778,248.071274
"2025-11-08 13:02:43.455 +0000",1762606963.454820,10.811605,106.627415,13.300000,9.763181,9.500000,5.350222,248.071274
"2025-11-08 13:02:44.452 +0000",1762606964.451955,10.811586,106.627368,13.300000,10.085627,9.500000,5.710333,248.071274
"2025-11-08 13:02:45.458 +0000",1762606965.457576,10.811567,106.627319,13.200000,10.415399,9.500000,5.556000,248.071274
"2025-11-08 13:02:45.999 +0000",1762606965.999125,10.811567,106.627319,13.200000,10.415399,9.500000,5.154056,248.071274
"2025-11-08 13:02:46.468 +0000",1762606966.468379,10.811548,106.627272,13.100000,10.673165,9.500000,5.401667,248.071274
"2025-11-08 13:02:47.451 +0000",1762606967.451000,10.811529,106.627226,13.100000,10.823710,9.500000,5.247333,247.816452
"2025-11-08 13:02:48.442 +0000",1762606968.442122,10.811512,106.627183,13.100000,10.977702,9.500000,5.093000,247.816452
"2025-11-08 13:02:49.451 +0000",1762606969.450921,10.811495,106.627141,13.100000,11.096404,9.500000,4.784333,247.816452
"2025-11-08 13:02:50.453 +0000",1762606970.452533,10.811479,106.627100,13.100000,11.298063,9.500000,4.784333,247.816452
"2025-11-08 13:02:51.462 +0000",1762606971.462098,10.811462,106.627059,13.200000,11.700644,9.500000,4.784333,247.816452
"2025-11-08 13:02:52.457 +0000",1762606972.457149,10.811446,106.627019,13.100000,12.466027,9.500000,4.630000,247.816452
"2025-11-08 13:02:53.453 +0000",1762606973.453023,10.811431,106.626982,13.100000,13.580321,9.500000,4.424222,247.816452
"2025-11-08 13:02:54.447 +0000",1762606974.446715,10.811417,106.626948,13.100000,15.248481,9.500000,4.218444,247.816452
"2025-11-08 13:02:55.466 +0000",1762606975.465995,10.811388,106.626900,13.000000,16.804621,9.500000,4.167000,205.800000
"2025-11-08 13:02:56.469 +0000",1762606976.469195,10.811227,106.626964,13.200000,5.000000,9.500000,4.475667,176.762955
"2025-11-08 13:02:57.464 +0000",1762606977.464499,10.811185,106.626962,13.200000,5.000000,9.500000,4.938667,176.762955
"2025-11-08 13:02:58.476 +0000",1762606978.475987,10.811139,106.626965,13.200000,5.000000,9.500000,5.504556,176.762955
"2025-11-08 13:02:59.463 +0000",1762606979.463490,10.811086,106.626973,13.200000,5.000000,9.500000,6.173333,176.762955
"2025-11-08 13:03:00.463 +0000",1762606980.463441,10.811028,106.626961,13.200000,5.000000,9.500000,6.739222,176.762955
"2025-11-08 13:03:01.450 +0000",1762606981.449759,10.810965,106.626965,13.200000,5.000000,9.500000,7.150778,176.762955
"2025-11-08 13:03:02.467 +0000",1762606982.466967,10.810898,106.626969,13.200000,5.000000,9.500000,7.665222,176.762955
"2025-11-08 13:03:03.461 +0000",1762606983.460766,10.810825,106.626973,13.400000,5.000000,9.500000,8.282556,176.762955
"2025-11-08 13:03:04.467 +0000",1762606984.466803,10.810748,106.626977,13.400000,5.000000,9.500000,8.797000,176.762955
"2025-11-08 13:03:05.444 +0000",1762606985.444266,10.810668,106.626982,13.300000,5.000000,9.500000,8.642667,176.762955
"2025-11-08 13:03:06.464 +0000",1762606986.464132,10.810592,106.626986,13.300000,5.000000,9.500000,8.334000,178.005203
"2025-11-08 13:03:07.463 +0000",1762606987.463374,10.810517,106.626989,13.200000,5.000000,9.500000,8.076778,176.907043
"2025-11-08 13:03:08.457 +0000",1762606988.456886,10.810445,106.626993,13.200000,5.000000,9.500000,8.076778,176.907043
"2025-11-08 13:03:09.472 +0000",1762606989.472493,10.810371,106.626998,13.300000,5.000000,9.500000,8.231111,176.783127
"2025-11-08 13:03:10.463 +0000",1762606990.463492,10.810296,106.627002,13.300000,5.000000,9.500000,8.334000,176.783127
"2025-11-08 13:03:11.464 +0000",1762606991.464499,10.810220,106.627006,13.300000,5.000000,9.500000,8.231111,176.783127
"2025-11-08 13:03:12.465 +0000",1762606992.464639,10.810147,106.627010,13.300000,5.000000,9.500000,7.922444,176.783127
"2025-11-08 13:03:13.468 +0000",1762606993.468398,10.810076,106.627016,13.200000,5.000000,9.500000,7.665222,175.817337
"2025-11-08 13:03:14.457 +0000",1762606994.457133,10.810007,106.627021,13.300000,5.000000,9.500000,7.613778,175.817337
"2025-11-08 13:03:15.465 +0000",1762606995.464999,10.809939,106.627026,13.300000,5.000000,9.500000,7.459444,175.817337
"2025-11-08 13:03:16.455 +0000",1762606996.455041,10.809872,106.627031,13.300000,5.000000,9.500000,7.408000,175.817337
"2025-11-08 13:03:17.444 +0000",1762606997.443632,10.809805,106.627036,13.400000,5.000000,9.500000,7.356556,175.817337
"2025-11-08 13:03:18.434 +0000",1762606998.433963,10.809738,106.627041,13.400000,5.000000,9.500000,7.613778,175.817337
"2025-11-08 13:03:19.449 +0000",1762606999.449094,10.809668,106.627048,13.400000,5.000000,9.500000,7.922444,175.413315
"2025-11-08 13:03:20.451 +0000",1762607000.450782,10.809595,106.627053,13.500000,5.000000,9.500000,8.231111,175.413315
"2025-11-08 13:03:21.440 +0000",1762607001.440055,10.809520,106.627060,13.500000,5.000000,9.500000,8.334000,175.413315
"2025-11-08 13:03:22.474 +0000",1762607002.474249,10.809445,106.627066,13.400000,5.000000,9.500000,8.282556,175.413574
"2025-11-08 13:03:23.461 +0000",1762607003.460720,10.809370,106.627071,13.400000,5.000000,9.500000,8.179667,175.848068
"2025-11-08 13:03:24.465 +0000",1762607004.465186,10.809297,106.627077,13.400000,5.000000,9.500000,8.025333,175.848068
"2025-11-08 13:03:25.569 +0000",1762607005.569214,10.809224,106.627082,13.300000,5.000000,9.500000,7.819556,175.848068
"2025-11-08 13:03:26.482 +0000",1762607006.481774,10.809155,106.627088,13.300000,5.000000,9.500000,7.459444,175.465912
"2025-11-08 13:03:27.454 +0000",1762607007.454211,10.809088,106.627093,13.300000,5.000000,9.500000,7.305111,175.465912
"2025-11-08 13:03:28.463 +0000",1762607008.462550,10.809023,106.627098,13.300000,5.000000,9.500000,7.202222,175.465912
"2025-11-08 13:03:29.449 +0000",1762607009.448622,10.808957,106.627103,13.300000,5.000000,9.500000,7.408000,175.465912
"2025-11-08 13:03:30.461 +0000",1762607010.461130,10.808889,106.627109,13.400000,5.000000,9.500000,7.716667,175.465912
"2025-11-08 13:03:31.425 +0000",1762607011.424577,10.808818,106.627114,13.400000,5.000000,9.500000,7.922444,175.585648
"2025-11-08 13:03:32.446 +0000",1762607012.445660,10.808746,106.627120,13.400000,5.000000,9.500000,8.179667,175.585648
"2025-11-08 13:03:33.469 +0000",1762607013.469207,10.808673,106.627126,13.400000,5.000000,9.500000,8.025333,175.585648
"2025-11-08 13:03:34.454 +0000",1762607014.453901,10.808601,106.627131,13.400000,5.000000,9.500000,7.922444,175.585648
"2025-11-08 13:03:35.453 +0000",1762607015.452503,10.808530,106.627137,13.300000,5.000000,9.500000,7.768111,175.585648
"2025-11-08 13:03:36.444 +0000",1762607016.444035,10.808460,106.627142,13.400000,5.000000,9.500000,7.819556,175.585648
"2025-11-08 13:03:37.450 +0000",1762607017.449919,10.808389,106.627148,13.400000,5.000000,9.500000,7.665222,175.426941
"2025-11-08 13:03:38.452 +0000",1762607018.451788,10.808322,106.627153,13.400000,5.000000,9.500000,7.099333,175.426941
"2025-11-08 13:03:39.451 +0000",1762607019.450530,10.808261,106.627158,13.200000,5.000000,9.500000,6.379111,175.426941
"2025-11-08 13:03:40.434 +0000",1762607020.434219,10.808205,106.627163,13.300000,5.000000,9.500000,6.121889,175.426941
"2025-11-08 13:03:41.450 +0000",1762607021.449974,10.808150,106.627167,13.300000,5.000000,9.500000,6.276222,175.426941
"2025-11-08 13:03:42.445 +0000",1762607022.444570,10.808091,106.627171,13.500000,5.000000,9.500000,6.842111,175.786880
"2025-11-08 13:03:43.442 +0000",1762607023.442201,10.808027,106.627176,13.500000,5.000000,9.500000,7.305111,175.786880
"2025-11-08 13:03:44.438 +0000",1762607024.437998,10.807959,106.627181,13.700000,5.000000,9.500000,7.768111,175.786804
"2025-11-08 13:03:45.457 +0000",1762607025.457012,10.807887,106.627186,13.700000,5.000000,9.500000,8.128222,175.786804
"2025-11-08 13:03:46.459 +0000",1762607026.459054,10.807812,106.627192,13.700000,5.000000,9.500000,8.436889,175.681854
"2025-11-08 13:03:47.460 +0000",1762607027.460463,10.807736,106.627198,13.700000,5.000000,9.500000,8.282556,175.681854
"2025-11-08 13:03:48.435 +0000",1762607028.435058,10.807662,106.627204,13.700000,5.000000,9.500000,8.076778,175.681854
"2025-11-08 13:03:49.000 +0000",1762607028.999949,10.807661,106.627205,13.700000,5.000000,9.500000,7.942225,173.885025
"2025-11-08 13:03:49.446 +0000",1762607029.445911,10.807589,106.627213,13.700000,5.000000,9.500000,7.973889,173.885025
"2025-11-08 13:03:50.443 +0000",1762607030.442931,10.807517,106.627220,13.800000,5.000000,9.500000,7.871000,173.885025
"2025-11-08 13:03:51.463 +0000",1762607031.462686,10.807445,106.627228,13.800000,5.000000,9.500000,8.076778,173.885025
"2025-11-08 13:03:52.465 +0000",1762607032.465307,10.807372,106.627236,13.800000,5.000000,9.500000,8.179667,173.885025
"2025-11-08 13:03:53.451 +0000",1762607033.450745,10.807299,106.627244,13.800000,5.000000,9.500000,8.128222,173.885025
"2025-11-08 13:03:54.448 +0000",1762607034.448129,10.807227,106.627252,13.800000,5.000000,9.500000,7.871000,173.885025
"2025-11-08 13:03:55.463 +0000",1762607035.463330,10.807157,106.627259,13.700000,5.000000,9.500000,7.562333,173.885025
"2025-11-08 13:03:56.469 +0000",1762607036.468569,10.807091,106.627267,13.700000,5.000000,9.500000,7.202222,173.885025
"2025-11-08 13:03:57.443 +0000",1762607037.443125,10.807027,106.627273,13.700000,5.000000,9.500000,6.893556,173.885025
"2025-11-08 13:03:58.438 +0000",1762607038.437569,10.806966,106.627286,13.700000,5.000000,9.500000,6.482000,171.233063
"2025-11-08 13:03:59.444 +0000",1762607039.444094,10.806909,106.627295,13.700000,5.000000,9.500000,6.121889,171.233063
"2025-11-08 13:04:00.464 +0000",1762607040.463528,10.806856,106.627304,13.700000,5.000000,9.500000,5.813222,171.233063
"2025-11-08 13:04:01.451 +0000",1762607041.451015,10.806806,106.627311,13.600000,5.000000,9.500000,5.195889,171.233063
"2025-11-08 13:04:02.463 +0000",1762607042.462659,10.806762,106.627318,13.600000,5.000000,9.500000,4.784333,171.233063
"2025-11-08 13:04:03.449 +0000",1762607043.448999,10.806722,106.627324,13.600000,5.000000,9.500000,3.961222,171.233063
"2025-11-08 13:04:04.000 +0000",1762607043.999741,10.806722,106.627324,13.600000,5.000000,9.500000,3.115549,171.233063
"2025-11-08 13:04:04.448 +0000",1762607044.447695,10.806691,106.627329,13.600000,5.000000,9.500000,2.983778,171.233063
"2025-11-08 13:04:05.449 +0000",1762607045.448920,10.806669,106.627333,13.500000,5.000000,9.500000,2.057778,171.233063
"2025-11-08 13:04:06.454 +0000",1762607046.453741,10.806654,106.627335,13.600000,5.000000,9.500000,1.131778,171.233063
"2025-11-08 13:04:07.442 +0000",1762607047.442166,10.806648,106.627336,13.600000,5.000000,9.500000,0.360111,171.233063
"2025-11-08 13:04:08.471 +0000",1762607048.471046,10.806646,106.627336,13.600000,5.000000,9.500000,0.000000,171.233063
"2025-11-08 13:04:09.459 +0000",1762607049.459015,10.806646,106.627336,13.600000,5.000000,9.500000,0.000000,171.233063
"2025-11-08 13:04:10.443 +0000",1762607050.443213,10.806646,106.627336,13.600000,5.000000,9.500000,0.000000,171.233063
"2025-11-08 13:04:11.454 +0000",1762607051.454072,10.806646,106.627336,13.600000,5.000000,9.500000,0.000000,171.233063
"2025-11-08 13:04:12.449 +0000",1762607052.448572,10.806646,106.627336,13.600000,5.000000,9.500000,0.000000,171.233063
"2025-11-08 13:04:13.462 +0000",1762607053.462380,10.806646,106.627336,13.600000,5.000000,9.500000,0.308667,171.233063
"2025-11-08 13:04:14.453 +0000",1762607054.453315,10.806641,106.627337,13.600000,5.000000,9.500000,0.771667,171.233063
"2025-11-08 13:04:15.454 +0000",1762607055.454073,10.806631,106.627339,13.600000,5.000000,9.500000,1.337556,171.233063
"2025-11-08 13:04:16.000 +0000",1762607055.999579,10.806631,106.627339,13.600000,5.000000,9.500000,1.980186,171.233063
"2025-11-08 13:04:16.470 +0000",1762607056.469552,10.806615,106.627341,13.600000,5.000000,9.500000,1.954889,171.233063
"2025-11-08 13:04:17.458 +0000",1762607057.458425,10.806600,106.627343,13.600000,5.000000,9.500000,1.389000,171.233063
"2025-11-08 13:04:18.448 +0000",1762607058.447535,10.806589,106.627345,13.600000,5.000000,9.500000,0.823111,171.233063
"2025-11-08 13:04:19.449 +0000",1762607059.449071,10.806585,106.627346,13.600000,5.000000,9.500000,0.000000,171.233063
"2025-11-08 13:04:20.449 +0000",1762607060.449073,10.806585,106.627346,13.600000,5.000000,9.500000,0.000000,171.233063
"2025-11-08 13:04:21.000 +0000",1762607060.999512,10.806585,106.627346,13.600000,5.000000,9.500000,0.008121,171.233063
"2025-11-08 13:04:21.459 +0000",1762607061.458589,10.806585,106.627346,13.600000,5.000000,9.500000,0.000000,171.233063
"2025-11-08 13:04:22.455 +0000",1762607062.454678,10.806585,106.627346,13.600000,5.000000,9.500000,0.000000,171.233063
"2025-11-08 13:04:23.448 +0000",1762607063.448220,10.806584,106.627346,13.600000,5.000000,9.500000,0.360111,171.233063
"2025-11-08 13:04:24.444 +0000",1762607064.444365,10.806577,106.627347,13.600000,5.000000,9.500000,1.286111,171.233063
"2025-11-08 13:04:25.448 +0000",1762607065.447600,10.806559,106.627350,13.600000,5.000000,9.500000,2.572222,171.233063
"2025-11-08 13:04:26.443 +0000",1762607066.443300,10.806532,106.627354,13.600000,5.000000,9.500000,3.395333,171.233063
"2025-11-08 13:04:27.445 +0000",1762607067.445129,10.806499,106.627359,13.600000,5.000000,9.500000,3.909778,171.233063
"2025-11-08 13:04:28.445 +0000",1762607068.445179,10.806464,106.627365,13.600000,5.000000,9.500000,3.909778,171.233063
"2025-11-08 13:04:29.454 +0000",1762607069.453845,10.806430,106.627370,13.600000,5.000000,9.500000,3.652556,171.233063
"2025-11-08 13:04:30.449 +0000",1762607070.449050,10.806398,106.627375,13.700000,5.000000,9.500000,3.704000,171.233063
"2025-11-08 13:04:31.457 +0000",1762607071.456892,10.806370,106.627378,13.800000,5.000000,9.500000,3.704000,211.200000
"2025-11-08 13:04:32.456 +0000",1762607072.455815,10.806347,106.627358,13.800000,5.000000,9.500000,3.189556,231.400000
"2025-11-08 13:04:33.461 +0000",1762607073.460839,10.806333,106.627335,13.900000,5.000000,9.500000,2.932333,250.600000
"2025-11-08 13:04:34.459 +0000",1762607074.458798,10.806328,106.627309,14.000000,5.000000,9.500000,3.138111,282.310822
"2025-11-08 13:04:35.463 +0000",1762607075.463079,10.806351,106.627280,14.200000,5.000000,9.500000,4.115556,282.310822
"2025-11-08 13:04:36.448 +0000",1762607076.447914,10.806360,106.627239,14.300000,5.000000,9.500000,4.938667,282.310822
"2025-11-08 13:04:37.460 +0000",1762607077.459857,10.806370,106.627192,14.300000,5.000000,9.500000,5.607444,282.310822
"2025-11-08 13:04:38.454 +0000",1762607078.453560,10.806382,106.627138,14.400000,5.000000,9.500000,6.482000,282.310822
"2025-11-08 13:04:39.453 +0000",1762607079.452915,10.806395,106.627076,14.400000,5.000000,9.500000,7.459444,282.310822
"2025-11-08 13:04:40.443 +0000",1762607080.443216,10.806411,106.627003,14.500000,5.000000,9.500000,8.539778,282.310822
"2025-11-08 13:04:41.464 +0000",1762607081.463642,10.806428,106.626922,14.500000,5.000000,9.500000,9.517222,282.310822
"2025-11-08 13:04:41.999 +0000",1762607081.999238,10.806428,106.626922,14.500000,5.000000,9.500000,10.100108,282.310822
"2025-11-08 13:04:42.483 +0000",1762607082.482905,10.806447,106.626834,14.600000,5.000000,9.500000,10.134556,282.310822
"2025-11-08 13:04:43.477 +0000",1762607083.476686,10.806467,106.626744,14.300000,5.000000,9.500000,9.928778,282.310822
"2025-11-08 13:04:44.461 +0000",1762607084.460552,10.806486,106.626656,14.300000,5.000000,9.500000,9.774444,282.344604
"2025-11-08 13:04:45.442 +0000",1762607085.442306,10.806505,106.626570,14.200000,5.000000,9.500000,9.568667,282.344604
"2025-11-08 13:04:46.464 +0000",1762607086.463853,10.806523,106.626485,14.100000,5.000000,9.500000,9.157111,282.344604
"2025-11-08 13:04:47.461 +0000",1762607087.461481,10.806540,106.626406,13.900000,5.000000,9.500000,8.642667,282.344604
"2025-11-08 13:04:47.999 +0000",1762607087.999158,10.806540,106.626406,13.900000,5.000000,9.500000,8.194711,282.344604
"2025-11-08 13:04:48.463 +0000",1762607088.462693,10.806556,106.626331,13.800000,5.000000,9.500000,8.025333,282.344604
"2025-11-08 13:04:49.453 +0000",1762607089.452677,10.806571,106.626262,13.700000,5.000000,9.500000,7.305111,282.344604
"2025-11-08 13:04:50.463 +0000",1762607090.462900,10.806585,106.626199,13.500000,5.000000,9.500000,6.790667,282.344604
"2025-11-08 13:04:51.469 +0000",1762607091.468959,10.806598,106.626139,13.600000,5.000000,9.500000,6.636333,282.344604
"2025-11-08 13:04:52.474 +0000",1762607092.474026,10.806611,106.626079,13.600000,5.000000,9.500000,6.584889,282.344604
"2025-11-08 13:04:53.465 +0000",1762607093.465316,10.806622,106.626020,13.500000,5.000000,9.500000,6.636333,281.407898
"2025-11-08 13:04:54.474 +0000",1762607094.474330,10.806635,106.625956,13.700000,5.000000,9.500000,7.408000,281.407898
"2025-11-08 13:04:55.470 +0000",1762607095.469938,10.806649,106.625885,13.800000,5.000000,9.500000,8.282556,281.407898
"2025-11-08 13:04:55.999 +0000",1762607095.999053,10.806649,106.625885,13.800000,5.000000,9.500000,9.121979,281.407898
"2025-11-08 13:04:56.472 +0000",1762607096.471978,10.806665,106.625806,13.900000,5.000000,9.500000,9.157111,281.407898
"2025-11-08 13:04:57.463 +0000",1762607097.463496,10.806682,106.625721,14.000000,5.000000,9.500000,9.671556,281.407898
"2025-11-08 13:04:58.461 +0000",1762607098.460693,10.806700,106.625632,13.900000,5.000000,9.500000,10.083111,281.407898
"2025-11-08 13:04:59.464 +0000",1762607099.463568,10.806718,106.625540,13.900000,5.000000,9.500000,10.443222,281.830780
"2025-11-08 13:05:00.469 +0000",1762607100.468673,10.806738,106.625445,13.900000,5.000000,9.500000,10.700444,281.830780
"2025-11-08 13:05:01.461 +0000",1762607101.460607,10.806758,106.625347,13.900000,5.000000,9.500000,11.009111,281.830780
"2025-11-08 13:05:02.459 +0000",1762607102.458545,10.806779,106.625247,13.900000,5.000000,9.500000,11.266333,281.830780
"2025-11-08 13:05:03.464 +0000",1762607103.464204,10.806800,106.625145,13.800000,5.000000,9.500000,11.420667,281.830780
"2025-11-08 13:05:04.460 +0000",1762607104.459813,10.806822,106.625043,13.800000,5.000000,9.500000,11.420667,282.365143
"2025-11-08 13:05:05.463 +0000",1762607105.462966,10.806844,106.624942,13.700000,5.000000,9.500000,11.266333,282.365143
"2025-11-08 13:05:06.460 +0000",1762607106.459685,10.806866,106.624840,13.700000,5.000000,9.500000,11.266333,282.365143
"2025-11-08 13:05:07.459 +0000",1762607107.458697,10.806888,106.624739,13.600000,5.000000,9.500000,11.317778,282.365143
"2025-11-08 13:05:08.464 +0000",1762607108.463928,10.806910,106.624637,13.600000,5.000000,9.500000,11.317778,282.365143
"2025-11-08 13:05:09.476 +0000",1762607109.476217,10.806932,106.624536,13.600000,5.000000,9.500000,11.163444,282.365143
"2025-11-08 13:05:10.459 +0000",1762607110.459410,10.806954,106.624436,13.500000,5.000000,9.500000,11.112000,282.365143
"2025-11-08 13:05:11.452 +0000",1762607111.451743,10.806975,106.624337,13.500000,5.000000,9.500000,11.060556,282.365143
"2025-11-08 13:05:12.459 +0000",1762607112.458731,10.806996,106.624238,13.500000,5.000000,9.500000,11.009111,282.255615
"2025-11-08 13:05:13.563 +0000",1762607113.563441,10.807018,106.624139,13.500000,5.000000,9.500000,11.060556,282.255615
"2025-11-08 13:05:14.453 +0000",1762607114.452915,10.807039,106.624040,13.600000,5.000000,9.500000,11.112000,282.255615
"2025-11-08 13:05:15.452 +0000",1762607115.451679,10.807060,106.623940,13.700000,5.000000,9.500000,11.214889,282.355103
"2025-11-08 13:05:16.462 +0000",1762607116.461693,10.807082,106.623839,13.800000,5.000000,9.500000,11.214889,282.355103
"2025-11-08 13:05:17.467 +0000",1762607117.466878,10.807104,106.623738,13.800000,5.000000,9.500000,11.163444,282.296570
"2025-11-08 13:05:17.999 +0000",1762607117.998765,10.807104,106.623738,13.800000,5.000000,9.500000,11.301441,282.296570
"2025-11-08 13:05:18.454 +0000",1762607118.453768,10.807126,106.623637,13.900000,5.000000,9.500000,11.266333,282.296570
"2025-11-08 13:05:18.999 +0000",1762607118.998752,10.807126,106.623637,13.900000,5.000000,9.500000,11.273535,282.296570
"2025-11-08 13:05:19.456 +0000",1762607119.456079,10.807147,106.623537,14.000000,5.000000,9.500000,11.163444,282.296570
"2025-11-08 13:05:19.999 +0000",1762607119.998740,10.807147,106.623537,14.000000,5.000000,9.500000,11.103267,282.296570
"2025-11-08 13:05:20.464 +0000",1762607120.463801,10.807169,106.623437,14.000000,5.000000,9.500000,11.009111,282.296570
"2025-11-08 13:05:20.999 +0000",1762607120.998727,10.807169,106.623437,14.000000,5.000000,9.500000,10.884589,282.296570
"2025-11-08 13:05:21.454 +0000",1762607121.453910,10.807190,106.623339,14.000000,5.000000,9.500000,10.751889,282.296570
"2025-11-08 13:05:21.999 +0000",1762607121.998713,10.807190,106.623339,14.000000,5.000000,9.500000,10.453488,282.296570
"2025-11-08 13:05:22.456 +0000",1762607122.456374,10.807210,106.623245,13.900000,5.000000,9.500000,10.340333,282.296570
"2025-11-08 13:05:23.481 +0000",1762607123.480858,10.807230,106.623154,14.200000,5.000000,9.500000,9.877333,282.296570
"2025-11-08 13:05:24.530 +0000",1762607124.529938,10.807249,106.623067,14.300000,5.000000,9.500000,9.568667,282.296570
"2025-11-08 13:05:25.475 +0000",1762607125.475282,10.807269,106.622985,14.300000,5.000000,9.500000,9.157111,283.311981
"2025-11-08 13:05:26.474 +0000",1762607126.474447,10.807288,106.622904,14.400000,5.000000,9.500000,9.002778,283.311981
"2025-11-08 13:05:27.484 +0000",1762607127.483590,10.807306,106.622825,14.500000,5.000000,9.500000,8.848444,283.311981
"2025-11-08 13:05:28.471 +0000",1762607128.471434,10.807325,106.622747,14.500000,5.000000,9.500000,8.591222,283.311981
"2025-11-08 13:05:29.475 +0000",1762607129.475297,10.807342,106.622671,14.600000,5.000000,9.500000,8.385444,283.311981
"2025-11-08 13:05:30.477 +0000",1762607130.476863,10.807360,106.622596,14.600000,5.000000,9.500000,8.385444,283.069031
"2025-11-08 13:05:31.497 +0000",1762607131.497325,10.807377,106.622521,14.700000,5.000000,9.500000,8.334000,283.069031
"2025-11-08 13:05:32.481 +0000",1762607132.480735,10.807394,106.622446,14.600000,5.000000,9.500000,8.231111,283.069031
"2025-11-08 13:05:33.465 +0000",1762607133.465347,10.807411,106.622373,14.600000,5.000000,9.500000,7.973889,283.069031
"2025-11-08 13:05:34.473 +0000",1762607134.472753,10.807427,106.622304,14.500000,5.000000,9.500000,7.510889,283.294037
"2025-11-08 13:05:35.465 +0000",1762607135.464991,10.807442,106.622240,14.400000,5.000000,9.500000,6.945000,283.294037
"2025-11-08 13:05:36.468 +0000",1762607136.468487,10.807456,106.622182,14.300000,5.000000,9.500000,5.916111,283.294037
"2025-11-08 13:05:37.473 +0000",1762607137.472777,10.807466,106.622136,14.100000,5.000000,9.500000,4.424222,283.294037
"2025-11-08 13:05:38.471 +0000",1762607138.471398,10.807474,106.622101,14.100000,5.000000,9.500000,3.292444,283.294037
"2025-11-08 13:05:39.471 +0000",1762607139.471155,10.807480,106.622076,14.100000,5.000000,9.500000,2.212111,283.294037
"2025-11-08 13:05:40.463 +0000",1762607140.462887,10.807484,106.622059,14.100000,5.000000,9.500000,1.440444,283.294037
"2025-11-08 13:05:41.457 +0000",1762607141.456618,10.807486,106.622051,14.100000,5.000000,9.500000,0.411556,283.294037
"2025-11-08 13:05:42.476 +0000",1762607142.475892,10.807486,106.622049,14.100000,5.000000,9.500000,0.000000,283.294037
"2025-11-08 13:05:43.465 +0000",1762607143.464828,10.807486,106.622049,14.200000,5.000000,9.500000,0.000000,283.294037
"2025-11-08 13:05:44.464 +0000",1762607144.463718,10.807486,106.622049,14.200000,5.000000,9.500000,0.000000,283.294037
"2025-11-08 13:05:45.000 +0000",1762607144.999887,10.807486,106.622049,14.200000,5.000000,9.500000,0.000000,283.294037
"2025-11-08 13:05:45.466 +0000",1762607145.466029,10.807486,106.622049,14.200000,5.000000,9.500000,0.000000,283.294037
"2025-11-08 13:05:46.000 +0000",1762607145.999892,10.807486,106.622049,14.200000,5.000000,9.500000,0.000000,283.294037
"2025-11-08 13:05:46.466 +0000",1762607146.466131,10.807423,106.622034,14.200000,5.000000,9.500000,0.000000,281.800000
"2025-11-08 13:05:47.466 +0000",1762607147.466389,10.807423,106.622034,14.200000,5.000000,9.500000,0.000000,281.800000
"2025-11-08 13:05:48.462 +0000",1762607148.462466,10.807423,106.622034,14.200000,5.000000,9.500000,0.000000,281.800000
"2025-11-08 13:05:49.489 +0000",1762607149.488583,10.807423,106.622034,14.200000,5.000000,9.500000,0.000000,281.800000
"2025-11-08 13:05:50.456 +0000",1762607150.456219,10.807423,106.622034,14.200000,5.000000,9.500000,0.000000,281.800000
"2025-11-08 13:05:51.471 +0000",1762607151.470710,10.807423,106.622034,14.200000,5.000000,9.500000,0.000000,281.800000
"2025-11-08 13:05:52.476 +0000",1762607152.475753,10.807423,106.622034,14.200000,5.000000,9.500000,0.000000,281.800000
"2025-11-08 13:05:53.470 +0000",1762607153.470298,10.807423,106.622034,14.200000,5.000000,9.500000,0.000000,281.800000
"2025-11-08 13:05:54.464 +0000",1762607154.463603,10.807423,106.622034,14.200000,5.000000,9.500000,0.000000,281.800000
"2025-11-08 13:05:55.467 +0000",1762607155.466986,10.807423,106.622034,14.200000,5.000000,9.500000,0.000000,281.800000
"2025-11-08 13:05:56.463 +0000",1762607156.463280,10.807423,106.622034,14.200000,5.000000,9.500000,0.000000,281.800000
"2025-11-08 13:05:57.467 +0000",1762607157.467174,10.807423,106.622034,14.200000,5.000000,9.500000,0.000000,281.800000
"2025-11-08 13:05:58.465 +0000",1762607158.465426,10.807423,106.622034,14.200000,5.000000,9.500000,0.000000,281.800000
"2025-11-08 13:05:59.462 +0000",1762607159.462488,10.807423,106.622034,14.200000,5.000000,9.500000,0.000000,281.800000
"2025-11-08 13:06:00.457 +0000",1762607160.456915,10.807423,106.622034,14.200000,5.000000,9.500000,0.000000,281.800000
"2025-11-08 13:06:01.454 +0000",1762607161.453854,10.807423,106.622034,14.200000,5.000000,9.500000,0.000000,281.800000
"2025-11-08 13:06:02.471 +0000",1762607162.470674,10.807423,106.622034,14.200000,5.000000,9.500000,0.000000,281.800000
"2025-11-08 13:06:03.463 +0000",1762607163.463308,10.807423,106.622034,14.200000,5.000000,9.500000,0.000000,281.800000
"2025-11-08 13:06:04.461 +0000",1762607164.460866,10.807423,106.622034,14.200000,5.000000,9.500000,0.000000,281.800000
"2025-11-08 13:06:05.459 +0000",1762607165.459088,10.807423,106.622034,14.200000,5.000000,9.500000,0.000000,281.800000
"2025-11-08 13:06:06.462 +0000",1762607166.461781,10.807423,106.622034,14.200000,5.000000,9.500000,0.000000,281.800000
"2025-11-08 13:06:07.442 +0000",1762607167.442261,10.807423,106.622034,14.200000,5.000000,9.500000,0.000000,281.800000
"2025-11-08 13:06:08.446 +0000",1762607168.446098,10.807423,106.622034,14.200000,5.000000,9.500000,0.000000,281.800000
"2025-11-08 13:06:09.456 +0000",1762607169.455903,10.807423,106.622034,14.200000,5.000000,9.500000,0.000000,281.800000
"2025-11-08 13:06:10.465 +0000",1762607170.464881,10.807423,106.622034,14.200000,5.000000,9.500000,0.102889,281.800000
"2025-11-08 13:06:11.483 +0000",1762607171.483139,10.807424,106.622031,14.300000,5.000000,9.500000,0.565889,282.000000
"2025-11-08 13:06:12.456 +0000",1762607172.455871,10.807425,106.622023,14.300000,5.000000,9.500000,1.028889,282.600000
"2025-11-08 13:06:13.464 +0000",1762607173.463934,10.807429,106.622010,14.400000,5.000000,9.500000,1.903444,283.300000
"2025-11-08 13:06:14.468 +0000",1762607174.467514,10.807434,106.621989,14.400000,5.000000,9.500000,2.675111,283.300000
"2025-11-08 13:06:15.454 +0000",1762607175.453677,10.807503,106.621978,14.400000,5.000000,9.500000,3.086667,283.294037
"2025-11-08 13:06:16.447 +0000",1762607176.447011,10.807510,106.621949,14.400000,5.000000,9.500000,3.446778,283.294037
"2025-11-08 13:06:17.462 +0000",1762607177.462125,10.807517,106.621918,14.400000,5.000000,9.500000,3.292444,283.294037
"2025-11-08 13:06:18.449 +0000",1762607178.448654,10.807523,106.621892,14.300000,8.169196,9.500000,2.315000,283.294037
"2025-11-08 13:06:19.462 +0000",1762607179.462444,10.807527,106.621874,14.300000,8.496924,9.500000,1.749111,283.294037
"2025-11-08 13:06:19.999 +0000",1762607179.999446,10.807527,106.621874,14.300000,8.496924,9.500000,1.237951,283.294037
"2025-11-08 13:06:20.449 +0000",1762607180.449242,10.807530,106.621861,14.300000,8.801263,9.500000,1.131778,283.294037
"2025-11-08 13:06:21.460 +0000",1762607181.459783,10.807532,106.621852,14.300000,9.024461,9.500000,1.028889,283.294037
"2025-11-08 13:06:22.464 +0000",1762607182.463915,10.807535,106.621843,14.400000,9.397132,9.500000,1.080333,283.294037
"2025-11-08 13:06:23.457 +0000",1762607183.456631,10.807537,106.621835,14.300000,9.855195,9.500000,0.926000,283.294037
"2025-11-08 13:06:23.999 +0000",1762607183.999393,10.807537,106.621835,14.300000,9.855195,9.500000,0.884640,283.294037
"2025-11-08 13:06:24.444 +0000",1762607184.443776,10.807538,106.621828,14.300000,10.302528,9.500000,0.823111,283.294037
"2025-11-08 13:06:24.999 +0000",1762607184.999378,10.807538,106.621828,14.300000,10.302528,9.500000,0.734024,283.294037
"2025-11-08 13:06:25.450 +0000",1762607185.450297,10.807540,106.621822,14.400000,10.769935,9.500000,0.668778,283.294037
"2025-11-08 13:06:26.450 +0000",1762607186.450145,10.807541,106.621817,14.300000,11.193335,9.500000,0.617333,283.294037
"2025-11-08 13:06:27.463 +0000",1762607187.463219,10.807542,106.621813,14.400000,11.668851,9.500000,0.720222,283.294037
"2025-11-08 13:06:28.467 +0000",1762607188.467107,10.807543,106.621809,14.300000,12.327116,9.500000,0.874556,283.294037
"2025-11-08 13:06:29.462 +0000",1762607189.461939,10.807533,106.621802,14.300000,11.779538,9.500000,0.926000,223.000000
"2025-11-08 13:06:30.464 +0000",1762607190.464102,10.807533,106.621798,14.300000,12.482739,9.500000,0.823111,219.100000
"2025-11-08 13:06:31.458 +0000",1762607191.457873,10.807533,106.621795,14.300000,13.111312,9.500000,0.771667,215.300000
"2025-11-08 13:06:32.458 +0000",1762607192.458053,10.807438,106.621664,14.300000,11.806977,9.500000,1.080333,192.298615
"2025-11-08 13:06:33.434 +0000",1762607193.433822,10.807428,106.621661,14.300000,11.485173,9.500000,1.337556,192.298615
"2025-11-08 13:06:34.483 +0000",1762607194.482766,10.807414,106.621658,14.300000,11.218890,9.500000,1.697667,192.298615
"2025-11-08 13:06:35.450 +0000",1762607195.450138,10.807371,106.621682,14.300000,5.000000,9.500000,2.366444,175.022232
"2025-11-08 13:06:36.501 +0000",1762607196.500650,10.807350,106.621684,14.300000,5.000000,9.500000,2.623667,174.655899
"2025-11-08 13:06:37.446 +0000",1762607197.446001,10.807327,106.621686,14.300000,5.000000,9.500000,2.675111,174.655899
"2025-11-08 13:06:38.446 +0000",1762607198.446157,10.807304,106.621688,14.300000,5.000000,9.500000,2.623667,174.655899
"2025-11-08 13:06:39.457 +0000",1762607199.456606,10.807280,106.621690,14.300000,5.000000,9.500000,2.829444,174.655899
"2025-11-08 13:06:40.458 +0000",1762607200.457681,10.807253,106.621693,14.300000,5.000000,9.500000,3.189556,174.655899
"2025-11-08 13:06:41.457 +0000",1762607201.457138,10.807225,106.621696,14.300000,5.000000,9.500000,3.086667,174.655899
"2025-11-08 13:06:42.462 +0000",1762607202.461741,10.807198,106.621698,14.200000,5.000000,9.500000,2.829444,174.655899
"2025-11-08 13:06:43.458 +0000",1762607203.457536,10.807174,106.621700,14.200000,5.000000,9.500000,2.726556,174.655899
"2025-11-08 13:06:44.471 +0000",1762607204.471280,10.807150,106.621703,14.300000,5.000000,9.500000,2.932333,174.655899
"2025-11-08 13:06:45.567 +0000",1762607205.567240,10.807121,106.621705,14.300000,5.000000,9.500000,3.549667,174.655899
"2025-11-08 13:06:46.457 +0000",1762607206.456541,10.807086,106.621709,14.300000,5.000000,9.500000,3.961222,174.655899
"2025-11-08 13:06:47.444 +0000",1762607207.444178,10.807049,106.621712,14.200000,5.000000,9.500000,4.321333,174.655899
"2025-11-08 13:06:48.452 +0000",1762607208.452498,10.807010,106.621716,14.200000,5.000000,9.500000,4.630000,174.655899
"2025-11-08 13:06:48.999 +0000",1762607208.999061,10.807010,106.621716,14.200000,5.000000,9.500000,5.115348,174.655899
"2025-11-08 13:06:49.457 +0000",1762607209.456707,10.806965,106.621720,14.200000,5.000000,9.500000,5.144444,174.655899
"2025-11-08 13:06:50.448 +0000",1762607210.448427,10.806915,106.621725,14.200000,5.000000,9.500000,5.710333,174.655899
"2025-11-08 13:06:51.452 +0000",1762607211.451596,10.806863,106.621730,14.200000,5.000000,9.500000,6.019000,174.655899
"2025-11-08 13:06:52.462 +0000",1762607212.462309,10.806811,106.621735,14.100000,5.000000,9.500000,5.504556,174.655899
"2025-11-08 13:06:53.461 +0000",1762607213.460875,10.806763,106.621739,14.000000,5.000000,9.500000,4.990111,174.655899
"2025-11-08 13:06:54.450 +0000",1762607214.450409,10.806721,106.621743,13.900000,5.000000,9.500000,4.424222,174.655899
"2025-11-08 13:06:55.450 +0000",1762607215.449701,10.806686,106.621744,13.900000,5.000000,9.500000,4.167000,180.000000
"2025-11-08 13:06:56.448 +0000",1762607216.448356,10.806649,106.621744,13.900000,5.000000,9.500000,4.012667,180.000000
"2025-11-08 13:06:57.532 +0000",1762607217.531868,10.806613,106.621744,13.900000,5.000000,9.500000,3.704000,180.000000
"2025-11-08 13:06:58.457 +0000",1762607218.456869,10.806583,106.621744,13.800000,5.000000,9.500000,3.138111,180.000000
"2025-11-08 13:06:59.445 +0000",1762607219.445079,10.806564,106.621738,13.800000,5.000000,9.500000,3.138111,195.191849
"2025-11-08 13:07:00.541 +0000",1762607220.540649,10.806537,106.621730,13.900000,5.000000,9.500000,3.035222,195.191849
"2025-11-08 13:07:01.465 +0000",1762607221.464690,10.806506,106.621722,14.100000,5.000000,9.500000,4.167000,195.191849
"2025-11-08 13:07:02.450 +0000",1762607222.450018,10.806463,106.621710,14.200000,5.000000,9.500000,5.607444,195.191849
"2025-11-08 13:07:03.462 +0000",1762607223.461910,10.806409,106.621695,14.200000,5.000000,9.500000,6.687778,195.191849
"2025-11-08 13:07:04.471 +0000",1762607224.470659,10.806335,106.621727,14.400000,5.000000,9.500000,7.408000,166.503098
"2025-11-08 13:07:05.478 +0000",1762607225.478477,10.806264,106.621737,14.500000,5.000000,9.500000,8.488333,166.503098
"2025-11-08 13:07:06.491 +0000",1762607226.491399,10.806185,106.621759,14.500000,5.000000,9.500000,9.465778,166.503098
"2025-11-08 13:07:07.487 +0000",1762607227.486762,10.806097,106.621785,14.500000,5.000000,9.500000,10.443222,165.450470
"2025-11-08 13:07:08.460 +0000",1762607228.459769,10.806003,106.621814,14.500000,5.000000,9.500000,11.214889,165.450470
"2025-11-08 13:07:09.467 +0000",1762607229.466646,10.805899,106.621827,14.500000,5.000000,9.500000,11.575000,165.450470
"2025-11-08 13:07:10.455 +0000",1762607230.454797,10.805799,106.621855,14.200000,5.000000,9.500000,11.214889,164.052094
"2025-11-08 13:07:11.479 +0000",1762607231.478661,10.805704,106.621882,14.000000,5.000000,9.500000,10.649000,164.142807
"2025-11-08 13:07:12.451 +0000",1762607232.451217,10.805613,106.621908,14.000000,5.000000,9.500000,10.031667,164.142807
"2025-11-08 13:07:13.457 +0000",1762607233.456874,10.805529,106.621932,13.700000,5.000000,9.500000,9.260000,164.142807
"2025-11-08 13:07:14.472 +0000",1762607234.471531,10.805451,106.621955,13.900000,5.000000,9.500000,8.694111,164.142807
"2025-11-08 13:07:15.467 +0000",1762607235.466944,10.805378,106.621976,13.800000,5.000000,9.500000,7.973889,164.142807
"2025-11-08 13:07:16.455 +0000",1762607236.455252,10.805313,106.621994,13.700000,5.000000,9.500000,7.099333,165.878799
"2025-11-08 13:07:17.475 +0000",1762607237.474746,10.805254,106.622009,13.600000,5.000000,9.500000,6.327667,165.878799
"2025-11-08 13:07:18.463 +0000",1762607238.462590,10.805204,106.622021,13.500000,5.000000,9.500000,5.247333,166.303635
"2025-11-08 13:07:19.472 +0000",1762607239.471918,10.805160,106.622032,13.400000,5.000000,9.500000,4.732889,166.303635
"2025-11-08 13:07:20.448 +0000",1762607240.447951,10.805119,106.622042,13.500000,5.000000,9.500000,4.630000,166.303635
"2025-11-08 13:07:20.999 +0000",1762607240.998646,10.805119,106.622042,13.500000,5.000000,9.500000,4.389998,166.303635
"2025-11-08 13:07:21.450 +0000",1762607241.450423,10.805084,106.622065,13.500000,5.000000,9.500000,4.475667,166.303635
"2025-11-08 13:07:22.449 +0000",1762607242.449437,10.805045,106.622055,13.500000,5.000000,9.500000,4.424222,198.100000
"2025-11-08 13:07:22.999 +0000",1762607242.998620,10.805045,106.622055,13.500000,5.000000,9.500000,4.520122,205.279844
"2025-11-08 13:07:23.444 +0000",1762607243.444187,10.805008,106.622037,13.600000,5.000000,9.500000,4.475667,212.300000
"2025-11-08 13:07:24.447 +0000",1762607244.446653,10.804976,106.622009,13.700000,5.000000,9.500000,4.835778,248.762817
"2025-11-08 13:07:25.462 +0000",1762607245.461840,10.804948,106.621972,13.700000,5.000000,9.500000,5.195889,248.762817
"2025-11-08 13:07:26.457 +0000",1762607246.456869,10.804922,106.621930,13.800000,5.000000,9.500000,5.556000,248.762817
"2025-11-08 13:07:26.999 +0000",1762607246.998569,10.804922,106.621930,13.800000,5.000000,9.500000,5.716840,248.762817
"2025-11-08 13:07:27.466 +0000",1762607247.466218,10.804898,106.621884,13.800000,5.000000,9.500000,5.813222,248.762817
"2025-11-08 13:07:28.464 +0000",1762607248.464308,10.804875,106.621834,13.800000,5.000000,9.500000,6.019000,248.762817
"2025-11-08 13:07:29.461 +0000",1762607249.460608,10.804866,106.621776,13.700000,5.000000,9.500000,6.379111,248.762817
"2025-11-08 13:07:30.465 +0000",1762607250.464772,10.804845,106.621720,13.800000,5.000000,9.500000,6.739222,248.762817
"2025-11-08 13:07:31.454 +0000",1762607251.454263,10.804822,106.621662,13.800000,5.000000,9.500000,6.996444,248.762817
"2025-11-08 13:07:32.443 +0000",1762607252.443065,10.804799,106.621601,13.800000,5.000000,9.500000,7.356556,248.474869
"2025-11-08 13:07:33.452 +0000",1762607253.452321,10.804773,106.621536,13.800000,5.000000,9.500000,7.871000,248.474869
"2025-11-08 13:07:34.447 +0000",1762607254.447249,10.804746,106.621466,13.800000,5.000000,9.500000,8.436889,248.474869
"2025-11-08 13:07:35.453 +0000",1762607255.453057,10.804717,106.621391,13.900000,5.000000,9.500000,9.414333,248.536301
"2025-11-08 13:07:36.462 +0000",1762607256.462333,10.804683,106.621303,14.100000,5.000000,9.500000,11.060556,248.536301
"2025-11-08 13:07:37.461 +0000",1762607257.460937,10.804644,106.621200,14.200000,5.000000,9.500000,13.066889,249.893539
"2025-11-08 13:07:38.436 +0000",1762607258.435740,10.804601,106.621078,14.100000,5.000000,9.500000,15.021778,250.380280
"2025-11-08 13:07:39.461 +0000",1762607259.461491,10.804553,106.620943,14.100000,5.000000,9.500000,16.050667,250.380280
"2025-11-08 13:07:40.462 +0000",1762607260.461668,10.804505,106.620807,13.400000,5.000000,9.500000,15.433333,250.380280
"2025-11-08 13:07:41.463 +0000",1762607261.463198,10.804460,106.620679,12.600000,5.000000,9.500000,14.198667,250.380280
"2025-11-08 13:07:42.457 +0000",1762607262.457491,10.804428,106.620558,12.700000,5.000000,9.500000,13.838556,254.152649
"2025-11-08 13:07:43.465 +0000",1762607263.465167,10.804395,106.620438,12.700000,5.000000,9.500000,13.324111,254.152649
"2025-11-08 13:07:44.473 +0000",1762607264.473136,10.804362,106.620322,12.700000,5.000000,9.500000,13.015444,254.152649
"2025-11-08 13:07:45.462 +0000",1762607265.462195,10.804330,106.620209,12.600000,5.000000,9.500000,12.655333,254.152649
"2025-11-08 13:07:46.459 +0000",1762607266.458670,10.804299,106.620099,12.500000,5.000000,9.500000,12.346667,254.152649
"2025-11-08 13:07:47.000 +0000",1762607266.999819,10.804299,106.620099,12.500000,5.000000,9.500000,11.824493,254.152649
"2025-11-08 13:07:47.457 +0000",1762607267.457051,10.804236,106.620003,12.400000,5.000000,9.500000,11.832222,258.000000
"2025-11-08 13:07:48.464 +0000",1762607268.464187,10.804216,106.619898,12.400000,5.000000,9.500000,11.420667,258.600000
"2025-11-08 13:07:49.465 +0000",1762607269.464975,10.804247,106.619788,12.300000,5.000000,9.500000,10.957667,260.011505
"2025-11-08 13:07:50.463 +0000",1762607270.463314,10.804231,106.619691,12.200000,5.000000,9.500000,10.546111,260.191956
"2025-11-08 13:07:51.461 +0000",1762607271.460829,10.804215,106.619597,12.300000,5.000000,9.500000,10.186000,260.191956
"2025-11-08 13:07:52.461 +0000",1762607272.460844,10.804199,106.619507,12.300000,5.000000,9.500000,9.723000,260.272797
"2025-11-08 13:07:53.470 +0000",1762607273.469938,10.804185,106.619422,12.400000,5.000000,9.500000,9.157111,260.272797
"2025-11-08 13:07:54.458 +0000",1762607274.457724,10.804172,106.619344,12.300000,5.000000,9.500000,8.128222,260.272797
"2025-11-08 13:07:55.459 +0000",1762607275.459486,10.804160,106.619276,12.100000,5.000000,9.500000,6.945000,259.994781
"2025-11-08 13:07:56.461 +0000",1762607276.460519,10.804150,106.619220,12.100000,5.000000,9.500000,5.607444,259.994781
"2025-11-08 13:07:57.457 +0000",1762607277.457214,10.804130,106.619176,12.200000,5.000000,9.500000,4.835778,259.994781
"2025-11-08 13:07:58.457 +0000",1762607278.456732,10.804132,106.619135,12.200000,5.000000,9.500000,3.961222,259.994781
"2025-11-08 13:07:59.456 +0000",1762607279.456499,10.804136,106.619103,12.200000,5.000000,9.500000,3.292444,278.000000
"2025-11-08 13:08:00.459 +0000",1762607280.458602,10.804140,106.619074,12.300000,5.000000,9.500000,3.035222,279.900000
"2025-11-08 13:08:01.473 +0000",1762607281.473125,10.804145,106.619047,12.400000,5.000000,9.500000,2.829444,280.800000
"2025-11-08 13:08:02.463 +0000",1762607282.463249,10.804150,106.619021,12.400000,5.000000,9.500000,2.880889,281.700000
"2025-11-08 13:08:03.458 +0000",1762607283.458443,10.804156,106.618994,12.500000,5.000000,9.500000,3.292444,283.200000
"2025-11-08 13:08:04.458 +0000",1762607284.457616,10.804240,106.618982,12.500000,9.185299,9.500000,3.755444,284.139496
"2025-11-08 13:08:05.481 +0000",1762607285.481228,10.804248,106.618947,12.600000,9.613273,9.500000,3.961222,284.139496
"2025-11-08 13:08:06.461 +0000",1762607286.460817,10.804268,106.618868,12.600000,11.840108,9.500000,4.269889,258.082245
"2025-11-08 13:08:07.464 +0000",1762607287.463829,10.804260,106.618831,12.600000,11.694594,9.500000,4.269889,259.171112
"2025-11-08 13:08:08.450 +0000",1762607288.450192,10.804237,106.618771,12.500000,11.160947,9.500000,3.961222,243.626709
"2025-11-08 13:08:09.456 +0000",1762607289.456064,10.804220,106.618737,12.500000,10.832462,9.500000,4.269889,243.626709
"2025-11-08 13:08:10.443 +0000",1762607290.443220,10.804202,106.618699,12.600000,10.801865,9.500000,4.887222,243.626709
"2025-11-08 13:08:11.438 +0000",1762607291.438024,10.804130,106.618665,12.600000,5.000000,9.500000,5.504556,223.261810
"2025-11-08 13:08:12.456 +0000",1762607292.456149,10.804099,106.618645,12.600000,5.000000,9.500000,6.173333,263.587616
"2025-11-08 13:08:13.545 +0000",1762607293.544524,10.804092,106.618586,12.600000,5.000000,9.500000,6.739222,263.587616
"2025-11-08 13:08:14.473 +0000",1762607294.473462,10.804085,106.618523,12.600000,5.000000,9.500000,7.150778,263.298737
"2025-11-08 13:08:15.465 +0000",1762607295.465308,10.804077,106.618455,12.600000,5.000000,9.500000,7.716667,263.298737
"2025-11-08 13:08:16.463 +0000",1762607296.462872,10.804069,106.618382,12.600000,5.000000,9.500000,8.282556,263.584656
"2025-11-08 13:08:17.452 +0000",1762607297.451831,10.804061,106.618305,12.600000,5.000000,9.500000,8.797000,263.584656
"2025-11-08 13:08:18.464 +0000",1762607298.463815,10.804052,106.618223,12.600000,5.000000,9.500000,9.157111,263.929199
"2025-11-08 13:08:19.464 +0000",1762607299.463593,10.804043,106.618139,12.600000,5.000000,9.500000,9.208556,263.929199
"2025-11-08 13:08:20.476 +0000",1762607300.476107,10.804034,106.618056,12.500000,5.000000,9.500000,8.899889,263.929199
"2025-11-08 13:08:21.465 +0000",1762607301.464839,10.804025,106.617976,12.400000,5.000000,9.500000,8.539778,263.596100
"2025-11-08 13:08:22.452 +0000",1762607302.451865,10.804017,106.617901,12.400000,5.000000,9.500000,8.025333,263.596100
"2025-11-08 13:08:23.444 +0000",1762607303.443537,10.803996,106.617833,12.400000,5.000000,9.500000,7.510889,263.596100
"2025-11-08 13:08:24.450 +0000",1762607304.449616,10.803990,106.617768,12.600000,5.000000,9.500000,6.739222,263.570679
"2025-11-08 13:08:25.462 +0000",1762607305.462331,10.803987,106.617708,12.700000,5.000000,9.500000,6.379111,263.570679
"2025-11-08 13:08:26.451 +0000",1762607306.451327,10.803983,106.617652,12.900000,5.000000,9.500000,5.967556,263.570679
"2025-11-08 13:08:27.443 +0000",1762607307.442736,10.803978,106.617598,12.900000,5.000000,9.500000,5.504556,263.570679
"2025-11-08 13:08:28.451 +0000",1762607308.451490,10.803976,106.617550,13.000000,5.000000,9.500000,5.041556,263.779297
"2025-11-08 13:08:29.464 +0000",1762607309.463907,10.803973,106.617506,13.000000,5.000000,9.500000,4.424222,263.779297
"2025-11-08 13:08:30.440 +0000",1762607310.439817,10.803972,106.617468,13.000000,5.000000,9.500000,3.961222,263.779297
"2025-11-08 13:08:31.444 +0000",1762607311.443594,10.803976,106.617433,13.000000,5.000000,9.500000,3.755444,263.779297
"2025-11-08 13:08:32.449 +0000",1762607312.448640,10.803987,106.617401,13.100000,5.000000,9.500000,3.652556,297.800000
"2025-11-08 13:08:32.999 +0000",1762607312.999493,10.803987,106.617401,13.100000,5.000000,9.500000,3.269511,263.779297
"2025-11-08 13:08:33.448 +0000",1762607313.447674,10.804006,106.617374,13.000000,5.000000,9.500000,3.498222,311.200000
"2025-11-08 13:08:34.462 +0000",1762607314.461843,10.804028,106.617352,13.000000,5.000000,9.500000,3.601111,320.700000
"2025-11-08 13:08:35.463 +0000",1762607315.463399,10.804056,106.617330,13.200000,5.000000,9.500000,4.167000,330.698669
"2025-11-08 13:08:36.461 +0000",1762607316.460868,10.804091,106.617308,13.200000,5.000000,9.500000,4.784333,330.698669
"2025-11-08 13:08:37.461 +0000",1762607317.460930,10.804131,106.617284,13.200000,5.000000,9.500000,5.401667,330.698669
"2025-11-08 13:08:38.452 +0000",1762607318.452453,10.804177,106.617258,13.200000,5.000000,9.500000,5.916111,330.698669
"2025-11-08 13:08:39.456 +0000",1762607319.455767,10.804224,106.617228,13.200000,5.000000,9.500000,6.276222,331.146057
"2025-11-08 13:08:40.454 +0000",1762607320.454337,10.804270,106.617196,13.200000,5.000000,9.500000,6.070444,320.791718
"2025-11-08 13:08:41.449 +0000",1762607321.448710,10.804314,106.617164,13.100000,5.000000,9.500000,5.761778,320.791718
"2025-11-08 13:08:42.444 +0000",1762607322.444011,10.804354,106.617135,13.100000,5.000000,9.500000,5.041556,320.791718
"2025-11-08 13:08:43.428 +0000",1762607323.428395,10.804386,106.617108,13.000000,5.000000,9.500000,4.269889,320.791718
"2025-11-08 13:08:44.447 +0000",1762607324.447245,10.804413,106.617083,13.000000,5.000000,9.500000,3.601111,320.791718
"2025-11-08 13:08:45.443 +0000",1762607325.442962,10.804432,106.617060,13.000000,5.000000,9.500000,3.035222,320.791718
"2025-11-08 13:08:46.443 +0000",1762607326.443302,10.804445,106.617040,12.900000,5.000000,9.500000,2.212111,321.196472
"2025-11-08 13:08:47.431 +0000",1762607327.431109,10.804453,106.617024,12.800000,5.000000,9.500000,1.749111,321.196472
"2025-11-08 13:08:48.434 +0000",1762607328.434046,10.804471,106.617031,12.800000,5.000000,9.500000,0.617333,321.196472
"2025-11-08 13:08:49.430 +0000",1762607329.430419,10.804473,106.617029,12.800000,5.000000,9.500000,0.257222,321.196472
"2025-11-08 13:08:50.442 +0000",1762607330.442478,10.804473,106.617028,12.800000,5.000000,9.500000,0.000000,321.196472
"2025-11-08 13:08:51.444 +0000",1762607331.443674,10.804473,106.617028,12.800000,5.000000,9.500000,0.000000,321.196472
"2025-11-08 13:08:52.441 +0000",1762607332.440911,10.804473,106.617028,12.800000,5.000000,9.500000,0.000000,321.196472
"2025-11-08 13:08:53.434 +0000",1762607333.434048,10.804474,106.617028,12.800000,5.000000,9.500000,0.360111,321.196472
"2025-11-08 13:08:54.424 +0000",1762607334.423737,10.804477,106.617025,12.900000,5.000000,9.500000,0.771667,321.196472
"2025-11-08 13:08:55.424 +0000",1762607335.423926,10.804482,106.617021,12.900000,5.000000,9.500000,1.131778,279.000000
"2025-11-08 13:08:56.417 +0000",1762607336.416568,10.804489,106.617016,12.900000,5.000000,9.500000,1.286111,273.300000
"2025-11-08 13:08:57.431 +0000",1762607337.431168,10.804495,106.617011,12.900000,5.000000,9.500000,1.337556,264.900000
"2025-11-08 13:08:58.436 +0000",1762607338.435920,10.804499,106.617007,12.900000,5.000000,9.500000,1.337556,260.400000
"2025-11-08 13:08:59.439 +0000",1762607339.438591,10.804503,106.617004,12.900000,8.270885,9.500000,1.028889,259.800000
"2025-11-08 13:08:59.999 +0000",1762607339.999155,10.804503,106.617004,12.900000,8.270884,9.500000,0.952192,321.196472
"2025-11-08 13:09:00.426 +0000",1762607340.425593,10.804457,106.616939,12.900000,5.000000,9.500000,0.874556,261.100000
"2025-11-08 13:09:01.432 +0000",1762607341.432086,10.804456,106.616931,13.000000,5.000000,9.500000,0.668778,262.500000
"2025-11-08 13:09:01.999 +0000",1762607341.999129,10.804456,106.616931,13.000000,5.000000,9.500000,0.596279,258.355120
"2025-11-08 13:09:02.428 +0000",1762607342.427609,10.804455,106.616926,13.000000,5.000000,9.500000,0.514444,263.200000
"2025-11-08 13:09:03.426 +0000",1762607343.425665,10.804455,106.616921,13.000000,5.000000,9.500000,0.360111,263.400000
"2025-11-08 13:09:03.999 +0000",1762607343.999104,10.804455,106.616921,13.000000,5.000000,9.500000,0.159042,258.845003
"2025-11-08 13:09:04.426 +0000",1762607344.426404,10.804455,106.616920,13.000000,5.000000,9.500000,0.000000,263.500000
"2025-11-08 13:09:04.999 +0000",1762607344.999092,10.804455,106.616920,13.000000,5.000000,9.500000,0.022437,258.862645
"2025-11-08 13:09:05.429 +0000",1762607345.428708,10.804455,106.616920,13.000000,5.000000,9.500000,0.000000,263.500000
"2025-11-08 13:09:06.454 +0000",1762607346.454029,10.804455,106.616920,13.000000,5.000000,9.500000,0.000000,263.500000
"2025-11-08 13:09:07.434 +0000",1762607347.434106,10.804455,106.616920,13.000000,5.000000,9.500000,0.102889,263.500000
"2025-11-08 13:09:08.445 +0000",1762607348.444542,10.804455,106.616916,13.100000,5.000000,9.500000,0.720222,263.500000
"2025-11-08 13:09:09.421 +0000",1762607349.421437,10.804454,106.616906,13.100000,5.000000,9.500000,1.440444,264.300000
"2025-11-08 13:09:10.439 +0000",1762607350.438709,10.804452,106.616891,13.100000,5.000000,9.500000,1.800556,264.700000
"2025-11-08 13:09:11.434 +0000",1762607351.434332,10.804451,106.616874,13.100000,5.000000,9.500000,1.800556,262.500000
"2025-11-08 13:09:12.421 +0000",1762607352.421343,10.804447,106.616858,13.100000,5.000000,9.500000,1.800556,252.700000
"2025-11-08 13:09:13.442 +0000",1762607353.441695,10.804502,106.616830,13.200000,5.000000,9.500000,2.006333,259.351776
"2025-11-08 13:09:14.436 +0000",1762607354.436325,10.804499,106.616814,13.200000,8.778480,9.500000,2.212111,259.351776
"2025-11-08 13:09:15.428 +0000",1762607355.427937,10.804488,106.616803,13.200000,9.555624,9.500000,2.263556,206.500000
"2025-11-08 13:09:16.444 +0000",1762607356.443506,10.804484,106.616791,13.200000,10.000000,19.000000,2.109222,211.700000
"2025-11-08 13:09:17.414 +0000",1762607357.413906,10.804492,106.616774,13.100000,10.000000,19.000000,2.109222,259.351776
"2025-11-08 13:09:18.412 +0000",1762607358.412421,10.804501,106.616774,13.100000,16.197536,9.500000,2.057778,266.915833
"2025-11-08 13:09:19.401 +0000",1762607359.401080,10.804500,106.616754,13.000000,17.061830,19.000000,2.675111,266.915833
"2025-11-08 13:09:20.406 +0000",1762607360.405702,10.804499,106.616725,12.800000,17.543983,19.000000,3.549667,266.915833
"2025-11-08 13:09:21.415 +0000",1762607361.415440,10.804497,106.616691,12.500000,17.681859,19.000000,3.806889,266.915833
"2025-11-08 13:09:22.389 +0000",1762607362.388769,10.804495,106.616656,12.000000,17.617174,9.500000,3.961222,266.915833
"2025-11-08 13:09:23.401 +0000",1762607363.401415,10.804493,106.616620,11.500000,17.415126,9.500000,3.858333,266.915833
"2025-11-08 13:09:24.401 +0000",1762607364.400800,10.804491,106.616586,11.000000,17.204045,19.000000,3.652556,266.915833
"2025-11-08 13:09:25.407 +0000",1762607365.407363,10.804490,106.616554,10.500000,16.971024,19.000000,3.241000,266.972717
"2025-11-08 13:09:26.394 +0000",1762607366.393959,10.804488,106.616527,10.000000,16.768633,9.500000,2.623667,266.972717
"2025-11-08 13:09:27.375 +0000",1762607367.374853,10.804487,106.616505,9.700000,16.595551,9.500000,2.212111,266.972717
"2025-11-08 13:09:28.352 +0000",1762607368.352383,10.804486,106.616486,9.500000,16.438640,19.000000,2.109222,266.972717
"2025-11-08 13:09:29.353 +0000",1762607369.352683,10.804485,106.616466,9.600000,50.000000,95.000000,1.903444,266.972717
"2025-11-08 13:09:30.341 +0000",1762607370.341452,10.804484,106.616452,9.500000,50.000000,95.000000,1.131778,266.972717
"2025-11-08 13:09:31.332 +0000",1762607371.332051,10.804484,106.616442,9.500000,50.000000,95.000000,1.028889,266.972717
"2025-11-08 13:09:32.334 +0000",1762607372.333847,10.804483,106.616434,9.500000,50.000000,95.000000,0.771667,266.972717
"2025-11-08 13:09:33.323 +0000",1762607373.323303,10.804483,106.616428,9.500000,50.000000,95.000000,0.514444,266.972717
"2025-11-08 13:09:34.332 +0000",1762607374.332034,10.804483,106.616426,9.500000,50.000000,95.000000,0.000000,266.972717
"2025-11-08 13:09:35.330 +0000",1762607375.329743,10.804483,106.616426,9.600000,50.000000,95.000000,0.000000,266.972717
"2025-11-08 13:09:36.342 +0000",1762607376.341764,10.804483,106.616426,9.600000,50.000000,95.000000,0.000000,266.972717
"2025-11-08 13:09:37.343 +0000",1762607377.342550,10.804483,106.616426,9.600000,50.000000,95.000000,0.000000,266.972717
"2025-11-08 13:09:38.337 +0000",1762607378.337443,10.804483,106.616426,9.600000,50.000000,95.000000,0.000000,266.972717
"2025-11-08 13:09:39.342 +0000",1762607379.341688,10.804483,106.616426,9.600000,50.000000,95.000000,0.000000,266.972717
"2025-11-08 13:09:40.345 +0000",1762607380.345159,10.804483,106.616426,9.600000,50.000000,95.000000,0.000000,266.972717
"2025-11-08 13:09:41.339 +0000",1762607381.338581,10.804483,106.616426,9.600000,50.000000,95.000000,0.000000,266.972717
"2025-11-08 13:09:42.346 +0000",1762607382.345942,10.804483,106.616426,9.600000,50.000000,95.000000,0.000000,266.972717
"2025-11-08 13:09:43.324 +0000",1762607383.323932,10.804483,106.616425,9.600000,50.000000,95.000000,0.360111,266.972717
"2025-11-08 13:09:44.339 +0000",1762607384.339365,10.804483,106.616419,9.600000,50.000000,95.000000,0.823111,266.972717
"2025-11-08 13:09:45.329 +0000",1762607385.329227,10.804482,106.616410,9.600000,50.000000,95.000000,1.131778,266.972717
"2025-11-08 13:09:46.339 +0000",1762607386.338731,10.804482,106.616398,9.600000,50.000000,95.000000,1.389000,266.972717
"2025-11-08 13:09:47.334 +0000",1762607387.333538,10.804481,106.616384,9.600000,50.000000,95.000000,1.543333,266.972717
"2025-11-08 13:09:48.333 +0000",1762607388.332550,10.804480,106.616369,9.600000,50.000000,95.000000,1.749111,266.972717
"2025-11-08 13:09:49.355 +0000",1762607389.354972,10.804479,106.616348,9.600000,50.000000,95.000000,2.726556,266.972717
"2025-11-08 13:09:50.354 +0000",1762607390.353873,10.804478,106.616320,9.600000,50.000000,95.000000,3.549667,266.972717
"2025-11-08 13:09:51.359 +0000",1762607391.358572,10.804476,106.616283,9.600000,50.000000,95.000000,4.372778,266.972717
"2025-11-08 13:09:52.358 +0000",1762607392.358006,10.804473,106.616238,9.600000,50.000000,95.000000,5.401667,266.972717
"2025-11-08 13:09:53.367 +0000",1762607393.367034,10.804470,106.616185,9.600000,50.000000,95.000000,5.916111,266.972717
"2025-11-08 13:09:54.353 +0000",1762607394.352520,10.804468,106.616132,9.500000,50.000000,95.000000,5.761778,266.972717
"2025-11-08 13:09:55.367 +0000",1762607395.367171,10.804465,106.616080,9.300000,50.000000,95.000000,5.504556,266.972717
"2025-11-08 13:09:56.374 +0000",1762607396.373831,10.804462,106.616030,9.300000,50.000000,95.000000,5.453111,266.972717
"2025-11-08 13:09:57.377 +0000",1762607397.376526,10.804460,106.615981,9.300000,50.000000,95.000000,5.401667,266.972717
"2025-11-08 13:09:58.370 +0000",1762607398.369779,10.804457,106.615931,9.300000,50.000000,95.000000,5.401667,266.972717
"2025-11-08 13:09:59.358 +0000",1762607399.358062,10.804455,106.615881,9.400000,50.000000,95.000000,5.401667,266.972717
"2025-11-08 13:10:00.353 +0000",1762607400.353387,10.804452,106.615831,9.400000,50.000000,95.000000,5.401667,266.972717
"2025-11-08 13:10:01.347 +0000",1762607401.347164,10.804449,106.615781,9.400000,50.000000,95.000000,5.453111,266.972717
"2025-11-08 13:10:02.371 +0000",1762607402.370526,10.804447,106.615731,9.400000,50.000000,95.000000,5.453111,266.972717
"2025-11-08 13:10:03.360 +0000",1762607403.360102,10.804444,106.615682,9.400000,50.000000,95.000000,5.247333,266.972717
"2025-11-08 13:10:04.359 +0000",1762607404.359396,10.804442,106.615633,9.400000,50.000000,95.000000,5.247333,266.972717
"2025-11-08 13:10:05.347 +0000",1762607405.346891,10.804439,106.615585,9.400000,50.000000,95.000000,5.350222,266.972717
"2025-11-08 13:10:06.350 +0000",1762607406.350458,10.804437,106.615536,9.400000,50.000000,95.000000,5.350222,267.133759
"2025-11-08 13:10:07.340 +0000",1762607407.340000,10.804434,106.615487,9.400000,50.000000,95.000000,5.350222,267.133759
"2025-11-08 13:10:08.341 +0000",1762607408.340913,10.804432,106.615438,9.400000,50.000000,95.000000,5.350222,267.133759
"2025-11-08 13:10:09.338 +0000",1762607409.338234,10.804429,106.615389,9.400000,50.000000,95.000000,5.298778,267.133759
"2025-11-08 13:10:10.337 +0000",1762607410.336938,10.804427,106.615340,9.400000,50.000000,95.000000,5.093000,266.770203
"2025-11-08 13:10:11.336 +0000",1762607411.335891,10.804424,106.615295,9.300000,50.000000,95.000000,4.784333,266.770203
"2025-11-08 13:10:12.338 +0000",1762607412.338129,10.804422,106.615253,9.300000,50.000000,95.000000,4.269889,266.770203
"2025-11-08 13:10:13.338 +0000",1762607413.338092,10.804420,106.615218,9.200000,50.000000,95.000000,3.395333,266.770203
"2025-11-08 13:10:14.335 +0000",1762607414.334726,10.804418,106.615191,9.200000,50.000000,95.000000,2.520778,266.770203
"2025-11-08 13:10:15.348 +0000",1762607415.348308,10.804417,106.615171,9.300000,50.000000,95.000000,1.800556,266.985077
"2025-11-08 13:10:16.348 +0000",1762607416.347697,10.804416,106.615157,9.200000,50.000000,95.000000,1.131778,266.985077
"2025-11-08 13:10:17.341 +0000",1762607417.341168,10.804416,106.615147,9.300000,50.000000,95.000000,1.131778,266.985077
"2025-11-08 13:10:18.324 +0000",1762607418.324337,10.804415,106.615137,9.300000,50.000000,95.000000,1.028889,266.985077
"2025-11-08 13:10:19.332 +0000",1762607419.331726,10.804415,106.615127,9.300000,50.000000,95.000000,1.028889,266.985077
"2025-11-08 13:10:20.332 +0000",1762607420.331788,10.804414,106.615119,9.300000,50.000000,95.000000,0.823111,266.985077
"2025-11-08 13:10:21.339 +0000",1762607421.338865,10.804414,106.615113,9.300000,50.000000,95.000000,0.514444,266.985077
"2025-11-08 13:10:22.332 +0000",1762607422.331792,10.804414,106.615111,9.300000,50.000000,95.000000,0.000000,266.985077
"2025-11-08 13:10:23.335 +0000",1762607423.335452,10.804414,106.615111,9.300000,50.000000,95.000000,0.000000,266.985077
"2025-11-08 13:10:24.329 +0000",1762607424.328517,10.804414,106.615112,9.300000,50.000000,95.000000,0.154333,266.985077
"2025-11-08 13:10:25.342 +0000",1762607425.341714,10.804414,106.615114,9.300000,50.000000,95.000000,0.308667,266.985077
"2025-11-08 13:10:26.339 +0000",1762607426.338982,10.804414,106.615117,9.300000,50.000000,95.000000,0.308667,266.985077
"2025-11-08 13:10:27.327 +0000",1762607427.327325,10.804414,106.615119,9.300000,50.000000,95.000000,0.308667,266.985077
"2025-11-08 13:10:28.327 +0000",1762607428.327050,10.804415,106.615121,9.300000,50.000000,95.000000,0.308667,266.985077
"2025-11-08 13:10:29.327 +0000",1762607429.326693,10.804415,106.615124,9.300000,50.000000,95.000000,0.360111,266.985077
"2025-11-08 13:10:30.333 +0000",1762607430.332833,10.804415,106.615127,9.300000,50.000000,95.000000,0.360111,266.985077
"2025-11-08 13:10:31.333 +0000",1762607431.332958,10.804415,106.615130,9.300000,50.000000,95.000000,0.411556,266.985077
"2025-11-08 13:10:32.321 +0000",1762607432.320923,10.804415,106.615132,9.300000,50.000000,95.000000,0.411556,266.770203
"2025-11-08 13:10:33.335 +0000",1762607433.334759,10.804415,106.615135,9.300000,50.000000,95.000000,0.360111,266.770203
"2025-11-08 13:10:34.336 +0000",1762607434.335824,10.804415,106.615137,9.300000,50.000000,95.000000,0.360111,266.770203
"2025-11-08 13:10:35.329 +0000",1762607435.328872,10.804415,106.615138,9.300000,50.000000,95.000000,0.360111,266.770203
"2025-11-08 13:10:36.343 +0000",1762607436.342505,10.804415,106.615140,9.300000,50.000000,95.000000,0.463000,266.770203
"2025-11-08 13:10:37.327 +0000",1762607437.326630,10.804405,106.615143,9.300000,50.000000,95.000000,0.463000,19.800000
"2025-11-08 13:10:38.335 +0000",1762607438.335392,10.804310,106.615150,9.300000,50.000000,95.000000,0.360111,15.900000
"2025-11-08 13:10:39.345 +0000",1762607439.344993,10.804313,106.615150,9.300000,50.000000,95.000000,0.308667,11.700000
"2025-11-08 13:10:40.336 +0000",1762607440.336223,10.804316,106.615151,9.300000,50.000000,95.000000,0.308667,8.900000
"2025-11-08 13:10:41.334 +0000",1762607441.333900,10.804319,106.615151,9.300000,50.000000,95.000000,0.308667,6.100000
"2025-11-08 13:10:42.331 +0000",1762607442.331302,10.804322,106.615151,9.300000,50.000000,95.000000,0.205778,2.800000
"2025-11-08 13:10:43.326 +0000",1762607443.326388,10.804324,106.615151,9.300000,50.000000,95.000000,0.051444,0.900000
"2025-11-08 13:10:44.328 +0000",1762607444.327721,10.804324,106.615151,9.300000,50.000000,95.000000,0.000000,359.900000
"2025-11-08 13:10:45.329 +0000",1762607445.328607,10.804325,106.615151,9.300000,50.000000,95.000000,0.205778,359.600000
"2025-11-08 13:10:46.328 +0000",1762607446.327676,10.804327,106.615151,9.300000,50.000000,95.000000,0.257222,359.600000
"2025-11-08 13:10:47.334 +0000",1762607447.334214,10.804330,106.615151,9.300000,50.000000,95.000000,0.257222,359.600000
"2025-11-08 13:10:48.327 +0000",1762607448.326596,10.804333,106.615151,9.300000,50.000000,95.000000,0.205778,359.600000
"2025-11-08 13:10:49.326 +0000",1762607449.326488,10.804334,106.615151,9.300000,50.000000,95.000000,0.000000,359.500000
"2025-11-08 13:10:50.328 +0000",1762607450.328202,10.804334,106.615151,9.300000,50.000000,95.000000,0.000000,359.500000
"2025-11-08 13:10:51.324 +0000",1762607451.323710,10.804334,106.615151,9.300000,50.000000,95.000000,0.154333,359.500000
"2025-11-08 13:10:52.328 +0000",1762607452.327540,10.804335,106.615151,9.300000,50.000000,95.000000,0.000000,359.500000
"2025-11-08 13:10:53.332 +0000",1762607453.332311,10.804335,106.615151,9.300000,50.000000,95.000000,0.000000,359.500000
"2025-11-08 13:10:54.345 +0000",1762607454.345359,10.804335,106.615151,9.300000,50.000000,95.000000,0.000000,359.500000
"2025-11-08 13:10:55.346 +0000",1762607455.346233,10.804335,106.615151,9.300000,50.000000,95.000000,0.000000,359.500000
"2025-11-08 13:10:56.343 +0000",1762607456.343375,10.804335,106.615151,9.300000,50.000000,95.000000,0.000000,359.500000
"2025-11-08 13:10:57.354 +0000",1762607457.353938,10.804335,106.615151,9.300000,50.000000,95.000000,0.000000,359.500000
"2025-11-08 13:10:58.344 +0000",1762607458.344491,10.804335,106.615151,9.300000,50.000000,95.000000,0.000000,359.500000
"2025-11-08 13:10:59.341 +0000",1762607459.341283,10.804335,106.615151,9.300000,50.000000,95.000000,0.000000,359.500000
"2025-11-08 13:11:00.343 +0000",1762607460.343332,10.804335,106.615151,9.300000,50.000000,95.000000,0.000000,359.500000
"2025-11-08 13:11:01.341 +0000",1762607461.340820,10.804335,106.615151,9.300000,50.000000,95.000000,0.000000,359.500000
"2025-11-08 13:11:02.343 +0000",1762607462.342867,10.804335,106.615151,9.300000,50.000000,95.000000,0.000000,359.500000
"2025-11-08 13:11:03.350 +0000",1762607463.349588,10.804335,106.615151,9.300000,50.000000,95.000000,0.000000,359.500000
"2025-11-08 13:11:04.342 +0000",1762607464.341834,10.804335,106.615151,9.300000,50.000000,95.000000,0.000000,359.500000
"2025-11-08 13:11:05.343 +0000",1762607465.342817,10.804335,106.615151,9.300000,50.000000,95.000000,0.000000,359.500000
"2025-11-08 13:11:06.333 +0000",1762607466.333000,10.804335,106.615151,9.300000,50.000000,95.000000,0.000000,359.500000
