timestamp,timeIntervalSince1970,x,y,z
"2025-11-02 01:34:38.574 +0000",1762047278.574040,0.012173,-0.013142,-0.001785
"2025-11-02 01:34:38.584 +0000",1762047278.584075,-0.059127,0.001630,-0.016217
"2025-11-02 01:34:38.594 +0000",1762047278.594112,-0.052153,0.019214,-0.012508
"2025-11-02 01:34:38.604 +0000",1762047278.604148,-0.017482,0.050625,-0.025296
"2025-11-02 01:34:38.614 +0000",1762047278.614185,0.006113,0.071022,-0.020308
"2025-11-02 01:34:38.624 +0000",1762047278.624221,0.060548,0.050457,0.000561
"2025-11-02 01:34:38.634 +0000",1762047278.634257,0.048570,0.002875,0.005113
"2025-11-02 01:34:38.644 +0000",1762047278.644292,-0.014120,-0.018532,-0.002180
"2025-11-02 01:34:38.654 +0000",1762047278.654328,-0.037009,-0.000943,-0.005063
"2025-11-02 01:34:38.664 +0000",1762047278.664365,-0.057780,0.022306,-0.004204
"2025-11-02 01:34:38.674 +0000",1762047278.674401,-0.080535,0.003614,0.006125
"2025-11-02 01:34:38.684 +0000",1762047278.684437,-0.032889,0.002827,0.014669
"2025-11-02 01:34:38.694 +0000",1762047278.694472,0.039320,0.001133,0.011663
"2025-11-02 01:34:38.705 +0000",1762047278.704510,0.046282,-0.032201,0.010964
"2025-11-02 01:34:38.715 +0000",1762047278.714545,0.091619,-0.036857,0.011254
"2025-11-02 01:34:38.725 +0000",1762047278.724582,0.044092,-0.009086,0.008278
"2025-11-02 01:34:38.735 +0000",1762047278.734617,-0.013520,0.017639,0.012524
"2025-11-02 01:34:38.745 +0000",1762047278.744654,-0.055489,0.016352,0.015811
"2025-11-02 01:34:38.755 +0000",1762047278.754690,-0.082439,0.029525,0.008422
"2025-11-02 01:34:38.765 +0000",1762047278.764727,-0.049714,-0.001043,0.011763
"2025-11-02 01:34:38.775 +0000",1762047278.774761,-0.023492,-0.033648,0.012454
"2025-11-02 01:34:38.785 +0000",1762047278.784798,0.030908,-0.026135,0.009886
"2025-11-02 01:34:38.795 +0000",1762047278.794834,0.069040,-0.032609,0.014393
"2025-11-02 01:34:38.805 +0000",1762047278.804871,0.111226,0.000932,0.009023
"2025-11-02 01:34:38.815 +0000",1762047278.814906,0.019250,-0.005318,0.003941
"2025-11-02 01:34:38.825 +0000",1762047278.824943,0.023774,-0.037465,0.008986
"2025-11-02 01:34:38.835 +0000",1762047278.834979,0.007889,-0.004021,-0.002752
"2025-11-02 01:34:38.845 +0000",1762047278.845014,-0.074541,0.026817,-0.008704
"2025-11-02 01:34:38.855 +0000",1762047278.855052,-0.017647,0.025068,0.001775
"2025-11-02 01:34:38.865 +0000",1762047278.865088,-0.054007,-0.025327,0.000302
"2025-11-02 01:34:38.875 +0000",1762047278.875124,-0.070197,-0.004197,-0.012459
"2025-11-02 01:34:38.885 +0000",1762047278.885159,0.009072,0.004137,-0.016586
"2025-11-02 01:34:38.895 +0000",1762047278.895196,0.039722,0.005887,-0.004932
"2025-11-02 01:34:38.905 +0000",1762047278.905232,0.096535,-0.010721,0.005880
"2025-11-02 01:34:38.915 +0000",1762047278.915268,0.086499,-0.015599,0.002831
"2025-11-02 01:34:38.925 +0000",1762047278.925304,0.072155,-0.026454,-0.014481
"2025-11-02 01:34:38.935 +0000",1762047278.935340,-0.004277,-0.000654,-0.029050
"2025-11-02 01:34:38.945 +0000",1762047278.945376,-0.071496,0.030493,-0.026337
"2025-11-02 01:34:38.955 +0000",1762047278.955413,-0.046587,0.048497,-0.007989
"2025-11-02 01:34:38.965 +0000",1762047278.965450,-0.065837,0.047451,-0.000882
"2025-11-02 01:34:38.975 +0000",1762047278.975485,-0.029805,0.027226,-0.009336
"2025-11-02 01:34:38.986 +0000",1762047278.985521,0.022857,-0.023812,-0.018023
"2025-11-02 01:34:38.996 +0000",1762047278.995558,0.045745,-0.055277,-0.020547
"2025-11-02 01:34:39.006 +0000",1762047279.005593,0.060072,-0.027962,-0.007416
"2025-11-02 01:34:39.016 +0000",1762047279.015630,0.017564,0.000950,0.001518
"2025-11-02 01:34:39.026 +0000",1762047279.025666,0.015509,0.025694,0.005094
"2025-11-02 01:34:39.036 +0000",1762047279.035701,-0.028401,0.047149,-0.002785
"2025-11-02 01:34:39.046 +0000",1762047279.045738,-0.043818,-0.023102,-0.010213
"2025-11-02 01:34:39.056 +0000",1762047279.055775,-0.039949,-0.061574,-0.006606
"2025-11-02 01:34:39.066 +0000",1762047279.065809,-0.063022,-0.035583,-0.010185
"2025-11-02 01:34:39.076 +0000",1762047279.075847,-0.023168,0.005819,0.000718
"2025-11-02 01:34:39.086 +0000",1762047279.085882,0.010962,0.025554,0.004205
"2025-11-02 01:34:39.096 +0000",1762047279.095919,0.042945,0.012759,0.004767
"2025-11-02 01:34:39.106 +0000",1762047279.105955,0.035331,-0.035449,0.000453
"2025-11-02 01:34:39.116 +0000",1762047279.115990,-0.044010,-0.049127,-0.012399
"2025-11-02 01:34:39.126 +0000",1762047279.126027,-0.043611,-0.047644,-0.008730
"2025-11-02 01:34:39.136 +0000",1762047279.136063,-0.072057,-0.012375,-0.016781
"2025-11-02 01:34:39.146 +0000",1762047279.146101,-0.045566,0.040832,-0.015917
"2025-11-02 01:34:39.156 +0000",1762047279.156135,0.042327,0.065568,-0.007886
"2025-11-02 01:34:39.166 +0000",1762047279.166172,0.062552,-0.012559,-0.006999
"2025-11-02 01:34:39.176 +0000",1762047279.176207,-0.014326,-0.051808,-0.018374
"2025-11-02 01:34:39.186 +0000",1762047279.186243,-0.026215,-0.054020,-0.034244
"2025-11-02 01:34:39.196 +0000",1762047279.196281,-0.071885,0.000548,-0.038637
"2025-11-02 01:34:39.206 +0000",1762047279.206316,-0.057452,0.082247,-0.037328
"2025-11-02 01:34:39.216 +0000",1762047279.216352,-0.057276,0.095743,-0.028101
"2025-11-02 01:34:39.226 +0000",1762047279.226388,0.019631,0.009285,-0.025426
"2025-11-02 01:34:39.236 +0000",1762047279.236424,0.031157,-0.055315,-0.040870
"2025-11-02 01:34:39.246 +0000",1762047279.246460,0.121734,-0.042194,-0.049164
"2025-11-02 01:34:39.256 +0000",1762047279.256497,0.082103,0.029488,-0.050366
"2025-11-02 01:34:39.267 +0000",1762047279.266533,0.035195,0.058714,-0.033765
"2025-11-02 01:34:39.277 +0000",1762047279.276569,-0.000821,0.056009,-0.021598
"2025-11-02 01:34:39.287 +0000",1762047279.286604,-0.044101,0.016582,-0.037150
"2025-11-02 01:34:39.297 +0000",1762047279.296642,-0.106394,-0.011516,-0.066695
"2025-11-02 01:34:39.307 +0000",1762047279.306677,-0.087801,0.020961,-0.062169
"2025-11-02 01:34:39.317 +0000",1762047279.316713,-0.020592,0.026539,-0.034723
"2025-11-02 01:34:39.327 +0000",1762047279.326749,0.035954,0.058135,-0.021198
"2025-11-02 01:34:39.337 +0000",1762047279.336786,0.126248,0.023252,-0.023352
"2025-11-02 01:34:39.347 +0000",1762047279.346822,0.107638,-0.029551,-0.046728
"2025-11-02 01:34:39.357 +0000",1762047279.356860,0.024143,-0.050765,-0.064336
"2025-11-02 01:34:39.367 +0000",1762047279.366907,-0.012773,0.021042,-0.057961
"2025-11-02 01:34:39.377 +0000",1762047279.376930,0.018950,0.053643,-0.025225
"2025-11-02 01:34:39.387 +0000",1762047279.386966,-0.047617,0.063227,-0.020998
"2025-11-02 01:34:39.397 +0000",1762047279.397003,-0.090771,0.034277,-0.032237
"2025-11-02 01:34:39.407 +0000",1762047279.407039,-0.011223,-0.026081,-0.050290
"2025-11-02 01:34:39.417 +0000",1762047279.417075,-0.093893,-0.021459,-0.070440
"2025-11-02 01:34:39.427 +0000",1762047279.427110,-0.011139,0.018679,-0.048495
"2025-11-02 01:34:39.437 +0000",1762047279.437148,0.137536,0.067778,-0.005284
"2025-11-02 01:34:39.447 +0000",1762047279.447184,0.091461,0.024481,0.003349
"2025-11-02 01:34:39.457 +0000",1762047279.457219,0.071751,-0.014543,-0.019863
"2025-11-02 01:34:39.467 +0000",1762047279.467255,0.076312,-0.038594,-0.046239
"2025-11-02 01:34:39.477 +0000",1762047279.477291,-0.041296,-0.054228,-0.049352
"2025-11-02 01:34:39.487 +0000",1762047279.487328,-0.067001,0.030623,-0.019986
"2025-11-02 01:34:39.497 +0000",1762047279.497365,-0.018344,0.088001,0.006930
"2025-11-02 01:34:39.507 +0000",1762047279.507400,-0.037232,0.058161,0.002233
"2025-11-02 01:34:39.517 +0000",1762047279.517436,-0.014144,-0.024045,-0.020888
"2025-11-02 01:34:39.527 +0000",1762047279.527472,0.060344,-0.069958,-0.040104
"2025-11-02 01:34:39.538 +0000",1762047279.537510,0.051120,-0.061407,-0.031619
"2025-11-02 01:34:39.548 +0000",1762047279.547544,0.086733,0.018738,-0.001161
"2025-11-02 01:34:39.558 +0000",1762047279.557581,0.106281,0.085229,0.009816
"2025-11-02 01:34:39.568 +0000",1762047279.567617,-0.034640,0.021655,-0.003985
"2025-11-02 01:34:39.578 +0000",1762047279.577653,-0.030126,-0.029125,-0.024216
"2025-11-02 01:34:39.588 +0000",1762047279.587690,-0.074791,-0.058897,-0.048763
"2025-11-02 01:34:39.598 +0000",1762047279.597726,-0.090192,-0.050169,-0.040729
"2025-11-02 01:34:39.608 +0000",1762047279.607761,0.046110,0.022295,-0.001749
"2025-11-02 01:34:39.618 +0000",1762047279.617796,0.079911,0.063685,0.000413
"2025-11-02 01:34:39.628 +0000",1762047279.627833,0.055268,0.052441,-0.010997
"2025-11-02 01:34:39.638 +0000",1762047279.637871,0.032172,-0.024740,-0.033507
"2025-11-02 01:34:39.648 +0000",1762047279.647906,0.003961,-0.005530,-0.043667
"2025-11-02 01:34:39.658 +0000",1762047279.657942,-0.103157,0.007481,-0.020273
"2025-11-02 01:34:39.668 +0000",1762047279.667978,-0.071401,-0.010585,0.012504
"2025-11-02 01:34:39.678 +0000",1762047279.678014,0.000318,-0.005319,0.018372
"2025-11-02 01:34:39.688 +0000",1762047279.688051,0.003420,0.010460,-0.014600
"2025-11-02 01:34:39.698 +0000",1762047279.698087,0.092104,-0.018329,-0.018859
"2025-11-02 01:34:39.708 +0000",1762047279.708122,0.095315,-0.002469,-0.016657
"2025-11-02 01:34:39.718 +0000",1762047279.718158,0.010010,0.004369,0.006985
"2025-11-02 01:34:39.728 +0000",1762047279.728194,-0.007510,-0.053219,0.029926
"2025-11-02 01:34:39.738 +0000",1762047279.738232,-0.063671,-0.022630,-0.001392
"2025-11-02 01:34:39.748 +0000",1762047279.748267,-0.107443,0.003984,-0.026080
"2025-11-02 01:34:39.758 +0000",1762047279.758302,-0.027341,0.040413,-0.014349
"2025-11-02 01:34:39.768 +0000",1762047279.768341,-0.016010,0.002428,0.013646
"2025-11-02 01:34:39.778 +0000",1762047279.778374,-0.010083,-0.031043,0.020411
"2025-11-02 01:34:39.788 +0000",1762047279.788412,0.039697,-0.095047,0.007807
"2025-11-02 01:34:39.798 +0000",1762047279.798449,0.029032,-0.177219,-0.028773
"2025-11-02 01:34:39.808 +0000",1762047279.808484,-0.015281,0.066589,-0.055930
"2025-11-02 01:34:39.819 +0000",1762047279.818519,-0.075616,0.175668,-0.028703
"2025-11-02 01:34:39.829 +0000",1762047279.828556,0.005878,0.101744,0.046786
"2025-11-02 01:34:39.839 +0000",1762047279.838592,0.044594,-0.039470,0.027161
"2025-11-02 01:34:39.849 +0000",1762047279.848628,-0.015173,-0.090443,-0.001528
"2025-11-02 01:34:39.859 +0000",1762047279.858665,0.251681,-0.250983,0.010458
"2025-11-02 01:34:39.869 +0000",1762047279.868701,-0.084275,-0.106363,-0.008721
"2025-11-02 01:34:39.879 +0000",1762047279.878737,-0.104606,0.174844,0.010515
"2025-11-02 01:34:39.889 +0000",1762047279.888773,-0.184414,0.168636,0.034247
"2025-11-02 01:34:39.899 +0000",1762047279.898809,-0.222876,-0.015533,0.017469
"2025-11-02 01:34:39.909 +0000",1762047279.908846,-0.233516,-0.076075,-0.038191
"2025-11-02 01:34:39.919 +0000",1762047279.918881,0.168941,-0.215193,-0.038976
"2025-11-02 01:34:39.929 +0000",1762047279.928917,0.445336,-0.046622,-0.004699
"2025-11-02 01:34:39.939 +0000",1762047279.938955,0.364283,0.029246,0.015876
"2025-11-02 01:34:39.949 +0000",1762047279.948990,0.278270,0.027701,0.015605
"2025-11-02 01:34:39.959 +0000",1762047279.959026,0.020503,0.068112,-0.021158
"2025-11-02 01:34:39.969 +0000",1762047279.969063,-0.350956,-0.047761,-0.061315
"2025-11-02 01:34:39.979 +0000",1762047279.979098,-0.532265,-0.024188,-0.042267
"2025-11-02 01:34:39.989 +0000",1762047279.989135,-0.319806,-0.007474,-0.000254
"2025-11-02 01:34:39.999 +0000",1762047279.999171,-0.174977,0.052783,0.022508
"2025-11-02 01:34:40.009 +0000",1762047280.009207,0.133714,0.118279,-0.007766
"2025-11-02 01:34:40.019 +0000",1762047280.019242,0.369668,-0.020536,-0.017103
"2025-11-02 01:34:40.029 +0000",1762047280.029279,0.475263,-0.162444,-0.020503
"2025-11-02 01:34:40.039 +0000",1762047280.039314,0.281912,-0.190677,-0.030361
"2025-11-02 01:34:40.049 +0000",1762047280.049352,0.116059,-0.109903,-0.021126
"2025-11-02 01:34:40.059 +0000",1762047280.059387,-0.078277,0.054819,-0.005577
"2025-11-02 01:34:40.069 +0000",1762047280.069424,-0.296141,0.150602,-0.026543
"2025-11-02 01:34:40.079 +0000",1762047280.079459,-0.430148,0.142672,-0.049589
"2025-11-02 01:34:40.089 +0000",1762047280.089495,-0.324462,0.169804,-0.061616
"2025-11-02 01:34:40.100 +0000",1762047280.099532,-0.048302,0.180276,-0.055140
"2025-11-02 01:34:40.110 +0000",1762047280.109569,-0.025389,-0.027952,-0.011660
"2025-11-02 01:34:40.120 +0000",1762047280.119604,0.315551,-0.264922,0.066087
"2025-11-02 01:34:40.130 +0000",1762047280.129640,0.555434,-0.252982,0.051620
"2025-11-02 01:34:40.140 +0000",1762047280.139677,0.169073,-0.188100,-0.018492
"2025-11-02 01:34:40.150 +0000",1762047280.149713,0.123075,-0.096487,-0.040842
"2025-11-02 01:34:40.160 +0000",1762047280.159748,-0.052591,0.291207,-0.046313
"2025-11-02 01:34:40.170 +0000",1762047280.169786,-0.481768,0.295850,-0.013692
"2025-11-02 01:34:40.180 +0000",1762047280.179820,-0.458228,0.060379,0.040452
"2025-11-02 01:34:40.190 +0000",1762047280.189856,0.057367,-0.264500,0.015152
"2025-11-02 01:34:40.200 +0000",1762047280.199893,-0.186400,-0.203145,-0.067637
"2025-11-02 01:34:40.210 +0000",1762047280.209929,0.219208,-0.042607,-0.044888
"2025-11-02 01:34:40.220 +0000",1762047280.219965,0.543532,0.199345,0.023629
"2025-11-02 01:34:40.230 +0000",1762047280.230001,0.229496,0.262234,0.044112
"2025-11-02 01:34:40.240 +0000",1762047280.240036,0.025087,0.000084,0.039644
"2025-11-02 01:34:40.250 +0000",1762047280.250074,0.093459,-0.311482,0.014456
"2025-11-02 01:34:40.260 +0000",1762047280.260110,-0.163741,-0.332486,-0.056326
"2025-11-02 01:34:40.270 +0000",1762047280.270147,-0.291177,-0.036842,-0.065586
"2025-11-02 01:34:40.280 +0000",1762047280.280181,-0.053459,0.224176,0.005318
"2025-11-02 01:34:40.290 +0000",1762047280.290218,-0.076198,0.347660,0.046459
"2025-11-02 01:34:40.300 +0000",1762047280.300254,-0.062464,0.156498,0.010113
"2025-11-02 01:34:40.310 +0000",1762047280.310292,0.075538,-0.127074,-0.025169
"2025-11-02 01:34:40.320 +0000",1762047280.320326,0.192530,-0.299680,-0.034512
"2025-11-02 01:34:40.330 +0000",1762047280.330362,0.077723,-0.210785,-0.010747
"2025-11-02 01:34:40.340 +0000",1762047280.340398,0.213441,-0.021556,0.043235
"2025-11-02 01:34:40.350 +0000",1762047280.350436,0.129882,0.162893,0.042223
"2025-11-02 01:34:40.360 +0000",1762047280.360471,-0.121583,0.177025,0.002014
"2025-11-02 01:34:40.371 +0000",1762047280.370507,-0.141182,-0.006736,-0.018607
"2025-11-02 01:34:40.381 +0000",1762047280.380543,-0.156734,-0.106063,-0.030539
"2025-11-02 01:34:40.391 +0000",1762047280.390579,-0.251216,-0.135996,0.002828
"2025-11-02 01:34:40.401 +0000",1762047280.400615,-0.029604,-0.057346,0.049510
"2025-11-02 01:34:40.411 +0000",1762047280.410652,0.142046,0.082198,0.038705
"2025-11-02 01:34:40.421 +0000",1762047280.420688,0.048531,0.110116,0.008436
"2025-11-02 01:34:40.431 +0000",1762047280.430726,0.196128,-0.007166,0.027553
"2025-11-02 01:34:40.441 +0000",1762047280.440760,0.188172,-0.140338,0.029052
"2025-11-02 01:34:40.451 +0000",1762047280.450797,-0.041164,-0.136199,0.016123
"2025-11-02 01:34:40.461 +0000",1762047280.460833,-0.061364,-0.098628,0.019234
"2025-11-02 01:34:40.471 +0000",1762047280.470870,-0.071506,0.047634,0.016345
"2025-11-02 01:34:40.481 +0000",1762047280.480904,-0.203940,0.117717,0.010510
"2025-11-02 01:34:40.491 +0000",1762047280.490940,-0.150293,0.090578,0.031351
"2025-11-02 01:34:40.501 +0000",1762047280.500975,0.017617,-0.044218,0.033778
"2025-11-02 01:34:40.511 +0000",1762047280.511014,-0.036462,-0.086705,0.007510
"2025-11-02 01:34:40.521 +0000",1762047280.521049,0.105501,-0.149708,0.016434
"2025-11-02 01:34:40.531 +0000",1762047280.531085,0.160724,-0.069587,0.027494
"2025-11-02 01:34:40.541 +0000",1762047280.541122,0.033013,0.040664,0.019470
"2025-11-02 01:34:40.551 +0000",1762047280.551157,-0.087450,0.090351,0.026554
"2025-11-02 01:34:40.561 +0000",1762047280.561194,-0.021869,0.021982,0.028979
"2025-11-02 01:34:40.571 +0000",1762047280.571230,-0.163120,-0.063311,0.008747
"2025-11-02 01:34:40.581 +0000",1762047280.581265,-0.127028,-0.145542,0.009952
"2025-11-02 01:34:40.591 +0000",1762047280.591302,0.036845,-0.091092,0.008442
"2025-11-02 01:34:40.601 +0000",1762047280.601337,-0.007585,0.063186,0.000896
"2025-11-02 01:34:40.611 +0000",1762047280.611375,0.047126,0.077618,0.027968
"2025-11-02 01:34:40.621 +0000",1762047280.621410,0.142778,0.015571,0.042179
"2025-11-02 01:34:40.631 +0000",1762047280.631447,-0.000608,-0.076745,0.007461
"2025-11-02 01:34:40.641 +0000",1762047280.641482,-0.084913,-0.084237,-0.007932
"2025-11-02 01:34:40.652 +0000",1762047280.651519,-0.012952,-0.079027,-0.008163
"2025-11-02 01:34:40.662 +0000",1762047280.661555,-0.101463,0.040421,0.000484
"2025-11-02 01:34:40.672 +0000",1762047280.671592,-0.036065,0.052994,0.017549
"2025-11-02 01:34:40.682 +0000",1762047280.681627,0.000697,0.044893,0.022273
"2025-11-02 01:34:40.692 +0000",1762047280.691663,0.014392,-0.015038,0.004144
"2025-11-02 01:34:40.702 +0000",1762047280.701700,-0.023595,-0.060276,0.000847
"2025-11-02 01:34:40.712 +0000",1762047280.711736,0.082531,-0.126855,0.004531
"2025-11-02 01:34:40.722 +0000",1762047280.721771,-0.013807,-0.002345,-0.005996
"2025-11-02 01:34:40.732 +0000",1762047280.731808,-0.023120,0.063296,0.007203
"2025-11-02 01:34:40.742 +0000",1762047280.741844,-0.026397,0.040112,0.022250
"2025-11-02 01:34:40.752 +0000",1762047280.751879,-0.016760,-0.020030,0.005671
"2025-11-02 01:34:40.762 +0000",1762047280.761916,0.002920,-0.044793,-0.022714
"2025-11-02 01:34:40.772 +0000",1762047280.771953,0.053512,-0.043798,-0.023446
"2025-11-02 01:34:40.782 +0000",1762047280.781988,0.032575,0.002877,-0.008074
"2025-11-02 01:34:40.792 +0000",1762047280.792025,0.003950,0.041594,0.016801
"2025-11-02 01:34:40.802 +0000",1762047280.802060,-0.004055,-0.003892,0.008556
"2025-11-02 01:34:40.812 +0000",1762047280.812097,-0.105071,-0.004672,-0.016719
"2025-11-02 01:34:40.822 +0000",1762047280.822133,-0.070425,-0.008482,-0.028152
"2025-11-02 01:34:40.832 +0000",1762047280.832170,-0.017675,0.011298,-0.003723
"2025-11-02 01:34:40.842 +0000",1762047280.842205,0.013032,-0.029619,0.018881
"2025-11-02 01:34:40.852 +0000",1762047280.852241,0.035646,-0.028426,0.019362
"2025-11-02 01:34:40.862 +0000",1762047280.862277,0.102567,-0.056291,-0.010816
"2025-11-02 01:34:40.872 +0000",1762047280.872313,0.044184,0.005697,-0.031740
"2025-11-02 01:34:40.882 +0000",1762047280.882350,0.099569,-0.004773,-0.019890
"2025-11-02 01:34:40.892 +0000",1762047280.892385,-0.011447,0.029268,0.009288
"2025-11-02 01:34:40.902 +0000",1762047280.902423,-0.083219,-0.028993,0.012096
"2025-11-02 01:34:40.912 +0000",1762047280.912458,-0.114031,0.007950,-0.012131
"2025-11-02 01:34:40.922 +0000",1762047280.922493,-0.055758,-0.008950,-0.040929
"2025-11-02 01:34:40.933 +0000",1762047280.932530,-0.065135,0.034952,-0.040458
"2025-11-02 01:34:40.943 +0000",1762047280.942567,0.049827,-0.001932,-0.003861
"2025-11-02 01:34:40.953 +0000",1762047280.952603,0.131531,0.006639,0.011628
"2025-11-02 01:34:40.963 +0000",1762047280.962639,0.087158,-0.015076,-0.007929
"2025-11-02 01:34:40.973 +0000",1762047280.972728,0.036196,-0.026973,-0.033692
"2025-11-02 01:34:40.983 +0000",1762047280.982712,0.029488,-0.013467,-0.035690
"2025-11-02 01:34:40.993 +0000",1762047280.992748,-0.113274,-0.012933,-0.020359
"2025-11-02 01:34:41.003 +0000",1762047281.002785,-0.110112,0.020752,-0.006304
"2025-11-02 01:34:41.013 +0000",1762047281.012819,-0.043712,0.024301,-0.011770
"2025-11-02 01:34:41.023 +0000",1762047281.022855,-0.000929,0.027920,-0.019276
"2025-11-02 01:34:41.033 +0000",1762047281.032891,0.118252,0.009776,-0.014516
"2025-11-02 01:34:41.043 +0000",1762047281.042927,0.074482,-0.011694,0.001774
"2025-11-02 01:34:41.053 +0000",1762047281.052963,0.084329,-0.082519,0.009071
"2025-11-02 01:34:41.063 +0000",1762047281.063002,-0.016598,-0.031020,-0.008950
"2025-11-02 01:34:41.073 +0000",1762047281.073037,-0.026849,-0.021018,-0.019829
"2025-11-02 01:34:41.083 +0000",1762047281.083072,-0.049113,0.004209,-0.010349
"2025-11-02 01:34:41.093 +0000",1762047281.093109,-0.047002,0.017722,-0.007021
"2025-11-02 01:34:41.103 +0000",1762047281.103145,-0.096868,0.030844,0.000063
"2025-11-02 01:34:41.113 +0000",1762047281.113181,0.025832,-0.024741,-0.006629
"2025-11-02 01:34:41.123 +0000",1762047281.123215,0.044463,0.008474,-0.021285
"2025-11-02 01:34:41.133 +0000",1762047281.133252,0.057343,-0.015453,-0.017026
"2025-11-02 01:34:41.143 +0000",1762047281.143290,0.041926,-0.029701,0.004226
"2025-11-02 01:34:41.153 +0000",1762047281.153325,0.012592,-0.016889,0.006282
"2025-11-02 01:34:41.163 +0000",1762047281.163361,-0.056640,-0.002457,0.002532
"2025-11-02 01:34:41.173 +0000",1762047281.173397,-0.048091,-0.053892,-0.011912
"2025-11-02 01:34:41.183 +0000",1762047281.183433,-0.096149,0.006035,-0.031867
"2025-11-02 01:34:41.193 +0000",1762047281.193468,-0.026498,0.028206,-0.013208
"2025-11-02 01:34:41.204 +0000",1762047281.203506,0.070721,0.034145,0.016301
"2025-11-02 01:34:41.214 +0000",1762047281.213542,0.091961,0.002804,0.018116
"2025-11-02 01:34:41.224 +0000",1762047281.223578,0.015504,-0.020558,0.007370
"2025-11-02 01:34:41.234 +0000",1762047281.233616,0.056007,-0.110542,0.002329
"2025-11-02 01:34:41.244 +0000",1762047281.243649,-0.052281,-0.094100,-0.015979
"2025-11-02 01:34:41.254 +0000",1762047281.253686,-0.025305,-0.013965,-0.018096
"2025-11-02 01:34:41.264 +0000",1762047281.263723,-0.031512,0.111594,-0.003848
"2025-11-02 01:34:41.274 +0000",1762047281.273757,0.001557,0.079741,0.020979
"2025-11-02 01:34:41.284 +0000",1762047281.283794,-0.045041,-0.020598,0.014010
"2025-11-02 01:34:41.294 +0000",1762047281.293830,-0.013345,-0.096787,-0.016019
"2025-11-02 01:34:41.304 +0000",1762047281.303866,0.016291,-0.104531,-0.035988
"2025-11-02 01:34:41.314 +0000",1762047281.313903,0.024618,-0.004723,-0.016832
"2025-11-02 01:34:41.324 +0000",1762047281.323939,0.102509,0.093845,0.021594
"2025-11-02 01:34:41.334 +0000",1762047281.333975,0.083525,0.064663,0.028734
"2025-11-02 01:34:41.344 +0000",1762047281.344011,-0.018439,-0.039732,0.001437
"2025-11-02 01:34:41.354 +0000",1762047281.354046,-0.049192,-0.096012,-0.031233
"2025-11-02 01:34:41.364 +0000",1762047281.364084,-0.118523,-0.063590,-0.045229
"2025-11-02 01:34:41.374 +0000",1762047281.374120,-0.091834,0.033968,-0.004244
"2025-11-02 01:34:41.384 +0000",1762047281.384156,0.082812,0.095044,0.040814
"2025-11-02 01:34:41.394 +0000",1762047281.394193,0.023606,0.044380,0.033778
"2025-11-02 01:34:41.404 +0000",1762047281.404228,0.022536,-0.037179,-0.002975
"2025-11-02 01:34:41.414 +0000",1762047281.414263,0.095208,-0.115285,-0.024151
"2025-11-02 01:34:41.424 +0000",1762047281.424300,-0.045391,-0.087990,-0.030519
"2025-11-02 01:34:41.434 +0000",1762047281.434337,-0.051041,-0.006248,0.012283
"2025-11-02 01:34:41.444 +0000",1762047281.444372,0.009251,0.094603,0.039070
"2025-11-02 01:34:41.454 +0000",1762047281.454408,-0.005646,0.062086,0.026709
"2025-11-02 01:34:41.464 +0000",1762047281.464444,-0.013368,-0.034875,-0.010273
"2025-11-02 01:34:41.474 +0000",1762047281.474482,0.040097,-0.112568,-0.035809
"2025-11-02 01:34:41.485 +0000",1762047281.484517,-0.017346,-0.063025,-0.035264
"2025-11-02 01:34:41.495 +0000",1762047281.494553,-0.044094,0.007223,0.007976
"2025-11-02 01:34:41.505 +0000",1762047281.504590,0.016303,0.067569,0.033211
"2025-11-02 01:34:41.515 +0000",1762047281.514625,-0.009429,0.059660,0.009872
"2025-11-02 01:34:41.525 +0000",1762047281.524661,-0.050503,-0.032446,-0.023498
"2025-11-02 01:34:41.535 +0000",1762047281.534698,0.016877,-0.072762,-0.032712
"2025-11-02 01:34:41.545 +0000",1762047281.544733,0.009114,-0.043755,-0.025291
"2025-11-02 01:34:41.555 +0000",1762047281.554769,-0.015417,0.021889,0.023117
"2025-11-02 01:34:41.565 +0000",1762047281.564806,0.043154,0.026298,0.042396
"2025-11-02 01:34:41.575 +0000",1762047281.574842,-0.028853,0.001604,0.016043
"2025-11-02 01:34:41.585 +0000",1762047281.584878,-0.052749,-0.047926,-0.023421
"2025-11-02 01:34:41.595 +0000",1762047281.594914,-0.041792,-0.042135,-0.024672
"2025-11-02 01:34:41.605 +0000",1762047281.604950,0.011038,-0.029865,-0.004166
"2025-11-02 01:34:41.615 +0000",1762047281.614986,-0.081128,0.039561,0.025096
"2025-11-02 01:34:41.625 +0000",1762047281.625022,0.001289,0.024082,0.027918
"2025-11-02 01:34:41.635 +0000",1762047281.635059,-0.024577,0.027090,0.002894
"2025-11-02 01:34:41.645 +0000",1762047281.645094,0.005526,-0.065468,-0.018929
"2025-11-02 01:34:41.655 +0000",1762047281.655131,0.025661,-0.079434,-0.011419
"2025-11-02 01:34:41.665 +0000",1762047281.665167,0.079307,-0.056560,0.001079
"2025-11-02 01:34:41.675 +0000",1762047281.675203,-0.018373,0.047058,0.013459
"2025-11-02 01:34:41.685 +0000",1762047281.685238,0.014407,0.080148,0.010993
"2025-11-02 01:34:41.695 +0000",1762047281.695276,-0.078972,0.029635,0.006481
"2025-11-02 01:34:41.705 +0000",1762047281.705312,-0.068598,-0.060893,-0.001434
"2025-11-02 01:34:41.715 +0000",1762047281.715348,-0.073258,-0.082531,-0.007287
"2025-11-02 01:34:41.725 +0000",1762047281.725384,-0.056131,-0.075273,-0.000771
"2025-11-02 01:34:41.735 +0000",1762047281.735421,0.007981,0.018697,0.004074
"2025-11-02 01:34:41.745 +0000",1762047281.745457,0.085145,0.071440,-0.000190
"2025-11-02 01:34:41.755 +0000",1762047281.755493,0.025106,0.067781,-0.003767
"2025-11-02 01:34:41.766 +0000",1762047281.765529,0.055923,-0.037651,-0.006231
"2025-11-02 01:34:41.776 +0000",1762047281.775564,0.016132,-0.083725,-0.015431
"2025-11-02 01:34:41.786 +0000",1762047281.785600,0.006086,-0.036582,-0.028575
"2025-11-02 01:34:41.796 +0000",1762047281.795636,-0.057615,0.068750,-0.019299
"2025-11-02 01:34:41.806 +0000",1762047281.805674,-0.019673,0.084369,0.007433
"2025-11-02 01:34:41.816 +0000",1762047281.815709,-0.051554,0.012855,0.012123
"2025-11-02 01:34:41.826 +0000",1762047281.825745,-0.050420,-0.070151,-0.006444
"2025-11-02 01:34:41.836 +0000",1762047281.835781,-0.022949,-0.082530,-0.028739
"2025-11-02 01:34:41.846 +0000",1762047281.845817,0.033638,-0.024512,-0.025030
"2025-11-02 01:34:41.856 +0000",1762047281.855853,0.035349,0.065191,0.005988
"2025-11-02 01:34:41.866 +0000",1762047281.865890,0.087938,0.051784,0.020325
"2025-11-02 01:34:41.876 +0000",1762047281.875926,-0.001934,0.022836,-0.005409
"2025-11-02 01:34:41.886 +0000",1762047281.885961,-0.014591,-0.045163,-0.029679
"2025-11-02 01:34:41.896 +0000",1762047281.895997,0.001627,-0.038507,-0.031995
"2025-11-02 01:34:41.906 +0000",1762047281.906033,0.003603,0.004792,-0.018127
"2025-11-02 01:34:41.916 +0000",1762047281.916070,-0.050848,0.067267,0.010252
"2025-11-02 01:34:41.926 +0000",1762047281.926106,0.017772,0.036399,0.019663
"2025-11-02 01:34:41.936 +0000",1762047281.936142,-0.088827,0.035730,-0.008510
"2025-11-02 01:34:41.946 +0000",1762047281.946179,-0.047232,-0.039628,-0.027832
"2025-11-02 01:34:41.956 +0000",1762047281.956215,-0.036150,-0.062940,-0.019042
"2025-11-02 01:34:41.966 +0000",1762047281.966251,0.035020,-0.064766,0.004957
"2025-11-02 01:34:41.976 +0000",1762047281.976287,0.091098,0.004915,0.016411
"2025-11-02 01:34:41.986 +0000",1762047281.986323,0.126506,0.042178,0.003551
"2025-11-02 01:34:41.996 +0000",1762047281.996359,0.042054,0.056670,-0.018060
"2025-11-02 01:34:42.006 +0000",1762047282.006394,0.001455,0.004748,-0.010949
"2025-11-02 01:34:42.016 +0000",1762047282.016430,-0.088419,-0.048376,0.004508
"2025-11-02 01:34:42.026 +0000",1762047282.026467,-0.107633,-0.047216,0.007788
"2025-11-02 01:34:42.037 +0000",1762047282.036503,-0.022915,0.003755,-0.000061
"2025-11-02 01:34:42.047 +0000",1762047282.046540,0.027179,0.046336,-0.004143
"2025-11-02 01:34:42.057 +0000",1762047282.056576,0.114451,0.011213,0.005926
"2025-11-02 01:34:42.067 +0000",1762047282.066612,0.132264,-0.045203,0.015911
"2025-11-02 01:34:42.077 +0000",1762047282.076648,0.050091,-0.079597,0.003435
"2025-11-02 01:34:42.087 +0000",1762047282.086684,0.003774,-0.037616,-0.008548
"2025-11-02 01:34:42.097 +0000",1762047282.096721,-0.052815,0.034019,-0.008754
"2025-11-02 01:34:42.107 +0000",1762047282.106755,-0.066124,0.052719,0.002173
"2025-11-02 01:34:42.117 +0000",1762047282.116791,-0.024386,0.062935,0.010513
"2025-11-02 01:34:42.127 +0000",1762047282.126828,-0.008199,0.010961,0.008195
"2025-11-02 01:34:42.137 +0000",1762047282.136865,0.006068,-0.046271,0.005268
"2025-11-02 01:34:42.147 +0000",1762047282.146900,0.072448,-0.079949,0.009080
"2025-11-02 01:34:42.157 +0000",1762047282.156937,0.034999,-0.040593,0.008094
"2025-11-02 01:34:42.167 +0000",1762047282.166972,0.039612,-0.013346,0.019753
"2025-11-02 01:34:42.177 +0000",1762047282.177009,0.017114,0.038105,0.024001
"2025-11-02 01:34:42.187 +0000",1762047282.187044,-0.019076,-0.009342,0.019170
"2025-11-02 01:34:42.197 +0000",1762047282.197082,-0.059415,-0.019698,-0.001285
"2025-11-02 01:34:42.207 +0000",1762047282.207116,-0.042984,-0.007756,-0.000710
"2025-11-02 01:34:42.217 +0000",1762047282.217153,-0.002109,-0.007925,0.016566
"2025-11-02 01:34:42.227 +0000",1762047282.227190,0.039349,0.001999,0.033650
"2025-11-02 01:34:42.237 +0000",1762047282.237225,0.021942,0.002221,0.029390
"2025-11-02 01:34:42.247 +0000",1762047282.247261,0.056326,-0.034675,0.024231
"2025-11-02 01:34:42.257 +0000",1762047282.257298,0.055785,-0.073688,0.008514
"2025-11-02 01:34:42.267 +0000",1762047282.267335,0.022523,-0.047476,0.004069
"2025-11-02 01:34:42.277 +0000",1762047282.277392,0.018691,-0.004425,0.021497
"2025-11-02 01:34:42.287 +0000",1762047282.287405,-0.031613,0.029328,0.035258
"2025-11-02 01:34:42.297 +0000",1762047282.297442,-0.056851,0.004241,0.037089
"2025-11-02 01:34:42.307 +0000",1762047282.307479,-0.026210,-0.035660,0.021265
"2025-11-02 01:34:42.318 +0000",1762047282.317514,-0.058842,-0.055976,0.002063
"2025-11-02 01:34:42.328 +0000",1762047282.327551,0.019041,-0.038605,0.009897
"2025-11-02 01:34:42.338 +0000",1762047282.337586,-0.000901,-0.008709,0.022353
"2025-11-02 01:34:42.348 +0000",1762047282.347623,0.018729,0.015911,0.039829
"2025-11-02 01:34:42.358 +0000",1762047282.357658,0.082286,0.005496,0.033432
"2025-11-02 01:34:42.368 +0000",1762047282.367696,0.003943,-0.046246,0.014683
"2025-11-02 01:34:42.378 +0000",1762047282.377731,0.032094,-0.091878,0.008119
"2025-11-02 01:34:42.388 +0000",1762047282.387767,0.017915,-0.058665,0.005153
"2025-11-02 01:34:42.398 +0000",1762047282.397804,-0.083409,0.025803,0.008221
"2025-11-02 01:34:42.408 +0000",1762047282.407839,-0.086130,0.036189,0.028062
"2025-11-02 01:34:42.418 +0000",1762047282.417874,-0.046258,0.022921,0.021862
"2025-11-02 01:34:42.428 +0000",1762047282.427912,-0.048920,0.016897,-0.002513
"2025-11-02 01:34:42.438 +0000",1762047282.437948,0.046381,-0.038427,-0.005711
"2025-11-02 01:34:42.448 +0000",1762047282.447983,0.105416,-0.083642,0.011080
"2025-11-02 01:34:42.458 +0000",1762047282.458019,0.102259,-0.027026,0.021730
"2025-11-02 01:34:42.468 +0000",1762047282.468056,0.105662,-0.005531,0.035028
"2025-11-02 01:34:42.478 +0000",1762047282.478091,0.048725,0.016455,0.028513
"2025-11-02 01:34:42.488 +0000",1762047282.488128,-0.116967,-0.007904,0.011529
"2025-11-02 01:34:42.498 +0000",1762047282.498165,-0.148679,-0.024134,0.003037
"2025-11-02 01:34:42.508 +0000",1762047282.508200,-0.078460,-0.028953,0.014223
"2025-11-02 01:34:42.518 +0000",1762047282.518236,0.015130,-0.033276,0.019677
"2025-11-02 01:34:42.528 +0000",1762047282.528273,0.059268,0.014277,0.021843
"2025-11-02 01:34:42.538 +0000",1762047282.538308,0.120275,0.016090,0.020860
"2025-11-02 01:34:42.548 +0000",1762047282.548345,0.096198,-0.028289,0.017812
"2025-11-02 01:34:42.558 +0000",1762047282.558381,0.042124,-0.048750,-0.001708
"2025-11-02 01:34:42.568 +0000",1762047282.568417,0.001901,-0.044122,-0.000776
"2025-11-02 01:34:42.578 +0000",1762047282.578452,-0.014110,-0.006178,0.001661
"2025-11-02 01:34:42.588 +0000",1762047282.588489,-0.041010,0.051112,0.008024
"2025-11-02 01:34:42.599 +0000",1762047282.598526,-0.031936,0.005549,0.015128
"2025-11-02 01:34:42.609 +0000",1762047282.608561,-0.055703,-0.014886,0.002891
"2025-11-02 01:34:42.619 +0000",1762047282.618597,-0.048958,-0.020189,-0.013668
"2025-11-02 01:34:42.629 +0000",1762047282.628633,-0.001091,-0.016495,-0.004740
"2025-11-02 01:34:42.639 +0000",1762047282.638669,0.120558,-0.013249,-0.003017
"2025-11-02 01:34:42.649 +0000",1762047282.648705,0.049837,-0.005074,0.003570
"2025-11-02 01:34:42.659 +0000",1762047282.658742,0.082894,-0.013264,-0.000239
"2025-11-02 01:34:42.669 +0000",1762047282.668779,0.021103,0.019537,-0.017734
"2025-11-02 01:34:42.679 +0000",1762047282.678814,-0.047148,0.063718,-0.021360
"2025-11-02 01:34:42.689 +0000",1762047282.688850,-0.032244,0.061390,-0.004730
"2025-11-02 01:34:42.699 +0000",1762047282.698885,-0.111825,0.023253,0.000629
"2025-11-02 01:34:42.709 +0000",1762047282.708922,-0.055243,-0.028101,0.008383
"2025-11-02 01:34:42.719 +0000",1762047282.718957,0.093859,-0.030299,-0.004118
"2025-11-02 01:34:42.729 +0000",1762047282.728994,0.047485,-0.050031,-0.007930
"2025-11-02 01:34:42.739 +0000",1762047282.739031,0.064671,0.002413,0.000247
"2025-11-02 01:34:42.749 +0000",1762047282.749067,0.004014,0.052719,0.012785
"2025-11-02 01:34:42.759 +0000",1762047282.759102,-0.024030,0.038976,0.018911
"2025-11-02 01:34:42.769 +0000",1762047282.769140,-0.054219,0.009714,0.005803
"2025-11-02 01:34:42.779 +0000",1762047282.779174,-0.059541,-0.033804,-0.019805
"2025-11-02 01:34:42.789 +0000",1762047282.789211,-0.044755,-0.012927,-0.013545
"2025-11-02 01:34:42.799 +0000",1762047282.799248,0.019187,-0.012312,0.007691
"2025-11-02 01:34:42.809 +0000",1762047282.809284,0.036777,0.032737,0.024430
"2025-11-02 01:34:42.819 +0000",1762047282.819319,0.052446,0.038872,0.017504
"2025-11-02 01:34:42.829 +0000",1762047282.829354,-0.005025,0.047192,0.002880
"2025-11-02 01:34:42.839 +0000",1762047282.839391,-0.007167,-0.018583,-0.006449
"2025-11-02 01:34:42.849 +0000",1762047282.849426,-0.105475,-0.062695,-0.009442
"2025-11-02 01:34:42.859 +0000",1762047282.859464,-0.074297,-0.027701,-0.001385
"2025-11-02 01:34:42.870 +0000",1762047282.869501,-0.039948,0.031027,0.012080
"2025-11-02 01:34:42.880 +0000",1762047282.879535,0.051793,0.106640,0.013460
"2025-11-02 01:34:42.890 +0000",1762047282.889572,0.069500,0.073641,0.022710
"2025-11-02 01:34:42.900 +0000",1762047282.899608,0.102129,-0.036045,0.021975
"2025-11-02 01:34:42.910 +0000",1762047282.909643,-0.026163,-0.099025,0.000100
"2025-11-02 01:34:42.920 +0000",1762047282.919679,-0.087205,-0.050961,-0.009037
"2025-11-02 01:34:42.930 +0000",1762047282.929717,-0.054511,0.033527,0.002080
"2025-11-02 01:34:42.940 +0000",1762047282.939752,-0.107193,0.101091,0.008023
"2025-11-02 01:34:42.950 +0000",1762047282.949788,-0.093991,0.088049,0.017701
"2025-11-02 01:34:42.960 +0000",1762047282.959825,0.040144,-0.001708,0.009285
"2025-11-02 01:34:42.970 +0000",1762047282.969860,-0.005082,-0.051867,-0.010665
"2025-11-02 01:34:42.980 +0000",1762047282.979896,0.056416,-0.015646,-0.011281
"2025-11-02 01:34:42.990 +0000",1762047282.989933,0.072037,0.015313,0.016572
"2025-11-02 01:34:43.000 +0000",1762047282.999969,0.001662,0.022991,0.029635
"2025-11-02 01:34:43.010 +0000",1762047283.010005,-0.059648,0.023132,0.026402
"2025-11-02 01:34:43.020 +0000",1762047283.020040,-0.028757,-0.004941,-0.000706
"2025-11-02 01:34:43.030 +0000",1762047283.030077,-0.064529,0.016389,-0.014922
"2025-11-02 01:34:43.040 +0000",1762047283.040112,-0.047763,0.015695,-0.006565
"2025-11-02 01:34:43.050 +0000",1762047283.050148,-0.019129,0.009494,0.027140
"2025-11-02 01:34:43.060 +0000",1762047283.060185,0.024066,-0.001115,0.028012
"2025-11-02 01:34:43.070 +0000",1762047283.070222,0.020093,0.004048,0.014731
"2025-11-02 01:34:43.080 +0000",1762047283.080256,0.051394,-0.016937,-0.009159
"2025-11-02 01:34:43.090 +0000",1762047283.090293,-0.019767,0.034681,-0.011426
"2025-11-02 01:34:43.100 +0000",1762047283.100329,0.011959,0.060364,0.004907
"2025-11-02 01:34:43.110 +0000",1762047283.110364,-0.043458,0.038769,0.025361
"2025-11-02 01:34:43.120 +0000",1762047283.120401,-0.041961,-0.030733,0.014945
"2025-11-02 01:34:43.130 +0000",1762047283.130438,-0.055411,-0.025801,-0.005800
"2025-11-02 01:34:43.140 +0000",1762047283.140474,-0.002664,-0.013192,-0.014911
"2025-11-02 01:34:43.151 +0000",1762047283.150509,0.014947,0.003701,0.002185
"2025-11-02 01:34:43.161 +0000",1762047283.160545,0.086580,0.020574,0.016374
"2025-11-02 01:34:43.171 +0000",1762047283.170582,0.028891,0.083165,0.013567
"2025-11-02 01:34:43.181 +0000",1762047283.180617,-0.005676,0.026461,0.008855
"2025-11-02 01:34:43.191 +0000",1762047283.190654,-0.013460,-0.042840,0.005354
"2025-11-02 01:34:43.201 +0000",1762047283.200691,-0.040344,-0.059754,-0.014603
"2025-11-02 01:34:43.211 +0000",1762047283.210727,-0.110120,-0.014126,-0.013827
"2025-11-02 01:34:43.221 +0000",1762047283.220762,0.049276,0.084361,0.002954
"2025-11-02 01:34:43.231 +0000",1762047283.230799,0.009579,0.115954,0.002186
"2025-11-02 01:34:43.241 +0000",1762047283.240834,0.057556,0.039225,-0.000040
"2025-11-02 01:34:43.251 +0000",1762047283.250870,0.067613,-0.023595,-0.005586
"2025-11-02 01:34:43.261 +0000",1762047283.260907,0.052285,-0.045427,-0.014743
"2025-11-02 01:34:43.271 +0000",1762047283.270943,-0.002981,-0.040835,-0.000309
"2025-11-02 01:34:43.281 +0000",1762047283.280979,-0.007708,-0.002250,0.006279
"2025-11-02 01:34:43.291 +0000",1762047283.291015,-0.016092,0.085465,-0.000702
"2025-11-02 01:34:43.301 +0000",1762047283.301052,-0.018783,0.114236,-0.009934
"2025-11-02 01:34:43.311 +0000",1762047283.311086,-0.028285,0.038343,0.000851
"2025-11-02 01:34:43.321 +0000",1762047283.321122,0.052095,-0.050664,0.001904
"2025-11-02 01:34:43.331 +0000",1762047283.331160,0.006813,-0.090559,-0.005599
"2025-11-02 01:34:43.341 +0000",1762047283.341195,0.054566,-0.034057,-0.013951
"2025-11-02 01:34:43.351 +0000",1762047283.351232,0.108157,0.083738,-0.009638
"2025-11-02 01:34:43.361 +0000",1762047283.361268,0.052273,0.126939,-0.006600
"2025-11-02 01:34:43.371 +0000",1762047283.371303,-0.020813,0.080003,0.007364
"2025-11-02 01:34:43.381 +0000",1762047283.381339,-0.032736,-0.031612,-0.000369
"2025-11-02 01:34:43.391 +0000",1762047283.391375,-0.083579,-0.075799,-0.015762
"2025-11-02 01:34:43.401 +0000",1762047283.401412,0.008779,-0.077790,-0.015632
"2025-11-02 01:34:43.411 +0000",1762047283.411448,0.096791,0.015362,0.002337
"2025-11-02 01:34:43.421 +0000",1762047283.421484,0.155659,0.019833,0.003599
"2025-11-02 01:34:43.432 +0000",1762047283.431521,0.122084,0.023139,-0.015776
"2025-11-02 01:34:43.442 +0000",1762047283.441556,0.165476,0.010595,-0.041971
"2025-11-02 01:34:43.452 +0000",1762047283.451592,0.008549,0.045758,-0.058345
"2025-11-02 01:34:43.462 +0000",1762047283.461627,-0.179511,0.095941,-0.055595
"2025-11-02 01:34:43.472 +0000",1762047283.471666,-0.281938,0.076291,-0.026067
"2025-11-02 01:34:43.482 +0000",1762047283.481701,-0.099330,0.106547,-0.016496
"2025-11-02 01:34:43.492 +0000",1762047283.491738,-0.041692,0.072292,-0.039224
"2025-11-02 01:34:43.502 +0000",1762047283.501773,0.144031,-0.044144,-0.044938
"2025-11-02 01:34:43.512 +0000",1762047283.511809,0.295174,-0.069153,-0.038790
"2025-11-02 01:34:43.522 +0000",1762047283.521845,0.156486,-0.002476,-0.037836
"2025-11-02 01:34:43.532 +0000",1762047283.531881,0.044697,0.019455,-0.022625
"2025-11-02 01:34:43.542 +0000",1762047283.541917,-0.056466,0.114926,-0.021894
"2025-11-02 01:34:43.552 +0000",1762047283.551954,-0.276989,0.155417,-0.044064
"2025-11-02 01:34:43.562 +0000",1762047283.561990,-0.265021,0.091486,-0.033777
"2025-11-02 01:34:43.572 +0000",1762047283.572026,-0.068004,0.016643,-0.020859
"2025-11-02 01:34:43.582 +0000",1762047283.582061,0.043187,-0.025208,-0.031594
"2025-11-02 01:34:43.592 +0000",1762047283.592097,0.145724,-0.013544,-0.015859
"2025-11-02 01:34:43.602 +0000",1762047283.602134,0.379863,0.008523,0.013812
"2025-11-02 01:34:43.612 +0000",1762047283.612169,0.175481,0.072058,0.011442
"2025-11-02 01:34:43.622 +0000",1762047283.622206,0.023042,0.005479,0.007793
"2025-11-02 01:34:43.632 +0000",1762047283.632242,-0.114870,-0.029928,0.002394
"2025-11-02 01:34:43.642 +0000",1762047283.642277,-0.239762,-0.020965,-0.024211
"2025-11-02 01:34:43.652 +0000",1762047283.652314,-0.251596,0.019983,-0.016286
"2025-11-02 01:34:43.662 +0000",1762047283.662349,-0.016735,0.021229,0.001891
"2025-11-02 01:34:43.672 +0000",1762047283.672385,0.087499,0.041010,-0.000968
"2025-11-02 01:34:43.682 +0000",1762047283.682422,0.237700,0.061019,-0.008083
"2025-11-02 01:34:43.692 +0000",1762047283.692457,0.228894,0.014236,-0.013623
"2025-11-02 01:34:43.702 +0000",1762047283.702495,0.097368,0.018247,-0.020291
"2025-11-02 01:34:43.713 +0000",1762047283.712530,-0.185310,0.031227,-0.010424
"2025-11-02 01:34:43.723 +0000",1762047283.722566,-0.231265,-0.019453,0.003079
"2025-11-02 01:34:43.733 +0000",1762047283.732602,-0.247197,0.070630,-0.017696
"2025-11-02 01:34:43.743 +0000",1762047283.742638,-0.167186,0.163634,-0.033572
"2025-11-02 01:34:43.753 +0000",1762047283.752674,-0.071934,0.110194,-0.021314
"2025-11-02 01:34:43.763 +0000",1762047283.762710,0.074383,-0.022553,0.006873
"2025-11-02 01:34:43.773 +0000",1762047283.772747,0.175876,-0.091813,0.015462
"2025-11-02 01:34:43.783 +0000",1762047283.782783,0.104647,-0.076514,-0.000705
"2025-11-02 01:34:43.793 +0000",1762047283.792819,0.071631,-0.019055,-0.012228
"2025-11-02 01:34:43.803 +0000",1762047283.802855,-0.033863,0.109655,-0.012492
"2025-11-02 01:34:43.813 +0000",1762047283.812892,-0.168937,0.174857,-0.008029
"2025-11-02 01:34:43.823 +0000",1762047283.822927,-0.130761,0.086602,-0.001718
"2025-11-02 01:34:43.833 +0000",1762047283.832963,-0.101970,0.011349,-0.017148
"2025-11-02 01:34:43.843 +0000",1762047283.842999,-0.067216,-0.086917,-0.033188
"2025-11-02 01:34:43.853 +0000",1762047283.853035,0.084146,-0.037005,-0.018225
"2025-11-02 01:34:43.863 +0000",1762047283.863071,0.194649,0.069059,0.004902
"2025-11-02 01:34:43.873 +0000",1762047283.873107,0.094536,0.100542,0.019938
"2025-11-02 01:34:43.883 +0000",1762047283.883143,0.073948,0.009791,0.023547
"2025-11-02 01:34:43.893 +0000",1762047283.893179,0.032199,-0.050489,-0.011971
"2025-11-02 01:34:43.903 +0000",1762047283.903217,-0.109741,-0.025844,-0.043309
"2025-11-02 01:34:43.913 +0000",1762047283.913252,-0.109010,0.024179,-0.021268
"2025-11-02 01:34:43.923 +0000",1762047283.923287,-0.006287,0.038238,0.027611
"2025-11-02 01:34:43.933 +0000",1762047283.933324,-0.014946,0.044507,0.032537
"2025-11-02 01:34:43.943 +0000",1762047283.943360,0.058267,-0.002598,0.018863
"2025-11-02 01:34:43.953 +0000",1762047283.953396,0.167584,-0.028252,-0.010369
"2025-11-02 01:34:43.963 +0000",1762047283.963433,0.083000,-0.017119,-0.025332
"2025-11-02 01:34:43.973 +0000",1762047283.973467,0.004656,0.022066,0.002002
"2025-11-02 01:34:43.984 +0000",1762047283.983504,-0.012948,0.032229,0.044492
"2025-11-02 01:34:43.994 +0000",1762047283.993540,-0.029603,-0.002461,0.033627
"2025-11-02 01:34:44.004 +0000",1762047284.003576,-0.070852,-0.007287,-0.004793
"2025-11-02 01:34:44.014 +0000",1762047284.013612,0.014067,0.003363,-0.027465
"2025-11-02 01:34:44.024 +0000",1762047284.023649,0.056487,0.000738,-0.007258
"2025-11-02 01:34:44.034 +0000",1762047284.033685,0.034122,0.008761,0.020353
"2025-11-02 01:34:44.044 +0000",1762047284.043720,0.004035,0.011146,0.035173
"2025-11-02 01:34:44.054 +0000",1762047284.053756,-0.002467,-0.029013,0.006871
"2025-11-02 01:34:44.064 +0000",1762047284.063793,-0.078140,0.000980,-0.020383
"2025-11-02 01:34:44.074 +0000",1762047284.073828,0.009687,0.026770,-0.018427
"2025-11-02 01:34:44.084 +0000",1762047284.083864,-0.005389,0.031291,0.008003
"2025-11-02 01:34:44.094 +0000",1762047284.093901,0.004838,0.031639,0.020573
"2025-11-02 01:34:44.104 +0000",1762047284.103938,-0.032865,0.005547,0.008883
"2025-11-02 01:34:44.114 +0000",1762047284.113973,-0.013647,-0.025011,-0.014393
"2025-11-02 01:34:44.124 +0000",1762047284.124008,-0.061705,-0.007856,-0.024443
"2025-11-02 01:34:44.134 +0000",1762047284.134045,-0.033962,0.039114,-0.011174
"2025-11-02 01:34:44.144 +0000",1762047284.144081,-0.040684,0.060777,0.019333
"2025-11-02 01:34:44.154 +0000",1762047284.154117,-0.020109,0.035047,0.021931
"2025-11-02 01:34:44.164 +0000",1762047284.164154,-0.016957,0.006830,0.002046
"2025-11-02 01:34:44.174 +0000",1762047284.174189,-0.033940,-0.052618,-0.020883
"2025-11-02 01:34:44.184 +0000",1762047284.184226,-0.055740,-0.027764,-0.004078
"2025-11-02 01:34:44.194 +0000",1762047284.194261,0.052948,0.024031,0.020071
"2025-11-02 01:34:44.204 +0000",1762047284.204298,-0.025476,0.054499,0.029277
"2025-11-02 01:34:44.214 +0000",1762047284.214333,0.028340,0.017702,0.025058
"2025-11-02 01:34:44.224 +0000",1762047284.224369,-0.002277,-0.009256,-0.002104
"2025-11-02 01:34:44.234 +0000",1762047284.234405,-0.046922,-0.039490,-0.016209
"2025-11-02 01:34:44.244 +0000",1762047284.244441,-0.036781,-0.033120,0.011821
"2025-11-02 01:34:44.254 +0000",1762047284.254477,0.013846,-0.001664,0.023321
"2025-11-02 01:34:44.265 +0000",1762047284.264514,-0.073971,0.059700,0.022736
"2025-11-02 01:34:44.275 +0000",1762047284.274549,0.026789,0.029480,0.020004
"2025-11-02 01:34:44.285 +0000",1762047284.284586,0.023523,-0.003312,0.003624
"2025-11-02 01:34:44.295 +0000",1762047284.294621,0.006286,-0.058428,-0.007029
"2025-11-02 01:34:44.305 +0000",1762047284.304658,-0.045191,-0.049241,0.003815
"2025-11-02 01:34:44.315 +0000",1762047284.314693,0.060238,-0.012120,0.018732
"2025-11-02 01:34:44.325 +0000",1762047284.324729,0.018744,0.027619,0.011572
"2025-11-02 01:34:44.335 +0000",1762047284.334766,0.058987,0.040318,-0.004214
"2025-11-02 01:34:44.345 +0000",1762047284.344801,0.045281,0.046713,-0.011457
"2025-11-02 01:34:44.355 +0000",1762047284.354838,0.003862,-0.017883,-0.004632
"2025-11-02 01:34:44.365 +0000",1762047284.364874,-0.049668,-0.040740,0.009136
"2025-11-02 01:34:44.375 +0000",1762047284.374910,-0.006552,-0.042911,0.004883
"2025-11-02 01:34:44.385 +0000",1762047284.384945,-0.067498,0.016970,-0.007609
"2025-11-02 01:34:44.395 +0000",1762047284.394982,0.006165,0.043459,0.002735
"2025-11-02 01:34:44.405 +0000",1762047284.405019,0.115934,0.007799,0.011489
"2025-11-02 01:34:44.415 +0000",1762047284.415053,0.133622,-0.022051,-0.001886
"2025-11-02 01:34:44.425 +0000",1762047284.425090,0.067696,-0.051933,-0.020591
"2025-11-02 01:34:44.435 +0000",1762047284.435126,0.100148,-0.046230,-0.019468
"2025-11-02 01:34:44.445 +0000",1762047284.445163,0.007902,0.035660,-0.019060
"2025-11-02 01:34:44.455 +0000",1762047284.455198,-0.107924,0.057198,-0.011433
"2025-11-02 01:34:44.465 +0000",1762047284.465235,-0.078312,0.081651,-0.004963
"2025-11-02 01:34:44.475 +0000",1762047284.475270,-0.039609,0.026015,-0.009845
"2025-11-02 01:34:44.485 +0000",1762047284.485307,-0.037885,-0.039590,-0.018297
"2025-11-02 01:34:44.495 +0000",1762047284.495342,0.099638,-0.054208,-0.019576
"2025-11-02 01:34:44.505 +0000",1762047284.505378,0.064720,-0.005283,-0.024283
"2025-11-02 01:34:44.515 +0000",1762047284.515414,0.054744,-0.009469,0.003174
"2025-11-02 01:34:44.525 +0000",1762047284.525450,0.077624,0.029443,0.009725
"2025-11-02 01:34:44.535 +0000",1762047284.535488,0.042951,0.026349,-0.009070
"2025-11-02 01:34:44.546 +0000",1762047284.545523,-0.051415,0.004008,-0.019693
"2025-11-02 01:34:44.556 +0000",1762047284.555559,-0.026108,-0.018527,-0.008961
"2025-11-02 01:34:44.566 +0000",1762047284.565594,-0.062801,-0.005466,-0.003558
"2025-11-02 01:34:44.576 +0000",1762047284.575631,-0.054161,-0.021997,0.014159
"2025-11-02 01:34:44.586 +0000",1762047284.585666,0.049064,-0.000390,0.009093
"2025-11-02 01:34:44.596 +0000",1762047284.595703,0.021426,0.020209,-0.003237
"2025-11-02 01:34:44.606 +0000",1762047284.605739,0.052047,0.007382,-0.000297
"2025-11-02 01:34:44.616 +0000",1762047284.615775,0.070501,-0.019698,0.015174
"2025-11-02 01:34:44.626 +0000",1762047284.625811,0.013111,-0.033405,0.002381
"2025-11-02 01:34:44.636 +0000",1762047284.635848,-0.099599,-0.014456,0.002063
"2025-11-02 01:34:44.646 +0000",1762047284.645883,-0.014456,-0.004645,0.000462
"2025-11-02 01:34:44.656 +0000",1762047284.655919,-0.044768,0.028056,-0.006079
"2025-11-02 01:34:44.666 +0000",1762047284.665955,-0.012891,0.038196,-0.007475
"2025-11-02 01:34:44.676 +0000",1762047284.675991,0.043232,0.022299,0.009959
"2025-11-02 01:34:44.686 +0000",1762047284.686026,0.093098,-0.010929,0.008852
"2025-11-02 01:34:44.696 +0000",1762047284.696063,-0.001956,-0.020228,0.002728
"2025-11-02 01:34:44.706 +0000",1762047284.706099,0.020038,-0.024025,0.001837
"2025-11-02 01:34:44.716 +0000",1762047284.716135,-0.067115,0.017928,0.000311
"2025-11-02 01:34:44.726 +0000",1762047284.726171,-0.071584,-0.003116,0.013078
"2025-11-02 01:34:44.736 +0000",1762047284.736207,0.003965,0.005868,0.017700
"2025-11-02 01:34:44.746 +0000",1762047284.746243,0.031570,-0.007043,-0.002765
"2025-11-02 01:34:44.756 +0000",1762047284.756279,-0.012859,-0.005930,-0.011355
"2025-11-02 01:34:44.766 +0000",1762047284.766315,0.014173,0.005772,0.001449
"2025-11-02 01:34:44.776 +0000",1762047284.776351,-0.030130,0.020837,0.022846
"2025-11-02 01:34:44.786 +0000",1762047284.786387,-0.010859,-0.007460,0.027258
"2025-11-02 01:34:44.796 +0000",1762047284.796423,-0.024437,-0.004877,0.011371
"2025-11-02 01:34:44.806 +0000",1762047284.806460,0.039676,-0.006140,0.001636
"2025-11-02 01:34:44.816 +0000",1762047284.816495,0.020544,-0.022386,0.000122
"2025-11-02 01:34:44.827 +0000",1762047284.826532,0.035894,-0.025694,0.014092
"2025-11-02 01:34:44.837 +0000",1762047284.836568,-0.019523,-0.010443,0.008603
"2025-11-02 01:34:44.847 +0000",1762047284.846604,-0.052605,-0.004898,0.008227
"2025-11-02 01:34:44.857 +0000",1762047284.856640,-0.021002,0.024127,-0.002822
"2025-11-02 01:34:44.867 +0000",1762047284.866675,-0.039465,0.026997,-0.001963
"2025-11-02 01:34:44.877 +0000",1762047284.876712,-0.001567,-0.002504,0.006049
"2025-11-02 01:34:44.887 +0000",1762047284.886747,-0.007336,-0.028644,0.012953
"2025-11-02 01:34:44.897 +0000",1762047284.896785,-0.018618,-0.015517,-0.002458
"2025-11-02 01:34:44.907 +0000",1762047284.906820,-0.040221,0.026815,-0.007103
"2025-11-02 01:34:44.917 +0000",1762047284.916856,-0.005026,0.018582,-0.002919
"2025-11-02 01:34:44.927 +0000",1762047284.926893,-0.024519,0.024238,0.015825
"2025-11-02 01:34:44.937 +0000",1762047284.936928,0.054468,-0.016642,0.031436
"2025-11-02 01:34:44.947 +0000",1762047284.946964,-0.011722,-0.036039,0.025629
"2025-11-02 01:34:44.957 +0000",1762047284.956999,0.032876,-0.057558,0.016927
"2025-11-02 01:34:44.967 +0000",1762047284.967036,-0.083072,-0.008324,0.003115
"2025-11-02 01:34:44.977 +0000",1762047284.977072,-0.127269,-0.002901,0.012974
"2025-11-02 01:34:44.987 +0000",1762047284.987107,-0.064034,-0.007546,0.032981
"2025-11-02 01:34:44.997 +0000",1762047284.997144,0.040217,0.016059,0.016756
"2025-11-02 01:34:45.007 +0000",1762047285.007180,-0.019471,0.005390,0.002394
"2025-11-02 01:34:45.017 +0000",1762047285.017217,0.089331,-0.039047,0.011870
"2025-11-02 01:34:45.027 +0000",1762047285.027252,0.046932,-0.030827,0.009655
"2025-11-02 01:34:45.037 +0000",1762047285.037290,-0.079737,0.001280,0.002360
"2025-11-02 01:34:45.047 +0000",1762047285.047324,-0.072149,0.016764,0.015027
"2025-11-02 01:34:45.057 +0000",1762047285.057361,-0.078638,0.012767,0.012353
"2025-11-02 01:34:45.067 +0000",1762047285.067397,-0.114701,0.008824,-0.001901
"2025-11-02 01:34:45.077 +0000",1762047285.077432,-0.015969,-0.029406,0.002279
"2025-11-02 01:34:45.087 +0000",1762047285.087469,0.053446,-0.030835,0.001128
"2025-11-02 01:34:45.098 +0000",1762047285.097504,0.037927,-0.023318,0.002978
"2025-11-02 01:34:45.108 +0000",1762047285.107540,0.078947,0.007646,0.010441
"2025-11-02 01:34:45.118 +0000",1762047285.117577,0.070405,0.032186,0.010224
"2025-11-02 01:34:45.128 +0000",1762047285.127612,-0.020673,0.019861,-0.002935
"2025-11-02 01:34:45.138 +0000",1762047285.137650,-0.088624,-0.048084,-0.002369
"2025-11-02 01:34:45.148 +0000",1762047285.147685,-0.042408,-0.056033,-0.014497
"2025-11-02 01:34:45.158 +0000",1762047285.157720,-0.086232,0.032115,-0.032431
"2025-11-02 01:34:45.168 +0000",1762047285.167758,-0.003825,0.071311,-0.016390
"2025-11-02 01:34:45.178 +0000",1762047285.177792,0.053363,0.063443,0.008426
"2025-11-02 01:34:45.188 +0000",1762047285.187828,0.063008,-0.001470,0.009171
"2025-11-02 01:34:45.198 +0000",1762047285.197864,0.012756,-0.057384,-0.002038
"2025-11-02 01:34:45.208 +0000",1762047285.207901,0.098274,-0.104901,-0.023742
"2025-11-02 01:34:45.218 +0000",1762047285.217936,-0.013134,-0.047598,-0.042168
"2025-11-02 01:34:45.228 +0000",1762047285.227973,-0.069807,0.041833,-0.030129
"2025-11-02 01:34:45.238 +0000",1762047285.238009,0.009154,0.141794,-0.000523
"2025-11-02 01:34:45.248 +0000",1762047285.248045,-0.015180,0.111444,-0.007042
"2025-11-02 01:34:45.258 +0000",1762047285.258081,-0.072661,-0.032557,-0.015546
"2025-11-02 01:34:45.268 +0000",1762047285.268118,0.069240,-0.119213,-0.030886
"2025-11-02 01:34:45.278 +0000",1762047285.278152,0.040250,-0.061512,-0.048424
"2025-11-02 01:34:45.288 +0000",1762047285.288189,0.074491,0.005974,-0.018402
"2025-11-02 01:34:45.298 +0000",1762047285.298225,0.119043,0.101083,0.003077
"2025-11-02 01:34:45.308 +0000",1762047285.308261,-0.031839,0.089660,-0.001663
"2025-11-02 01:34:45.318 +0000",1762047285.318297,-0.064985,-0.005490,-0.023357
"2025-11-02 01:34:45.328 +0000",1762047285.328333,-0.056717,-0.064939,-0.049236
"2025-11-02 01:34:45.338 +0000",1762047285.338370,-0.064730,-0.040590,-0.050763
"2025-11-02 01:34:45.348 +0000",1762047285.348406,0.027212,0.020335,-0.010364
"2025-11-02 01:34:45.358 +0000",1762047285.358442,0.116660,0.071555,0.011136
"2025-11-02 01:34:45.368 +0000",1762047285.368478,0.059167,0.060055,-0.000079
"2025-11-02 01:34:45.379 +0000",1762047285.378513,0.046820,0.014741,-0.026061
"2025-11-02 01:34:45.389 +0000",1762047285.388550,-0.021485,-0.049079,-0.036341
"2025-11-02 01:34:45.399 +0000",1762047285.398586,-0.053462,-0.074615,-0.019409
"2025-11-02 01:34:45.409 +0000",1762047285.408621,-0.028236,-0.032226,0.000317
"2025-11-02 01:34:45.419 +0000",1762047285.418658,0.068453,0.036328,0.005058
"2025-11-02 01:34:45.429 +0000",1762047285.428693,0.071050,0.078113,-0.009924
"2025-11-02 01:34:45.439 +0000",1762047285.438729,0.085775,0.044255,-0.012490
"2025-11-02 01:34:45.449 +0000",1762047285.448765,0.051067,-0.034014,-0.007242
"2025-11-02 01:34:45.459 +0000",1762047285.458802,-0.037040,-0.095133,0.000884
"2025-11-02 01:34:45.469 +0000",1762047285.468837,-0.068197,-0.051564,-0.001827
"2025-11-02 01:34:45.479 +0000",1762047285.478873,-0.004442,0.030561,-0.004923
"2025-11-02 01:34:45.489 +0000",1762047285.488909,-0.020793,0.069545,-0.004176
"2025-11-02 01:34:45.499 +0000",1762047285.498945,0.040738,0.070186,0.006812
"2025-11-02 01:34:45.509 +0000",1762047285.508981,0.042135,-0.007770,0.000174
"2025-11-02 01:34:45.519 +0000",1762047285.519017,-0.010855,-0.054266,0.000480
"2025-11-02 01:34:45.529 +0000",1762047285.529053,0.086013,-0.068430,0.009471
"2025-11-02 01:34:45.539 +0000",1762047285.539089,0.059179,-0.046009,0.010436
"2025-11-02 01:34:45.549 +0000",1762047285.549125,0.047679,0.025410,0.011815
"2025-11-02 01:34:45.559 +0000",1762047285.559161,-0.007449,0.052176,0.016842
"2025-11-02 01:34:45.569 +0000",1762047285.569198,-0.008638,0.024728,0.019276
"2025-11-02 01:34:45.579 +0000",1762047285.579234,-0.138044,-0.029423,0.004737
"2025-11-02 01:34:45.589 +0000",1762047285.589270,-0.087268,-0.099117,0.009267
"2025-11-02 01:34:45.599 +0000",1762047285.599305,-0.007270,-0.074135,0.011880
"2025-11-02 01:34:45.609 +0000",1762047285.609342,0.027963,0.030384,0.007135
"2025-11-02 01:34:45.619 +0000",1762047285.619378,0.135973,0.067354,0.031444
"2025-11-02 01:34:45.629 +0000",1762047285.629414,0.182538,-0.005954,0.035191
"2025-11-02 01:34:45.639 +0000",1762047285.639449,0.052842,-0.090499,0.006404
"2025-11-02 01:34:45.649 +0000",1762047285.649485,-0.009179,-0.078938,-0.011094
"2025-11-02 01:34:45.660 +0000",1762047285.659522,-0.044968,-0.022781,-0.007847
"2025-11-02 01:34:45.670 +0000",1762047285.669558,-0.149261,0.060166,0.012514
"2025-11-02 01:34:45.680 +0000",1762047285.679593,-0.084332,0.091227,0.031322
"2025-11-02 01:34:45.690 +0000",1762047285.689630,-0.021772,0.006587,0.029508
"2025-11-02 01:34:45.700 +0000",1762047285.699667,0.045888,-0.078704,0.002156
"2025-11-02 01:34:45.710 +0000",1762047285.709702,0.113269,-0.125350,-0.008656
"2025-11-02 01:34:45.720 +0000",1762047285.719738,0.188429,-0.076410,0.000163
"2025-11-02 01:34:45.730 +0000",1762047285.729774,0.114626,0.007763,0.016481
"2025-11-02 01:34:45.740 +0000",1762047285.739810,0.068520,0.013325,0.030053
"2025-11-02 01:34:45.750 +0000",1762047285.749846,-0.022782,0.049068,0.014409
"2025-11-02 01:34:45.760 +0000",1762047285.759881,-0.122630,0.017701,-0.019721
"2025-11-02 01:34:45.770 +0000",1762047285.769917,-0.165549,-0.033670,-0.024102
"2025-11-02 01:34:45.780 +0000",1762047285.779953,-0.098985,-0.014981,0.003493
"2025-11-02 01:34:45.790 +0000",1762047285.789989,-0.057275,0.026813,0.025142
"2025-11-02 01:34:45.800 +0000",1762047285.800026,0.091663,-0.018649,0.041693
"2025-11-02 01:34:45.810 +0000",1762047285.810062,0.190104,-0.028333,0.025895
"2025-11-02 01:34:45.820 +0000",1762047285.820098,0.186660,-0.102058,0.001906
"2025-11-02 01:34:45.830 +0000",1762047285.830135,0.133116,-0.103145,-0.003078
"2025-11-02 01:34:45.840 +0000",1762047285.840170,0.103050,-0.061309,0.011059
"2025-11-02 01:34:45.850 +0000",1762047285.850206,-0.100832,0.012752,0.011433
"2025-11-02 01:34:45.860 +0000",1762047285.860242,-0.185109,0.102484,0.003404
"2025-11-02 01:34:45.870 +0000",1762047285.870278,-0.182885,0.081710,-0.001854
"2025-11-02 01:34:45.880 +0000",1762047285.880314,-0.202069,-0.000498,-0.000345
"2025-11-02 01:34:45.890 +0000",1762047285.890350,-0.015978,-0.071337,-0.003019
"2025-11-02 01:34:45.900 +0000",1762047285.900386,0.111774,-0.075325,-0.000489
"2025-11-02 01:34:45.910 +0000",1762047285.910422,0.190382,-0.040256,0.006968
"2025-11-02 01:34:45.920 +0000",1762047285.920457,0.208232,-0.001047,0.014498
"2025-11-02 01:34:45.930 +0000",1762047285.930493,0.156111,0.027268,0.005074
"2025-11-02 01:34:45.941 +0000",1762047285.940531,-0.027728,0.009540,-0.005481
"2025-11-02 01:34:45.951 +0000",1762047285.950566,-0.113283,-0.054010,-0.001138
"2025-11-02 01:34:45.961 +0000",1762047285.960602,-0.110762,-0.074007,-0.003941
"2025-11-02 01:34:45.971 +0000",1762047285.970638,-0.091700,-0.016082,-0.013015
"2025-11-02 01:34:45.981 +0000",1762047285.980675,-0.006930,0.069386,-0.010205
"2025-11-02 01:34:45.991 +0000",1762047285.990709,0.067506,0.052112,0.002640
"2025-11-02 01:34:46.001 +0000",1762047286.000746,0.049054,0.013250,0.005434
"2025-11-02 01:34:46.011 +0000",1762047286.010783,0.007158,-0.054960,0.001017
"2025-11-02 01:34:46.021 +0000",1762047286.020818,0.066519,-0.137992,-0.011422
"2025-11-02 01:34:46.031 +0000",1762047286.030855,0.079569,-0.020453,-0.021988
"2025-11-02 01:34:46.041 +0000",1762047286.040890,0.054279,0.057338,-0.006400
"2025-11-02 01:34:46.051 +0000",1762047286.050925,-0.035372,0.073485,0.018024
"2025-11-02 01:34:46.061 +0000",1762047286.060961,-0.041026,0.038405,0.015319
"2025-11-02 01:34:46.071 +0000",1762047286.070998,-0.145669,-0.033005,-0.020882
"2025-11-02 01:34:46.081 +0000",1762047286.081034,-0.121382,-0.074309,-0.026823
"2025-11-02 01:34:46.091 +0000",1762047286.091071,-0.037779,-0.065454,-0.011427
"2025-11-02 01:34:46.101 +0000",1762047286.101107,0.049923,0.011811,0.010608
"2025-11-02 01:34:46.111 +0000",1762047286.111142,0.068035,0.053121,0.012489
"2025-11-02 01:34:46.121 +0000",1762047286.121178,0.087627,0.064821,0.013238
"2025-11-02 01:34:46.131 +0000",1762047286.131215,0.051185,0.004392,-0.006541
"2025-11-02 01:34:46.141 +0000",1762047286.141250,-0.135702,-0.049034,-0.012024
"2025-11-02 01:34:46.151 +0000",1762047286.151286,-0.061244,-0.095040,0.009373
"2025-11-02 01:34:46.161 +0000",1762047286.161322,-0.092031,-0.040219,0.010086
"2025-11-02 01:34:46.171 +0000",1762047286.171359,-0.070427,0.030807,0.008249
"2025-11-02 01:34:46.181 +0000",1762047286.181394,0.019511,0.067424,0.005462
"2025-11-02 01:34:46.191 +0000",1762047286.191429,0.085356,0.044510,0.000568
"2025-11-02 01:34:46.201 +0000",1762047286.201467,0.061202,-0.026264,0.015931
"2025-11-02 01:34:46.212 +0000",1762047286.211503,0.117861,-0.140395,0.033937
"2025-11-02 01:34:46.222 +0000",1762047286.221539,0.004894,-0.112521,0.021666
"2025-11-02 01:34:46.232 +0000",1762047286.231574,-0.052139,-0.032100,0.004000
"2025-11-02 01:34:46.242 +0000",1762047286.241610,-0.058185,0.095560,0.008876
"2025-11-02 01:34:46.252 +0000",1762047286.251646,-0.057613,0.083705,0.025286
"2025-11-02 01:34:46.262 +0000",1762047286.261682,0.024046,-0.010352,0.035321
"2025-11-02 01:34:46.272 +0000",1762047286.271718,0.015966,-0.154814,0.012395
"2025-11-02 01:34:46.282 +0000",1762047286.281754,0.083837,-0.168497,-0.017075
"2025-11-02 01:34:46.292 +0000",1762047286.291790,0.108927,0.039054,-0.013077
"2025-11-02 01:34:46.302 +0000",1762047286.301827,0.113701,0.059834,0.029345
"2025-11-02 01:34:46.312 +0000",1762047286.311862,0.002213,0.052500,0.050331
"2025-11-02 01:34:46.322 +0000",1762047286.321898,-0.062110,-0.037814,0.022862
"2025-11-02 01:34:46.332 +0000",1762047286.331933,-0.165253,-0.098475,-0.028068
"2025-11-02 01:34:46.342 +0000",1762047286.341969,-0.098021,-0.062184,-0.031968
"2025-11-02 01:34:46.352 +0000",1762047286.352007,0.011939,0.038903,0.010427
"2025-11-02 01:34:46.362 +0000",1762047286.362043,0.068733,0.020589,0.051376
"2025-11-02 01:34:46.372 +0000",1762047286.372079,0.097733,-0.024816,0.038009
"2025-11-02 01:34:46.382 +0000",1762047286.382115,0.152186,-0.070849,-0.004154
"2025-11-02 01:34:46.392 +0000",1762047286.392151,0.086577,-0.121173,-0.041385
"2025-11-02 01:34:46.402 +0000",1762047286.402186,-0.023195,-0.028730,-0.025579
"2025-11-02 01:34:46.412 +0000",1762047286.412223,0.008454,0.039749,0.024441
"2025-11-02 01:34:46.422 +0000",1762047286.422259,-0.149944,0.088698,0.034167
"2025-11-02 01:34:46.432 +0000",1762047286.432294,-0.127864,0.033209,0.009093
"2025-11-02 01:34:46.442 +0000",1762047286.442329,-0.043489,-0.037847,-0.024163
"2025-11-02 01:34:46.452 +0000",1762047286.452366,-0.016712,-0.113806,-0.034884
"2025-11-02 01:34:46.462 +0000",1762047286.462402,0.068712,-0.100444,0.006449
"2025-11-02 01:34:46.472 +0000",1762047286.472438,0.216591,-0.039893,0.040275
"2025-11-02 01:34:46.482 +0000",1762047286.482474,0.075746,0.042106,0.021811
"2025-11-02 01:34:46.493 +0000",1762047286.492510,0.012143,0.043969,-0.007425
"2025-11-02 01:34:46.503 +0000",1762047286.502547,-0.050140,0.003536,-0.008364
"2025-11-02 01:34:46.513 +0000",1762047286.512583,-0.291116,-0.060000,-0.000416
"2025-11-02 01:34:46.523 +0000",1762047286.522618,-0.192445,-0.086190,0.026346
"2025-11-02 01:34:46.533 +0000",1762047286.532655,0.034461,-0.052071,0.031022
"2025-11-02 01:34:46.543 +0000",1762047286.542690,0.134831,0.016752,0.009541
"2025-11-02 01:34:46.553 +0000",1762047286.552726,0.157280,0.008706,0.009105
"2025-11-02 01:34:46.563 +0000",1762047286.562762,0.157597,-0.045318,0.017838
"2025-11-02 01:34:46.573 +0000",1762047286.572798,0.010743,-0.083620,0.009672
"2025-11-02 01:34:46.583 +0000",1762047286.582834,-0.168342,-0.064330,-0.004707
"2025-11-02 01:34:46.593 +0000",1762047286.592870,-0.115703,0.003059,0.000652
"2025-11-02 01:34:46.603 +0000",1762047286.602906,-0.138570,0.055221,-0.001779
"2025-11-02 01:34:46.613 +0000",1762047286.612942,-0.099287,0.051592,0.003520
"2025-11-02 01:34:46.623 +0000",1762047286.622978,0.088790,-0.025134,0.010589
"2025-11-02 01:34:46.633 +0000",1762047286.633013,0.087290,-0.089657,-0.004651
"2025-11-02 01:34:46.643 +0000",1762047286.643049,0.061784,-0.082419,-0.011056
"2025-11-02 01:34:46.653 +0000",1762047286.653085,0.043970,-0.045522,-0.006542
"2025-11-02 01:34:46.663 +0000",1762047286.663122,-0.067590,0.025631,-0.000940
"2025-11-02 01:34:46.673 +0000",1762047286.673159,-0.122040,0.040618,0.002748
"2025-11-02 01:34:46.683 +0000",1762047286.683194,-0.084091,0.000330,-0.013211
"2025-11-02 01:34:46.693 +0000",1762047286.693229,-0.061609,-0.004536,-0.036651
"2025-11-02 01:34:46.703 +0000",1762047286.703266,0.014292,-0.021245,-0.038746
"2025-11-02 01:34:46.713 +0000",1762047286.713302,0.099775,-0.039909,-0.014099
"2025-11-02 01:34:46.723 +0000",1762047286.723339,0.097477,-0.017657,-0.007675
"2025-11-02 01:34:46.733 +0000",1762047286.733374,0.014389,0.022056,-0.017367
"2025-11-02 01:34:46.743 +0000",1762047286.743410,0.005225,-0.001469,-0.026261
"2025-11-02 01:34:46.753 +0000",1762047286.753446,-0.102241,0.047576,-0.047423
"2025-11-02 01:34:46.763 +0000",1762047286.763481,-0.180839,0.026131,-0.047229
"2025-11-02 01:34:46.774 +0000",1762047286.773518,-0.038868,-0.027774,-0.018080
"2025-11-02 01:34:46.784 +0000",1762047286.783553,-0.000454,-0.006743,-0.023668
"2025-11-02 01:34:46.794 +0000",1762047286.793589,-0.024352,0.017492,-0.041876
"2025-11-02 01:34:46.804 +0000",1762047286.803625,0.062668,-0.001944,-0.030597
"2025-11-02 01:34:46.814 +0000",1762047286.813661,0.154675,0.025040,-0.025717
"2025-11-02 01:34:46.824 +0000",1762047286.823697,-0.009511,0.018005,-0.031504
"2025-11-02 01:34:46.834 +0000",1762047286.833735,0.012681,-0.053236,-0.019129
"2025-11-02 01:34:46.844 +0000",1762047286.843771,-0.001478,-0.029434,-0.036183
"2025-11-02 01:34:46.854 +0000",1762047286.853806,-0.127866,0.015242,-0.052215
"2025-11-02 01:34:46.864 +0000",1762047286.863842,-0.042473,0.042406,-0.029461
"2025-11-02 01:34:46.874 +0000",1762047286.873878,-0.051945,0.055646,-0.014401
"2025-11-02 01:34:46.884 +0000",1762047286.883913,-0.098791,0.021522,-0.017003
"2025-11-02 01:34:46.894 +0000",1762047286.893950,-0.008517,-0.046272,-0.023651
"2025-11-02 01:34:46.904 +0000",1762047286.903986,0.104560,-0.070940,-0.047595
"2025-11-02 01:34:46.914 +0000",1762047286.914022,0.032680,0.000919,-0.060187
"2025-11-02 01:34:46.924 +0000",1762047286.924057,0.045907,0.009564,-0.028713
"2025-11-02 01:34:46.934 +0000",1762047286.934094,0.042138,0.052690,-0.015395
"2025-11-02 01:34:46.944 +0000",1762047286.944130,-0.099898,0.054203,-0.036634
"2025-11-02 01:34:46.954 +0000",1762047286.954165,-0.151019,0.020700,-0.054100
"2025-11-02 01:34:46.964 +0000",1762047286.964202,-0.093130,-0.002751,-0.062858
"2025-11-02 01:34:46.974 +0000",1762047286.974237,-0.124767,0.031705,-0.046549
"2025-11-02 01:34:46.984 +0000",1762047286.984273,0.015632,0.021226,-0.010544
"2025-11-02 01:34:46.994 +0000",1762047286.994309,0.127486,0.020987,-0.010868
"2025-11-02 01:34:47.004 +0000",1762047287.004348,0.064059,0.010129,-0.027363
"2025-11-02 01:34:47.014 +0000",1762047287.014381,0.082196,-0.042300,-0.034905
"2025-11-02 01:34:47.024 +0000",1762047287.024418,0.011646,-0.042406,-0.035784
"2025-11-02 01:34:47.034 +0000",1762047287.034454,-0.082319,0.000503,-0.029973
"2025-11-02 01:34:47.044 +0000",1762047287.044490,-0.089506,0.054528,-0.016189
"2025-11-02 01:34:47.055 +0000",1762047287.054526,-0.072698,0.071524,-0.019718
"2025-11-02 01:34:47.065 +0000",1762047287.064562,-0.070647,0.069582,-0.031636
"2025-11-02 01:34:47.075 +0000",1762047287.074598,-0.027221,0.013931,-0.033540
"2025-11-02 01:34:47.085 +0000",1762047287.084635,-0.017536,0.007073,-0.029925
"2025-11-02 01:34:47.095 +0000",1762047287.094670,0.023787,-0.047452,0.001176
"2025-11-02 01:34:47.105 +0000",1762047287.104707,0.112509,-0.059815,0.016745
"2025-11-02 01:34:47.115 +0000",1762047287.114741,0.088838,-0.005301,-0.013540
"2025-11-02 01:34:47.125 +0000",1762047287.124777,0.016164,0.024743,-0.029401
"2025-11-02 01:34:47.135 +0000",1762047287.134813,0.063662,0.015062,-0.011318
"2025-11-02 01:34:47.145 +0000",1762047287.144849,-0.077635,-0.006365,-0.009979
"2025-11-02 01:34:47.155 +0000",1762047287.154885,-0.146854,-0.032658,-0.010056
"2025-11-02 01:34:47.165 +0000",1762047287.164922,-0.033307,-0.027262,-0.013071
"2025-11-02 01:34:47.175 +0000",1762047287.174957,-0.040432,0.035456,-0.033523
"2025-11-02 01:34:47.185 +0000",1762047287.184993,0.005462,0.076766,-0.028934
"2025-11-02 01:34:47.195 +0000",1762047287.195030,0.118317,0.016166,-0.001517
"2025-11-02 01:34:47.205 +0000",1762047287.205065,0.109121,-0.038419,-0.005526
"2025-11-02 01:34:47.215 +0000",1762047287.215102,-0.001580,-0.070885,-0.028945
"2025-11-02 01:34:47.225 +0000",1762047287.225137,0.049238,-0.070694,-0.039885
"2025-11-02 01:34:47.235 +0000",1762047287.235173,-0.016005,0.032254,-0.041807
"2025-11-02 01:34:47.245 +0000",1762047287.245209,-0.091190,0.102320,-0.021037
"2025-11-02 01:34:47.255 +0000",1762047287.255245,-0.009705,0.072217,0.000729
"2025-11-02 01:34:47.265 +0000",1762047287.265282,-0.012622,0.023850,-0.021626
"2025-11-02 01:34:47.275 +0000",1762047287.275318,-0.052593,-0.022832,-0.042651
"2025-11-02 01:34:47.285 +0000",1762047287.285353,0.054508,-0.060661,-0.032554
"2025-11-02 01:34:47.295 +0000",1762047287.295390,0.086713,-0.029319,-0.008403
"2025-11-02 01:34:47.305 +0000",1762047287.305424,0.027912,0.024894,0.015713
"2025-11-02 01:34:47.315 +0000",1762047287.315461,0.055411,0.030415,0.016219
"2025-11-02 01:34:47.325 +0000",1762047287.325497,-0.010043,0.007889,-0.017037
"2025-11-02 01:34:47.336 +0000",1762047287.335534,-0.080391,0.012418,-0.036970
"2025-11-02 01:34:47.346 +0000",1762047287.345569,-0.042453,-0.023270,-0.019838
"2025-11-02 01:34:47.356 +0000",1762047287.355605,-0.049295,-0.025234,0.006838
"2025-11-02 01:34:47.366 +0000",1762047287.365641,-0.044663,0.003205,0.018145
"2025-11-02 01:34:47.376 +0000",1762047287.375677,0.066587,0.010522,0.011193
"2025-11-02 01:34:47.386 +0000",1762047287.385713,0.070373,0.003997,-0.005831
"2025-11-02 01:34:47.396 +0000",1762047287.395750,0.010328,-0.020618,-0.009324
"2025-11-02 01:34:47.406 +0000",1762047287.405786,0.021016,-0.032925,0.006376
"2025-11-02 01:34:47.416 +0000",1762047287.415823,-0.072861,-0.012836,0.014048
"2025-11-02 01:34:47.426 +0000",1762047287.425857,-0.100793,0.002317,0.017823
"2025-11-02 01:34:47.436 +0000",1762047287.435894,-0.053719,0.003616,0.006731
"2025-11-02 01:34:47.446 +0000",1762047287.445929,-0.053335,-0.003526,-0.001195
"2025-11-02 01:34:47.456 +0000",1762047287.455965,0.055962,-0.034658,0.014987
"2025-11-02 01:34:47.466 +0000",1762047287.466002,0.085001,-0.058983,0.021493
"2025-11-02 01:34:47.476 +0000",1762047287.476038,0.070673,-0.036646,0.014253
"2025-11-02 01:34:47.486 +0000",1762047287.486074,0.047030,-0.002362,0.004048
"2025-11-02 01:34:47.496 +0000",1762047287.496109,-0.006972,0.020990,-0.002013
"2025-11-02 01:34:47.506 +0000",1762047287.506145,-0.073063,0.031789,0.000772
"2025-11-02 01:34:47.516 +0000",1762047287.516182,-0.112337,-0.021576,0.008812
"2025-11-02 01:34:47.526 +0000",1762047287.526217,-0.038836,-0.039339,0.007088
"2025-11-02 01:34:47.536 +0000",1762047287.536253,-0.017143,0.003730,-0.004437
"2025-11-02 01:34:47.546 +0000",1762047287.546289,0.064820,0.014047,0.007254
"2025-11-02 01:34:47.556 +0000",1762047287.556325,0.131747,-0.014105,0.025873
"2025-11-02 01:34:47.566 +0000",1762047287.566363,0.120362,-0.022671,0.018694
"2025-11-02 01:34:47.576 +0000",1762047287.576396,0.057537,-0.057417,0.015989
"2025-11-02 01:34:47.586 +0000",1762047287.586433,0.012652,-0.070829,0.003382
"2025-11-02 01:34:47.596 +0000",1762047287.596471,-0.075453,-0.006811,-0.002638
"2025-11-02 01:34:47.607 +0000",1762047287.606506,-0.100254,0.041152,0.003661
"2025-11-02 01:34:47.617 +0000",1762047287.616541,-0.046734,0.021666,0.016672
"2025-11-02 01:34:47.627 +0000",1762047287.626578,-0.015089,0.001019,0.011634
"2025-11-02 01:34:47.637 +0000",1762047287.636614,0.039672,-0.039880,-0.005783
"2025-11-02 01:34:47.647 +0000",1762047287.646649,0.083698,-0.040874,-0.006028
"2025-11-02 01:34:47.657 +0000",1762047287.656686,0.143552,-0.028388,-0.000936
"2025-11-02 01:34:47.667 +0000",1762047287.666722,0.054205,-0.005170,0.008808
"2025-11-02 01:34:47.677 +0000",1762047287.676757,0.073531,-0.001119,0.010677
"2025-11-02 01:34:47.687 +0000",1762047287.686793,-0.009687,-0.003470,0.002047
"2025-11-02 01:34:47.697 +0000",1762047287.696830,-0.082399,-0.027691,-0.010600
"2025-11-02 01:34:47.707 +0000",1762047287.706865,-0.053418,-0.016833,-0.010733
"2025-11-02 01:34:47.717 +0000",1762047287.716902,-0.045842,-0.010868,0.001171
"2025-11-02 01:34:47.727 +0000",1762047287.726938,-0.034880,0.023308,0.013118
"2025-11-02 01:34:47.737 +0000",1762047287.736973,0.028089,-0.003137,0.018264
"2025-11-02 01:34:47.747 +0000",1762047287.747009,0.045780,-0.037355,0.006565
"2025-11-02 01:34:47.757 +0000",1762047287.757045,0.067960,-0.045696,-0.002236
"2025-11-02 01:34:47.767 +0000",1762047287.767081,0.048912,-0.061936,-0.000748
"2025-11-02 01:34:47.777 +0000",1762047287.777117,0.038550,-0.017205,0.005524
"2025-11-02 01:34:47.787 +0000",1762047287.787152,0.011880,0.010124,0.007071
"2025-11-02 01:34:47.797 +0000",1762047287.797189,-0.028091,0.036852,-0.000060
"2025-11-02 01:34:47.807 +0000",1762047287.807226,-0.041982,0.012778,-0.010783
"2025-11-02 01:34:47.817 +0000",1762047287.817261,-0.101347,-0.024823,-0.017985
"2025-11-02 01:34:47.827 +0000",1762047287.827297,-0.061065,-0.000276,-0.006553
"2025-11-02 01:34:47.837 +0000",1762047287.837333,-0.020300,0.006535,0.005471
"2025-11-02 01:34:47.847 +0000",1762047287.847368,0.024741,-0.002965,0.013223
"2025-11-02 01:34:47.857 +0000",1762047287.857404,0.045726,-0.004932,0.012192
"2025-11-02 01:34:47.867 +0000",1762047287.867442,0.074830,-0.027007,0.002443
"2025-11-02 01:34:47.877 +0000",1762047287.877477,0.020163,-0.023905,-0.006581
"2025-11-02 01:34:47.888 +0000",1762047287.887513,-0.001819,-0.034310,0.000826
"2025-11-02 01:34:47.898 +0000",1762047287.897550,-0.009097,-0.010682,0.016346
"2025-11-02 01:34:47.908 +0000",1762047287.907585,-0.082664,0.011207,0.009689
"2025-11-02 01:34:47.918 +0000",1762047287.917619,-0.087534,0.022639,0.006387
"2025-11-02 01:34:47.928 +0000",1762047287.927656,-0.041364,-0.012114,-0.001722
"2025-11-02 01:34:47.938 +0000",1762047287.937693,-0.061269,-0.016435,-0.008204
"2025-11-02 01:34:47.948 +0000",1762047287.947729,-0.001713,-0.002822,-0.003769
"2025-11-02 01:34:47.958 +0000",1762047287.957764,0.033560,-0.012781,0.012676
"2025-11-02 01:34:47.968 +0000",1762047287.967801,0.069158,-0.021292,0.021511
"2025-11-02 01:34:47.978 +0000",1762047287.977837,0.042205,-0.019335,0.011149
"2025-11-02 01:34:47.988 +0000",1762047287.987874,0.054966,-0.039682,0.003687
"2025-11-02 01:34:47.998 +0000",1762047287.997910,0.010333,-0.041154,-0.003193
"2025-11-02 01:34:48.008 +0000",1762047288.007945,-0.068608,-0.006069,-0.003454
"2025-11-02 01:34:48.018 +0000",1762047288.017982,-0.091924,0.024649,-0.005647
"2025-11-02 01:34:48.028 +0000",1762047288.028017,-0.103311,0.046547,-0.007096
"2025-11-02 01:34:48.038 +0000",1762047288.038052,-0.080161,0.020888,-0.003722
"2025-11-02 01:34:48.048 +0000",1762047288.048089,-0.020473,-0.018534,-0.002280
"2025-11-02 01:34:48.058 +0000",1762047288.058125,0.073732,-0.040223,-0.005414
"2025-11-02 01:34:48.068 +0000",1762047288.068161,0.070109,-0.030492,-0.008123
"2025-11-02 01:34:48.078 +0000",1762047288.078197,0.128405,-0.010273,-0.009237
"2025-11-02 01:34:48.088 +0000",1762047288.088233,0.063906,0.002988,-0.007083
"2025-11-02 01:34:48.098 +0000",1762047288.098269,-0.007006,0.015175,-0.009827
"2025-11-02 01:34:48.108 +0000",1762047288.108304,-0.076434,0.031356,-0.013326
"2025-11-02 01:34:48.118 +0000",1762047288.118341,-0.126834,0.004547,-0.020880
"2025-11-02 01:34:48.128 +0000",1762047288.128376,-0.080304,-0.003009,-0.019121
"2025-11-02 01:34:48.138 +0000",1762047288.138412,-0.009180,0.006646,-0.018404
"2025-11-02 01:34:48.148 +0000",1762047288.148448,0.049127,-0.004252,-0.016398
"2025-11-02 01:34:48.158 +0000",1762047288.158484,0.105586,-0.018912,-0.008778
"2025-11-02 01:34:48.169 +0000",1762047288.168520,0.102109,0.017522,-0.017245
"2025-11-02 01:34:48.179 +0000",1762047288.178557,0.045049,0.014484,-0.019977
"2025-11-02 01:34:48.189 +0000",1762047288.188593,-0.052852,0.004127,-0.017541
"2025-11-02 01:34:48.199 +0000",1762047288.198629,-0.055949,0.002403,-0.011295
"2025-11-02 01:34:48.209 +0000",1762047288.208664,-0.089550,0.004401,-0.012344
"2025-11-02 01:34:48.219 +0000",1762047288.218701,-0.005502,-0.022736,-0.006704
"2025-11-02 01:34:48.229 +0000",1762047288.228737,0.023021,0.024418,-0.022432
"2025-11-02 01:34:48.239 +0000",1762047288.238773,0.053494,0.012496,-0.015426
"2025-11-02 01:34:48.249 +0000",1762047288.248809,0.100545,-0.015555,0.000009
"2025-11-02 01:34:48.259 +0000",1762047288.258844,0.032587,-0.042562,-0.004948
"2025-11-02 01:34:48.269 +0000",1762047288.268880,0.012156,-0.035320,-0.010591
"2025-11-02 01:34:48.279 +0000",1762047288.278916,-0.020622,0.002604,-0.017338
"2025-11-02 01:34:48.289 +0000",1762047288.288952,-0.062055,0.042767,-0.014458
"2025-11-02 01:34:48.299 +0000",1762047288.298989,-0.075107,0.058983,-0.010756
"2025-11-02 01:34:48.309 +0000",1762047288.309024,-0.058155,0.012959,-0.007711
"2025-11-02 01:34:48.319 +0000",1762047288.319060,-0.027294,-0.026086,-0.008263
"2025-11-02 01:34:48.329 +0000",1762047288.329096,0.078820,-0.054580,-0.006033
"2025-11-02 01:34:48.339 +0000",1762047288.339131,0.099804,-0.037568,-0.014647
"2025-11-02 01:34:48.349 +0000",1762047288.349168,-0.008381,0.023102,-0.021483
"2025-11-02 01:34:48.359 +0000",1762047288.359205,0.023893,0.053380,-0.004150
"2025-11-02 01:34:48.369 +0000",1762047288.369241,-0.073628,0.029958,-0.005911
"2025-11-02 01:34:48.379 +0000",1762047288.379277,-0.138974,-0.005958,-0.011599
"2025-11-02 01:34:48.389 +0000",1762047288.389313,-0.039160,-0.031817,-0.015770
"2025-11-02 01:34:48.399 +0000",1762047288.399349,-0.047141,-0.004566,-0.024379
"2025-11-02 01:34:48.409 +0000",1762047288.409384,0.001455,0.037645,-0.008199
"2025-11-02 01:34:48.419 +0000",1762047288.419421,0.066771,0.024627,0.010123
"2025-11-02 01:34:48.429 +0000",1762047288.429457,0.044226,0.000035,0.008567
"2025-11-02 01:34:48.439 +0000",1762047288.439493,-0.014647,-0.018113,-0.013360
"2025-11-02 01:34:48.450 +0000",1762047288.449528,-0.000611,-0.052736,-0.021460
"2025-11-02 01:34:48.460 +0000",1762047288.459564,-0.002994,-0.025161,-0.025064
"2025-11-02 01:34:48.470 +0000",1762047288.469600,-0.101594,0.063155,-0.025126
"2025-11-02 01:34:48.480 +0000",1762047288.479636,-0.027297,0.078605,0.007097
"2025-11-02 01:34:48.490 +0000",1762047288.489672,-0.039202,0.011884,0.002964
"2025-11-02 01:34:48.500 +0000",1762047288.499709,-0.051920,-0.058733,-0.019235
"2025-11-02 01:34:48.510 +0000",1762047288.509744,0.010044,-0.041568,-0.041998
"2025-11-02 01:34:48.520 +0000",1762047288.519781,-0.009742,0.013276,-0.038018
"2025-11-02 01:34:48.530 +0000",1762047288.529817,0.049584,0.038966,-0.001644
"2025-11-02 01:34:48.540 +0000",1762047288.539853,0.044880,0.062476,0.005826
"2025-11-02 01:34:48.550 +0000",1762047288.549889,0.011762,0.001895,-0.011883
"2025-11-02 01:34:48.560 +0000",1762047288.559924,0.039264,-0.032125,-0.033539
"2025-11-02 01:34:48.570 +0000",1762047288.569961,0.016615,-0.049262,-0.040355
"2025-11-02 01:34:48.580 +0000",1762047288.579997,-0.072780,0.012875,-0.026242
"2025-11-02 01:34:48.590 +0000",1762047288.590033,-0.063697,0.050439,-0.002206
"2025-11-02 01:34:48.600 +0000",1762047288.600069,-0.054428,0.053451,0.006360
"2025-11-02 01:34:48.610 +0000",1762047288.610104,-0.058241,0.028999,-0.020505
"2025-11-02 01:34:48.620 +0000",1762047288.620141,0.007129,-0.051948,-0.034433
"2025-11-02 01:34:48.630 +0000",1762047288.630177,0.100489,-0.065814,-0.035094
"2025-11-02 01:34:48.640 +0000",1762047288.640213,0.054491,0.004515,-0.021054
"2025-11-02 01:34:48.650 +0000",1762047288.650248,0.076902,0.049289,0.002682
"2025-11-02 01:34:48.660 +0000",1762047288.660284,0.007431,0.056292,0.002893
"2025-11-02 01:34:48.670 +0000",1762047288.670321,-0.061429,0.013307,-0.015653
"2025-11-02 01:34:48.680 +0000",1762047288.680356,-0.096222,-0.045020,-0.034956
"2025-11-02 01:34:48.690 +0000",1762047288.690392,-0.082700,-0.047267,-0.038195
"2025-11-02 01:34:48.700 +0000",1762047288.700427,-0.019156,0.026026,-0.022915
"2025-11-02 01:34:48.710 +0000",1762047288.710463,0.030602,0.061721,-0.002566
"2025-11-02 01:34:48.720 +0000",1762047288.720500,0.071016,0.027381,0.003220
"2025-11-02 01:34:48.731 +0000",1762047288.730537,0.026957,-0.013313,-0.016255
"2025-11-02 01:34:48.741 +0000",1762047288.740572,0.037651,-0.048402,-0.035620
"2025-11-02 01:34:48.751 +0000",1762047288.750608,0.018580,-0.018539,-0.029928
"2025-11-02 01:34:48.761 +0000",1762047288.760644,-0.017243,0.006820,-0.011190
"2025-11-02 01:34:48.771 +0000",1762047288.770680,-0.044677,0.075801,-0.007256
"2025-11-02 01:34:48.781 +0000",1762047288.780716,-0.001176,-0.032253,-0.144894
"2025-11-02 01:34:48.791 +0000",1762047288.790752,-0.006423,-0.028210,-0.020527
"2025-11-02 01:34:48.801 +0000",1762047288.800788,-0.045390,-0.006666,0.081211
"2025-11-02 01:34:48.811 +0000",1762047288.810824,-0.055222,0.005532,0.013138
"2025-11-02 01:34:48.821 +0000",1762047288.820861,0.024412,0.002988,-0.113977
"2025-11-02 01:34:48.831 +0000",1762047288.830896,-0.029437,0.028893,-0.113535
"2025-11-02 01:34:48.841 +0000",1762047288.840932,0.021111,-0.011163,-0.015136
"2025-11-02 01:34:48.851 +0000",1762047288.850967,0.034498,-0.049270,0.035686
"2025-11-02 01:34:48.861 +0000",1762047288.861004,-0.010514,-0.048274,0.008109
"2025-11-02 01:34:48.871 +0000",1762047288.871040,0.044613,-0.035144,-0.047190
"2025-11-02 01:34:48.881 +0000",1762047288.881076,-0.011208,-0.010495,-0.068247
"2025-11-02 01:34:48.891 +0000",1762047288.891111,-0.082666,0.049289,-0.040806
"2025-11-02 01:34:48.901 +0000",1762047288.901149,-0.081543,0.053009,0.018957
"2025-11-02 01:34:48.911 +0000",1762047288.911185,-0.087885,0.007803,0.051192
"2025-11-02 01:34:48.921 +0000",1762047288.921221,-0.084734,-0.022411,0.025232
"2025-11-02 01:34:48.931 +0000",1762047288.931256,-0.048527,-0.019480,-0.011742
"2025-11-02 01:34:48.941 +0000",1762047288.941293,-0.027246,-0.006760,-0.006689
"2025-11-02 01:34:48.951 +0000",1762047288.951328,-0.039377,-0.011490,0.036315
"2025-11-02 01:34:48.961 +0000",1762047288.961364,-0.018037,-0.015183,0.042198
"2025-11-02 01:34:48.971 +0000",1762047288.971400,-0.051245,-0.016816,0.003031
"2025-11-02 01:34:48.981 +0000",1762047288.981436,-0.028269,-0.026415,-0.033298
"2025-11-02 01:34:48.991 +0000",1762047288.991472,-0.036110,0.013165,-0.040625
"2025-11-02 01:34:49.002 +0000",1762047289.001508,-0.016078,0.027677,-0.003758
"2025-11-02 01:34:49.012 +0000",1762047289.011544,0.020347,0.051681,0.023836
"2025-11-02 01:34:49.022 +0000",1762047289.021580,0.019627,0.036902,0.000992
"2025-11-02 01:34:49.032 +0000",1762047289.031616,0.021010,-0.001137,-0.031867
"2025-11-02 01:34:49.042 +0000",1762047289.041652,0.079429,-0.025563,-0.038455
"2025-11-02 01:34:49.052 +0000",1762047289.051687,0.045221,-0.034930,-0.019409
"2025-11-02 01:34:49.062 +0000",1762047289.061723,0.181125,-0.034260,0.021565
"2025-11-02 01:34:49.072 +0000",1762047289.071761,0.329882,-0.031052,-0.089829
"2025-11-02 01:34:49.082 +0000",1762047289.081797,0.302626,-0.038091,-0.145559
"2025-11-02 01:34:49.092 +0000",1762047289.091833,0.330585,-0.092145,-0.037608
"2025-11-02 01:34:49.102 +0000",1762047289.101868,0.304743,-0.108505,0.090902
"2025-11-02 01:34:49.112 +0000",1762047289.111905,0.118986,-0.038808,0.081332
"2025-11-02 01:34:49.122 +0000",1762047289.121940,-0.097294,0.028113,-0.022718
"2025-11-02 01:34:49.132 +0000",1762047289.131975,-0.266041,0.055784,-0.089353
"2025-11-02 01:34:49.142 +0000",1762047289.142011,-0.417656,0.038347,-0.009293
"2025-11-02 01:34:49.152 +0000",1762047289.152047,-0.422224,-0.021317,0.100165
"2025-11-02 01:34:49.162 +0000",1762047289.162084,-0.279325,-0.029483,0.118786
"2025-11-02 01:34:49.172 +0000",1762047289.172119,-0.091317,0.018655,0.041342
"2025-11-02 01:34:49.182 +0000",1762047289.182155,0.099856,0.023424,-0.010874
"2025-11-02 01:34:49.192 +0000",1762047289.192191,0.126009,0.030648,0.017501
"2025-11-02 01:34:49.202 +0000",1762047289.202228,-0.045524,0.040536,0.079563
"2025-11-02 01:34:49.212 +0000",1762047289.212263,-0.234013,0.050041,0.087464
"2025-11-02 01:34:49.222 +0000",1762047289.222300,-0.355749,0.066341,0.030985
"2025-11-02 01:34:49.232 +0000",1762047289.232337,-0.308133,0.103320,-0.009529
"2025-11-02 01:34:49.242 +0000",1762047289.242372,-0.223616,0.132940,-0.041018
"2025-11-02 01:34:49.252 +0000",1762047289.252407,0.025409,0.071484,-0.089440
"2025-11-02 01:34:49.262 +0000",1762047289.262444,0.390618,-0.020780,-0.113990
"2025-11-02 01:34:49.272 +0000",1762047289.272480,0.553819,-0.117934,-0.048534
"2025-11-02 01:34:49.283 +0000",1762047289.282516,0.519975,-0.173390,0.075803
"2025-11-02 01:34:49.293 +0000",1762047289.292551,0.317096,-0.120643,0.109027
"2025-11-02 01:34:49.303 +0000",1762047289.302588,-0.057417,0.002070,0.019607
"2025-11-02 01:34:49.313 +0000",1762047289.312624,-0.355278,0.109286,-0.073075
"2025-11-02 01:34:49.323 +0000",1762047289.322659,-0.504918,0.125597,-0.060453
"2025-11-02 01:34:49.333 +0000",1762047289.332696,-0.412869,0.062928,0.031493
"2025-11-02 01:34:49.343 +0000",1762047289.342731,-0.211532,-0.017113,0.066760
"2025-11-02 01:34:49.353 +0000",1762047289.352768,0.080125,-0.057158,0.016135
"2025-11-02 01:34:49.363 +0000",1762047289.362803,0.293609,-0.064401,-0.043105
"2025-11-02 01:34:49.373 +0000",1762047289.372839,0.357287,-0.058739,-0.026627
"2025-11-02 01:34:49.383 +0000",1762047289.382875,0.342273,-0.041103,0.029246
"2025-11-02 01:34:49.393 +0000",1762047289.392911,0.090033,-0.007567,0.049376
"2025-11-02 01:34:49.403 +0000",1762047289.402948,-0.108309,-0.013473,0.032213
"2025-11-02 01:34:49.413 +0000",1762047289.412984,-0.259011,0.015180,-0.021223
"2025-11-02 01:34:49.423 +0000",1762047289.423020,-0.360515,0.047339,-0.044514
"2025-11-02 01:34:49.433 +0000",1762047289.433056,-0.240039,0.023888,-0.004360
"2025-11-02 01:34:49.443 +0000",1762047289.443091,-0.011624,-0.000087,0.031079
"2025-11-02 01:34:49.453 +0000",1762047289.453128,0.082729,-0.004270,0.019746
"2025-11-02 01:34:49.463 +0000",1762047289.463163,0.227665,-0.033248,0.007988
"2025-11-02 01:34:49.473 +0000",1762047289.473200,0.283506,-0.060700,0.003333
"2025-11-02 01:34:49.483 +0000",1762047289.483235,0.123827,-0.055464,-0.003812
"2025-11-02 01:34:49.493 +0000",1762047289.493271,-0.012502,-0.034415,0.016121
"2025-11-02 01:34:49.503 +0000",1762047289.503308,-0.085261,0.006625,0.023604
"2025-11-02 01:34:49.513 +0000",1762047289.513343,-0.257013,0.069638,-0.007804
"2025-11-02 01:34:49.523 +0000",1762047289.523379,-0.231887,0.043271,-0.013340
"2025-11-02 01:34:49.533 +0000",1762047289.533416,-0.070025,0.008817,-0.009661
"2025-11-02 01:34:49.543 +0000",1762047289.543451,-0.035157,-0.028335,-0.004355
"2025-11-02 01:34:49.553 +0000",1762047289.553487,0.110047,-0.026024,0.011493
"2025-11-02 01:34:49.564 +0000",1762047289.563524,0.232360,-0.036073,0.018737
"2025-11-02 01:34:49.574 +0000",1762047289.573560,0.167060,-0.039809,-0.000139
"2025-11-02 01:34:49.584 +0000",1762047289.583596,0.127475,-0.016568,-0.015290
"2025-11-02 01:34:49.594 +0000",1762047289.593632,-0.002884,-0.011512,-0.015106
"2025-11-02 01:34:49.604 +0000",1762047289.603667,-0.135533,0.011257,-0.009539
"2025-11-02 01:34:49.614 +0000",1762047289.613703,-0.163897,0.064008,-0.010705
"2025-11-02 01:34:49.624 +0000",1762047289.623739,-0.154630,0.043694,0.000074
"2025-11-02 01:34:49.634 +0000",1762047289.633775,-0.065947,0.003343,0.004701
"2025-11-02 01:34:49.644 +0000",1762047289.643811,0.014433,-0.019943,-0.000313
"2025-11-02 01:34:49.654 +0000",1762047289.653847,0.133252,-0.063204,0.000836
"2025-11-02 01:34:49.664 +0000",1762047289.663884,0.166744,-0.062030,0.004208
"2025-11-02 01:34:49.674 +0000",1762047289.673920,0.185493,-0.034868,0.000935
"2025-11-02 01:34:49.684 +0000",1762047289.683955,0.095156,-0.002154,-0.010048
"2025-11-02 01:34:49.694 +0000",1762047289.693991,-0.070915,0.031085,-0.013669
"2025-11-02 01:34:49.704 +0000",1762047289.704026,-0.086503,0.036478,-0.009043
"2025-11-02 01:34:49.714 +0000",1762047289.714062,-0.179097,0.022411,-0.020790
"2025-11-02 01:34:49.724 +0000",1762047289.724101,-0.157421,0.004841,-0.016438
"2025-11-02 01:34:49.734 +0000",1762047289.734138,-0.016909,0.012150,-0.014572
"2025-11-02 01:34:49.744 +0000",1762047289.744172,0.023724,0.017494,-0.020334
"2025-11-02 01:34:49.754 +0000",1762047289.754207,0.098249,0.018038,-0.009292
"2025-11-02 01:34:49.764 +0000",1762047289.764244,0.138838,-0.041381,0.001765
"2025-11-02 01:34:49.774 +0000",1762047289.774280,0.054028,-0.048062,-0.006958
"2025-11-02 01:34:49.784 +0000",1762047289.784315,-0.041456,-0.012687,-0.018026
"2025-11-02 01:34:49.794 +0000",1762047289.794351,-0.080576,0.013219,-0.007166
"2025-11-02 01:34:49.804 +0000",1762047289.804387,-0.057636,0.040514,-0.006601
"2025-11-02 01:34:49.814 +0000",1762047289.814423,-0.133967,0.052208,-0.016734
"2025-11-02 01:34:49.824 +0000",1762047289.824460,-0.020292,-0.017030,-0.005556
"2025-11-02 01:34:49.834 +0000",1762047289.834495,0.036562,-0.033857,-0.012696
"2025-11-02 01:34:49.845 +0000",1762047289.844532,-0.019160,-0.028023,-0.017927
"2025-11-02 01:34:49.855 +0000",1762047289.854568,0.057319,-0.019460,-0.002788
"2025-11-02 01:34:49.865 +0000",1762047289.864603,0.018626,0.039992,-0.011185
"2025-11-02 01:34:49.875 +0000",1762047289.874641,-0.044778,0.040211,-0.008583
"2025-11-02 01:34:49.885 +0000",1762047289.884676,-0.000039,-0.006505,-0.012112
"2025-11-02 01:34:49.895 +0000",1762047289.894712,-0.017295,-0.026676,-0.027356
"2025-11-02 01:34:49.905 +0000",1762047289.904748,-0.038019,-0.026228,-0.029650
"2025-11-02 01:34:49.915 +0000",1762047289.914784,0.019591,0.002765,-0.018261
"2025-11-02 01:34:49.925 +0000",1762047289.924820,0.036209,0.051803,-0.008119
"2025-11-02 01:34:49.935 +0000",1762047289.934856,0.014435,0.051082,-0.002981
"2025-11-02 01:34:49.945 +0000",1762047289.944892,0.013474,-0.014891,-0.002741
"2025-11-02 01:34:49.955 +0000",1762047289.954928,-0.006392,-0.038837,-0.024258
"2025-11-02 01:34:49.965 +0000",1762047289.964963,-0.066820,-0.025325,-0.033111
"2025-11-02 01:34:49.975 +0000",1762047289.974998,-0.007911,0.012713,-0.010606
"2025-11-02 01:34:49.985 +0000",1762047289.985034,0.036901,0.055269,-0.000868
"2025-11-02 01:34:49.995 +0000",1762047289.995070,-0.018074,0.057090,0.002470
"2025-11-02 01:34:50.005 +0000",1762047290.005106,0.077569,-0.012486,0.001013
"2025-11-02 01:34:50.015 +0000",1762047290.015142,0.081474,-0.073241,-0.015915
"2025-11-02 01:34:50.025 +0000",1762047290.025177,0.048761,-0.053769,-0.030894
"2025-11-02 01:34:50.035 +0000",1762047290.035214,0.050209,0.018155,-0.011085
"2025-11-02 01:34:50.045 +0000",1762047290.045251,0.051192,0.049378,0.007812
"2025-11-02 01:34:50.055 +0000",1762047290.055287,-0.074125,0.050796,-0.000907
"2025-11-02 01:34:50.065 +0000",1762047290.065322,-0.044945,0.016209,-0.013723
"2025-11-02 01:34:50.075 +0000",1762047290.075358,-0.000197,-0.032031,-0.027992
"2025-11-02 01:34:50.085 +0000",1762047290.085395,-0.025301,-0.052029,-0.019806
"2025-11-02 01:34:50.095 +0000",1762047290.095431,0.055868,-0.016898,0.003329
"2025-11-02 01:34:50.105 +0000",1762047290.105466,0.078485,0.002927,0.010779
"2025-11-02 01:34:50.116 +0000",1762047290.115503,0.064179,0.039539,0.002047
"2025-11-02 01:34:50.126 +0000",1762047290.125539,0.086311,0.014801,-0.006565
"2025-11-02 01:34:50.136 +0000",1762047290.135575,0.034282,-0.024990,-0.015313
"2025-11-02 01:34:50.146 +0000",1762047290.145611,-0.004518,-0.057083,-0.005027
"2025-11-02 01:34:50.156 +0000",1762047290.155647,0.015466,-0.009216,-0.002564
"2025-11-02 01:34:50.166 +0000",1762047290.165683,-0.004005,-0.005643,-0.006683
"2025-11-02 01:34:50.176 +0000",1762047290.175719,-0.026504,0.035708,-0.019872
"2025-11-02 01:34:50.186 +0000",1762047290.185755,-0.006407,0.054442,-0.021989
"2025-11-02 01:34:50.196 +0000",1762047290.195791,0.001569,0.018580,-0.010761
"2025-11-02 01:34:50.206 +0000",1762047290.205828,0.026956,-0.052223,0.003908
"2025-11-02 01:34:50.216 +0000",1762047290.215863,0.053759,-0.072139,-0.008010
"2025-11-02 01:34:50.226 +0000",1762047290.225900,0.018205,-0.026705,-0.030074
"2025-11-02 01:34:50.236 +0000",1762047290.235935,0.066060,0.047730,-0.028960
"2025-11-02 01:34:50.246 +0000",1762047290.245971,0.071460,0.098347,-0.013387
"2025-11-02 01:34:50.256 +0000",1762047290.256008,0.003743,0.054703,-0.001223
"2025-11-02 01:34:50.266 +0000",1762047290.266043,-0.038616,-0.019456,-0.000205
"2025-11-02 01:34:50.276 +0000",1762047290.276079,-0.046552,-0.063501,-0.019514
"2025-11-02 01:34:50.286 +0000",1762047290.286115,-0.033167,-0.029979,-0.018993
"2025-11-02 01:34:50.296 +0000",1762047290.296152,0.037976,0.002368,-0.002594
"2025-11-02 01:34:50.306 +0000",1762047290.306188,0.017795,0.064483,0.014108
"2025-11-02 01:34:50.316 +0000",1762047290.316223,0.101880,0.025929,0.022234
"2025-11-02 01:34:50.326 +0000",1762047290.326259,0.076671,-0.024409,0.009880
"2025-11-02 01:34:50.336 +0000",1762047290.336296,0.057857,-0.087661,-0.009254
"2025-11-02 01:35:24.925 +0000",1762047324.925278,-0.025399,-0.054137,-0.005254
"2025-11-02 01:35:24.935 +0000",1762047324.935313,-0.022474,-0.019110,0.018637
"2025-11-02 01:35:24.945 +0000",1762047324.945349,-0.042023,0.056814,0.025674
"2025-11-02 01:35:24.955 +0000",1762047324.955385,-0.070045,0.041215,0.011670
"2025-11-02 01:35:24.965 +0000",1762047324.965421,-0.001505,0.002402,-0.008130
"2025-11-02 01:35:24.975 +0000",1762047324.975458,0.029014,-0.052199,-0.012996
"2025-11-02 01:35:24.985 +0000",1762047324.985493,0.059663,-0.091353,0.000387
"2025-11-02 01:35:24.996 +0000",1762047324.995528,0.077764,-0.064828,0.009538
"2025-11-02 01:35:25.006 +0000",1762047325.005565,0.034830,0.025005,0.000484
"2025-11-02 01:35:25.016 +0000",1762047325.015601,-0.000502,0.067535,-0.008208
"2025-11-02 01:35:25.026 +0000",1762047325.025637,-0.018905,0.062608,-0.008001
"2025-11-02 01:35:25.036 +0000",1762047325.035673,-0.073608,0.000410,-0.011337
"2025-11-02 01:35:25.046 +0000",1762047325.045708,-0.062421,-0.056271,-0.008482
"2025-11-02 01:35:25.056 +0000",1762047325.055745,-0.020676,-0.057362,-0.008082
"2025-11-02 01:35:25.066 +0000",1762047325.065780,0.081919,-0.014860,-0.011431
"2025-11-02 01:35:25.076 +0000",1762047325.075817,0.115850,0.047797,-0.007273
"2025-11-02 01:35:25.086 +0000",1762047325.085854,0.082810,0.018457,0.000002
"2025-11-02 01:35:25.096 +0000",1762047325.095890,0.001735,-0.005960,-0.004351
"2025-11-02 01:35:25.106 +0000",1762047325.105926,-0.063305,-0.035379,-0.019057
"2025-11-02 01:35:25.116 +0000",1762047325.115962,-0.120209,-0.013236,-0.028010
"2025-11-02 01:35:25.126 +0000",1762047325.125998,-0.066359,0.025497,-0.021604
"2025-11-02 01:35:25.136 +0000",1762047325.136034,-0.030677,0.055045,-0.004188
"2025-11-02 01:35:25.146 +0000",1762047325.146070,0.052315,0.057645,0.001701
"2025-11-02 01:35:25.156 +0000",1762047325.156106,0.077467,0.031284,-0.006244
"2025-11-02 01:35:25.166 +0000",1762047325.166142,0.050180,-0.016202,-0.007874
"2025-11-02 01:35:25.176 +0000",1762047325.176177,0.016315,-0.044774,0.001115
"2025-11-02 01:35:25.186 +0000",1762047325.186214,-0.032743,-0.041532,0.010102
"2025-11-02 01:35:25.196 +0000",1762047325.196250,-0.050133,-0.026542,0.014181
"2025-11-02 01:35:25.206 +0000",1762047325.206286,-0.060508,0.026077,0.003285
"2025-11-02 01:35:25.216 +0000",1762047325.216321,0.008831,0.042441,0.004752
"2025-11-02 01:35:25.226 +0000",1762047325.226357,0.053727,0.017768,0.009964
"2025-11-02 01:35:25.236 +0000",1762047325.236394,0.055323,-0.044287,0.021659
"2025-11-02 01:35:25.246 +0000",1762047325.246430,0.024126,-0.083303,0.021795
"2025-11-02 01:35:25.256 +0000",1762047325.256467,0.016757,-0.051508,0.009290
"2025-11-02 01:35:25.267 +0000",1762047325.266503,-0.061034,0.017554,0.005443
"2025-11-02 01:35:25.277 +0000",1762047325.276539,-0.041238,0.074509,0.010664
"2025-11-02 01:35:25.287 +0000",1762047325.286574,-0.068055,0.040774,0.019608
"2025-11-02 01:35:25.297 +0000",1762047325.296611,-0.017688,-0.046454,0.017017
"2025-11-02 01:35:25.307 +0000",1762047325.306647,-0.004221,-0.081958,-0.006471
"2025-11-02 01:35:25.317 +0000",1762047325.316683,0.012421,-0.052386,-0.018126
"2025-11-02 01:35:25.327 +0000",1762047325.326719,0.055432,0.003536,-0.001781
"2025-11-02 01:35:25.337 +0000",1762047325.336754,0.033463,0.069108,0.008748
"2025-11-02 01:35:25.347 +0000",1762047325.346790,-0.030224,0.069954,0.004107
"2025-11-02 01:35:25.357 +0000",1762047325.356827,-0.032444,0.019334,-0.007366
"2025-11-02 01:35:25.367 +0000",1762047325.366863,-0.039254,-0.047128,-0.023301
"2025-11-02 01:35:25.377 +0000",1762047325.376898,-0.023000,-0.039821,-0.026017
"2025-11-02 01:35:25.387 +0000",1762047325.386934,0.018928,0.005807,-0.005511
"2025-11-02 01:35:25.397 +0000",1762047325.396971,0.064224,0.049402,0.011930
"2025-11-02 01:35:25.407 +0000",1762047325.407007,0.020853,0.043663,0.010464
"2025-11-02 01:35:25.417 +0000",1762047325.417043,0.039034,-0.009596,-0.009644
"2025-11-02 01:35:25.427 +0000",1762047325.427080,0.000624,-0.043006,-0.021708
"2025-11-02 01:35:25.437 +0000",1762047325.437116,0.004484,-0.050415,-0.011383
"2025-11-02 01:35:25.447 +0000",1762047325.447152,-0.014960,0.002341,0.000374
"2025-11-02 01:35:25.457 +0000",1762047325.457187,-0.037773,0.086189,-0.001269
"2025-11-02 01:35:25.467 +0000",1762047325.467223,-0.058883,0.100504,-0.004715
"2025-11-02 01:35:25.477 +0000",1762047325.477260,-0.083731,0.025598,-0.012032
"2025-11-02 01:35:25.487 +0000",1762047325.487295,0.000891,-0.048750,-0.007684
"2025-11-02 01:35:25.497 +0000",1762047325.497331,0.062243,-0.087183,-0.008148
"2025-11-02 01:35:25.507 +0000",1762047325.507368,0.080404,-0.051204,0.001171
"2025-11-02 01:35:25.517 +0000",1762047325.517404,0.121935,0.026396,0.004105
"2025-11-02 01:35:25.527 +0000",1762047325.527440,0.053018,0.055309,-0.001471
"2025-11-02 01:35:25.537 +0000",1762047325.537475,-0.039531,0.029043,-0.003682
"2025-11-02 01:35:25.548 +0000",1762047325.547512,-0.086482,-0.004771,-0.006430
"2025-11-02 01:35:25.558 +0000",1762047325.557548,-0.082701,-0.029225,-0.003906
"2025-11-02 01:35:25.568 +0000",1762047325.567583,-0.034970,-0.019150,0.006986
"2025-11-02 01:35:25.578 +0000",1762047325.577619,0.030900,0.016188,0.013090
"2025-11-02 01:35:25.588 +0000",1762047325.587656,0.106097,0.008956,0.016418
"2025-11-02 01:35:25.598 +0000",1762047325.597693,0.082434,-0.018307,0.015259
"2025-11-02 01:35:25.608 +0000",1762047325.607729,0.060703,-0.031308,0.009775
"2025-11-02 01:35:25.618 +0000",1762047325.617765,-0.004319,-0.021060,0.005566
"2025-11-02 01:35:25.628 +0000",1762047325.627801,-0.048988,-0.011186,0.012955
"2025-11-02 01:35:25.638 +0000",1762047325.637837,-0.062215,-0.018794,0.010659
"2025-11-02 01:35:25.648 +0000",1762047325.647872,-0.041483,0.031901,-0.004500
"2025-11-02 01:35:25.658 +0000",1762047325.657908,0.006272,0.048799,-0.010545
"2025-11-02 01:35:25.668 +0000",1762047325.667945,0.062934,0.033556,-0.003399
"2025-11-02 01:35:25.678 +0000",1762047325.677981,0.070277,-0.016586,0.008412
"2025-11-02 01:35:25.688 +0000",1762047325.688017,0.057913,-0.036516,0.018420
"2025-11-02 01:35:25.698 +0000",1762047325.698052,0.069572,-0.039478,0.013986
"2025-11-02 01:35:25.708 +0000",1762047325.708089,0.027427,-0.015300,0.002631
"2025-11-02 01:35:25.718 +0000",1762047325.718125,0.011748,0.041924,-0.005245
"2025-11-02 01:35:25.728 +0000",1762047325.728161,-0.012649,0.055894,0.001821
"2025-11-02 01:35:25.738 +0000",1762047325.738196,-0.003854,-0.005915,0.016473
"2025-11-02 01:35:25.748 +0000",1762047325.748233,0.025141,-0.044138,0.015487
"2025-11-02 01:35:25.758 +0000",1762047325.758268,0.042890,-0.057391,0.001737
"2025-11-02 01:35:25.768 +0000",1762047325.768306,0.074618,-0.017514,-0.006724
"2025-11-02 01:35:25.778 +0000",1762047325.778341,0.035319,0.058246,-0.001843
"2025-11-02 01:35:25.788 +0000",1762047325.788377,-0.028767,0.071296,0.010756
"2025-11-02 01:35:25.798 +0000",1762047325.798413,-0.079490,0.025760,0.018295
"2025-11-02 01:35:25.808 +0000",1762047325.808450,-0.015653,-0.057421,0.010686
"2025-11-02 01:35:25.818 +0000",1762047325.818485,-0.008517,-0.060417,-0.010936
"2025-11-02 01:35:25.829 +0000",1762047325.828521,0.024084,0.000461,-0.004776
"2025-11-02 01:35:25.839 +0000",1762047325.838558,0.115496,0.044261,0.026657
"2025-11-02 01:35:25.849 +0000",1762047325.848594,0.077453,0.035655,0.034597
"2025-11-02 01:35:25.859 +0000",1762047325.858629,-0.032529,-0.001286,0.021105
"2025-11-02 01:35:25.869 +0000",1762047325.868665,-0.010772,-0.059767,0.007892
"2025-11-02 01:35:25.879 +0000",1762047325.878702,-0.036267,-0.056643,-0.002751
"2025-11-02 01:35:25.889 +0000",1762047325.888738,-0.050540,-0.010021,0.005685
"2025-11-02 01:35:25.899 +0000",1762047325.898774,0.014641,0.037755,0.031001
"2025-11-02 01:35:25.909 +0000",1762047325.908810,0.107876,0.038111,0.047615
"2025-11-02 01:35:25.919 +0000",1762047325.918846,0.066381,0.001113,0.025272
"2025-11-02 01:35:25.929 +0000",1762047325.928882,0.049631,-0.054514,0.009220
"2025-11-02 01:35:25.939 +0000",1762047325.938917,0.036582,-0.075337,0.006622
"2025-11-02 01:35:25.949 +0000",1762047325.948955,-0.069091,-0.029795,0.016041
"2025-11-02 01:35:25.959 +0000",1762047325.958990,-0.091970,0.010782,0.029950
"2025-11-02 01:35:25.969 +0000",1762047325.969027,-0.052374,0.042871,0.026957
"2025-11-02 01:35:25.979 +0000",1762047325.979062,0.002182,0.048625,0.008701
"2025-11-02 01:35:25.989 +0000",1762047325.989098,0.055677,0.008781,0.003759
"2025-11-02 01:35:25.999 +0000",1762047325.999135,0.132964,-0.047749,0.016059
"2025-11-02 01:35:26.009 +0000",1762047326.009171,0.086678,-0.077097,0.028755
"2025-11-02 01:35:26.019 +0000",1762047326.019207,0.111813,-0.068265,0.026851
"2025-11-02 01:35:26.029 +0000",1762047326.029243,0.039340,0.021783,0.003344
"2025-11-02 01:35:26.039 +0000",1762047326.039279,-0.019325,0.054901,-0.000036
"2025-11-02 01:35:26.049 +0000",1762047326.049315,-0.035302,0.032586,0.013662
"2025-11-02 01:35:26.059 +0000",1762047326.059351,-0.053874,-0.022600,0.019657
"2025-11-02 01:35:26.069 +0000",1762047326.069387,-0.031928,-0.051177,0.017736
"2025-11-02 01:35:26.079 +0000",1762047326.079423,0.059316,-0.055502,0.011440
"2025-11-02 01:35:26.089 +0000",1762047326.089459,0.069343,0.010157,0.004190
"2025-11-02 01:35:26.099 +0000",1762047326.099494,0.075130,0.034047,0.016470
"2025-11-02 01:35:26.110 +0000",1762047326.109530,0.086833,0.012064,0.022322
"2025-11-02 01:35:26.120 +0000",1762047326.119568,0.003916,-0.007633,0.001658
"2025-11-02 01:35:26.130 +0000",1762047326.129604,-0.039865,-0.037356,-0.013919
"2025-11-02 01:35:26.140 +0000",1762047326.139639,0.006158,-0.020636,-0.006411
"2025-11-02 01:35:26.150 +0000",1762047326.149675,0.026935,-0.014675,-0.002344
"2025-11-02 01:35:26.160 +0000",1762047326.159712,0.027969,0.017023,0.006718
"2025-11-02 01:35:26.170 +0000",1762047326.169748,0.070857,0.025366,0.005535
"2025-11-02 01:35:26.180 +0000",1762047326.179784,0.029156,0.039133,-0.004116
"2025-11-02 01:35:26.190 +0000",1762047326.189820,-0.018125,0.000139,0.000602
"2025-11-02 01:35:26.200 +0000",1762047326.199856,-0.022768,-0.005567,0.004515
"2025-11-02 01:35:26.210 +0000",1762047326.209892,-0.034344,-0.020647,0.008347
"2025-11-02 01:35:26.220 +0000",1762047326.219928,-0.027807,-0.014467,0.020949
"2025-11-02 01:35:26.230 +0000",1762047326.229964,0.077256,-0.014839,0.021762
"2025-11-02 01:35:26.240 +0000",1762047326.240000,0.062031,-0.004410,0.017470
"2025-11-02 01:35:26.250 +0000",1762047326.250036,0.093940,-0.030051,0.024424
"2025-11-02 01:35:26.260 +0000",1762047326.260072,0.090367,-0.041337,0.024224
"2025-11-02 01:35:26.270 +0000",1762047326.270108,-0.014408,-0.011964,0.015518
"2025-11-02 01:35:26.280 +0000",1762047326.280143,-0.058468,0.013211,0.011049
"2025-11-02 01:35:26.290 +0000",1762047326.290181,-0.101396,0.043592,0.011330
"2025-11-02 01:35:26.300 +0000",1762047326.300216,-0.074974,0.013036,0.021012
"2025-11-02 01:35:26.310 +0000",1762047326.310253,-0.044760,-0.014038,0.018923
"2025-11-02 01:35:26.320 +0000",1762047326.320289,0.023554,-0.030224,0.017076
"2025-11-02 01:35:26.330 +0000",1762047326.330324,0.097393,-0.028847,0.018848
"2025-11-02 01:35:26.340 +0000",1762047326.340361,0.092847,-0.024713,0.020960
"2025-11-02 01:35:26.350 +0000",1762047326.350396,0.049396,-0.011477,0.026610
"2025-11-02 01:35:26.360 +0000",1762047326.360433,0.003061,0.009562,0.025906
"2025-11-02 01:35:26.370 +0000",1762047326.370469,-0.076433,0.018195,0.023186
"2025-11-02 01:35:26.381 +0000",1762047326.380505,-0.109058,0.011120,0.020972
"2025-11-02 01:35:26.391 +0000",1762047326.390541,-0.073435,-0.014424,0.020003
"2025-11-02 01:35:26.401 +0000",1762047326.400577,-0.068266,-0.053259,0.021773
"2025-11-02 01:35:26.411 +0000",1762047326.410613,0.039762,-0.041520,0.020279
"2025-11-02 01:35:26.421 +0000",1762047326.420649,0.083416,-0.000450,0.016172
"2025-11-02 01:35:26.431 +0000",1762047326.430685,0.083771,0.015442,0.018840
"2025-11-02 01:35:26.441 +0000",1762047326.440722,0.066005,0.014686,0.020063
"2025-11-02 01:35:26.451 +0000",1762047326.450758,0.025730,0.018865,0.015814
"2025-11-02 01:35:26.461 +0000",1762047326.460794,-0.071088,-0.007914,0.007766
"2025-11-02 01:35:26.471 +0000",1762047326.470830,-0.086563,-0.022754,0.004789
"2025-11-02 01:35:26.481 +0000",1762047326.480865,-0.066387,-0.000198,0.000408
"2025-11-02 01:35:26.491 +0000",1762047326.490902,-0.062526,0.016901,0.011043
"2025-11-02 01:35:26.501 +0000",1762047326.500938,0.020638,0.020479,0.028252
"2025-11-02 01:35:26.511 +0000",1762047326.510974,0.065503,-0.022622,0.023564
"2025-11-02 01:35:26.521 +0000",1762047326.521010,0.052958,-0.035400,0.005933
"2025-11-02 01:35:26.531 +0000",1762047326.531046,0.066259,-0.021697,-0.002052
"2025-11-02 01:35:26.541 +0000",1762047326.541081,0.042479,0.010700,0.003808
"2025-11-02 01:35:26.551 +0000",1762047326.551118,-0.066012,0.020160,0.014525
"2025-11-02 01:35:26.561 +0000",1762047326.561154,-0.085283,0.011885,0.019782
"2025-11-02 01:35:26.571 +0000",1762047326.571189,-0.047676,0.000521,0.002799
"2025-11-02 01:35:26.581 +0000",1762047326.581226,-0.065508,-0.003714,-0.012029
"2025-11-02 01:35:26.591 +0000",1762047326.591263,0.002839,0.008904,-0.004899
"2025-11-02 01:35:26.601 +0000",1762047326.601298,0.087454,0.004378,0.010945
"2025-11-02 01:35:26.611 +0000",1762047326.611335,0.049067,-0.004653,0.021052
"2025-11-02 01:35:26.621 +0000",1762047326.621371,0.018324,-0.008788,0.010535
"2025-11-02 01:35:26.631 +0000",1762047326.631407,0.018355,0.003402,-0.000789
"2025-11-02 01:35:26.641 +0000",1762047326.641443,-0.030176,-0.005784,-0.002761
"2025-11-02 01:35:26.651 +0000",1762047326.651479,-0.085439,-0.011910,0.005073
"2025-11-02 01:35:26.662 +0000",1762047326.661515,-0.067166,-0.000474,0.015988
"2025-11-02 01:35:26.672 +0000",1762047326.671551,-0.060288,0.014657,0.014912
"2025-11-02 01:35:26.682 +0000",1762047326.681587,-0.083573,0.045201,0.001924
"2025-11-02 01:35:26.692 +0000",1762047326.691622,-0.024176,0.011773,0.003775
"2025-11-02 01:35:26.702 +0000",1762047326.701658,0.071325,-0.006710,0.008603
"2025-11-02 01:35:26.712 +0000",1762047326.711695,0.032414,-0.031417,0.014596
"2025-11-02 01:35:26.722 +0000",1762047326.721731,0.078503,-0.039274,0.012873
"2025-11-02 01:35:26.732 +0000",1762047326.731767,0.052719,-0.017136,-0.004987
"2025-11-02 01:35:26.742 +0000",1762047326.741804,-0.070212,0.007493,-0.012114
"2025-11-02 01:35:26.752 +0000",1762047326.751840,-0.062966,0.050124,0.002149
"2025-11-02 01:35:26.762 +0000",1762047326.761876,-0.082917,0.025849,0.010094
"2025-11-02 01:35:26.772 +0000",1762047326.771912,-0.074043,0.020138,0.008876
"2025-11-02 01:35:26.782 +0000",1762047326.781948,-0.001123,-0.006189,-0.004544
"2025-11-02 01:35:26.792 +0000",1762047326.791984,0.033018,-0.021753,-0.006673
"2025-11-02 01:35:26.802 +0000",1762047326.802019,0.060167,-0.038616,0.003719
"2025-11-02 01:35:26.812 +0000",1762047326.812055,0.031511,-0.017272,0.007080
"2025-11-02 01:35:26.822 +0000",1762047326.822091,0.022836,-0.004515,-0.000984
"2025-11-02 01:35:26.832 +0000",1762047326.832127,-0.032805,0.033694,-0.014142
"2025-11-02 01:35:26.842 +0000",1762047326.842164,0.008920,0.033326,-0.014920
"2025-11-02 01:35:26.852 +0000",1762047326.852199,-0.038648,0.029777,-0.019896
"2025-11-02 01:35:26.862 +0000",1762047326.862235,-0.030018,-0.000324,-0.012272
"2025-11-02 01:35:26.872 +0000",1762047326.872272,0.005016,-0.018986,-0.011416
"2025-11-02 01:35:26.882 +0000",1762047326.882309,-0.011645,0.016895,-0.025140
"2025-11-02 01:35:26.892 +0000",1762047326.892345,0.028862,0.043420,-0.025809
"2025-11-02 01:35:26.902 +0000",1762047326.902380,0.091604,0.039053,-0.009871
"2025-11-02 01:35:26.912 +0000",1762047326.912417,0.069347,-0.001434,-0.004308
"2025-11-02 01:35:26.922 +0000",1762047326.922453,0.026032,-0.012164,-0.006154
"2025-11-02 01:35:26.932 +0000",1762047326.932488,0.017723,-0.001983,-0.017534
"2025-11-02 01:35:26.943 +0000",1762047326.942525,-0.038983,0.042773,-0.014940
"2025-11-02 01:35:26.953 +0000",1762047326.952561,-0.062013,0.011105,0.004564
"2025-11-02 01:35:26.963 +0000",1762047326.962596,-0.028170,-0.006533,0.013582
"2025-11-02 01:35:26.973 +0000",1762047326.972632,-0.024936,-0.030806,0.000105
"2025-11-02 01:35:26.983 +0000",1762047326.982669,0.030915,-0.012342,-0.018456
"2025-11-02 01:35:26.993 +0000",1762047326.992705,0.092052,0.025530,-0.018472
"2025-11-02 01:35:27.003 +0000",1762047327.002742,0.054086,0.039270,-0.007433
"2025-11-02 01:35:27.013 +0000",1762047327.012778,0.035141,0.016000,0.010014
"2025-11-02 01:35:27.023 +0000",1762047327.022814,-0.009309,-0.020698,-0.004459
"2025-11-02 01:35:27.033 +0000",1762047327.032850,-0.039708,-0.012517,-0.031813
"2025-11-02 01:35:27.043 +0000",1762047327.042886,-0.031748,0.017139,-0.036107
"2025-11-02 01:35:27.053 +0000",1762047327.052922,0.009868,0.023955,-0.015231
"2025-11-02 01:35:27.063 +0000",1762047327.062958,-0.036115,0.043556,0.002585
"2025-11-02 01:35:27.073 +0000",1762047327.072994,0.010240,0.028232,0.009719
"2025-11-02 01:35:27.083 +0000",1762047327.083030,0.037841,-0.022584,-0.006500
"2025-11-02 01:35:27.093 +0000",1762047327.093066,-0.005740,-0.033322,-0.023456
"2025-11-02 01:35:27.103 +0000",1762047327.103102,-0.008298,-0.027586,-0.012798
"2025-11-02 01:35:27.113 +0000",1762047327.113138,-0.012355,-0.000093,0.006386
"2025-11-02 01:35:27.123 +0000",1762047327.123174,-0.047294,0.036171,0.001963
"2025-11-02 01:35:27.133 +0000",1762047327.133210,-0.052557,0.035300,-0.004869
"2025-11-02 01:35:27.143 +0000",1762047327.143246,0.007619,0.005293,-0.017862
"2025-11-02 01:35:27.153 +0000",1762047327.153283,-0.038072,0.018774,-0.025841
"2025-11-02 01:35:27.163 +0000",1762047327.163319,-0.028020,0.015062,-0.009928
"2025-11-02 01:35:27.173 +0000",1762047327.173355,0.008232,0.014202,0.004932
"2025-11-02 01:35:27.183 +0000",1762047327.183391,-0.038815,0.051699,-0.007871
"2025-11-02 01:35:27.193 +0000",1762047327.193427,-0.039304,0.025240,-0.011210
"2025-11-02 01:35:27.203 +0000",1762047327.203463,-0.014028,-0.016141,-0.011642
"2025-11-02 01:35:27.213 +0000",1762047327.213499,-0.034923,-0.015102,-0.011764
"2025-11-02 01:35:27.224 +0000",1762047327.223535,-0.009657,0.001750,-0.003815
"2025-11-02 01:35:27.234 +0000",1762047327.233571,0.010201,0.011183,0.002797
"2025-11-02 01:35:27.244 +0000",1762047327.243607,-0.018065,0.006520,0.000727
"2025-11-02 01:35:27.254 +0000",1762047327.253643,0.000260,0.012597,-0.002209
"2025-11-02 01:35:27.264 +0000",1762047327.263679,0.009706,-0.011392,-0.007240
"2025-11-02 01:35:27.274 +0000",1762047327.273715,-0.029593,-0.002703,-0.005981
"2025-11-02 01:35:27.284 +0000",1762047327.283752,-0.051265,0.029561,-0.003379
"2025-11-02 01:35:27.294 +0000",1762047327.293788,-0.072711,0.030075,0.007485
"2025-11-02 01:35:27.304 +0000",1762047327.303824,-0.044450,0.016765,0.011860
"2025-11-02 01:35:27.314 +0000",1762047327.313860,-0.016913,-0.002303,0.003102
"2025-11-02 01:35:27.324 +0000",1762047327.323896,0.020422,-0.024951,0.000748
"2025-11-02 01:35:27.334 +0000",1762047327.333932,0.040578,-0.032122,0.004675
"2025-11-02 01:35:27.344 +0000",1762047327.343968,0.040689,-0.004849,0.008601
"2025-11-02 01:35:27.354 +0000",1762047327.354004,0.039092,0.028690,0.010138
"2025-11-02 01:35:27.364 +0000",1762047327.364040,0.007862,0.003160,0.015533
"2025-11-02 01:35:27.374 +0000",1762047327.374076,0.000476,-0.018965,0.011015
"2025-11-02 01:35:27.384 +0000",1762047327.384112,-0.056205,-0.021539,-0.003133
"2025-11-02 01:35:27.394 +0000",1762047327.394148,-0.074368,-0.010163,-0.010767
"2025-11-02 01:35:27.404 +0000",1762047327.404184,-0.083091,0.043917,-0.005941
"2025-11-02 01:35:27.414 +0000",1762047327.414221,-0.097548,0.073326,0.004233
"2025-11-02 01:35:27.424 +0000",1762047327.424257,-0.095829,0.030191,0.016270
"2025-11-02 01:35:27.434 +0000",1762047327.434293,-0.018530,-0.060356,0.011554
"2025-11-02 01:35:27.444 +0000",1762047327.444329,0.056395,-0.069473,-0.011398
"2025-11-02 01:35:27.454 +0000",1762047327.454365,0.083931,-0.020593,-0.014220
"2025-11-02 01:35:27.464 +0000",1762047327.464401,0.101537,0.047568,0.001356
"2025-11-02 01:35:27.474 +0000",1762047327.474437,0.035206,0.075328,0.017082
"2025-11-02 01:35:27.484 +0000",1762047327.484473,-0.090314,0.031077,0.013027
"2025-11-02 01:35:27.495 +0000",1762047327.494509,-0.168653,-0.036684,-0.007492
"2025-11-02 01:35:27.505 +0000",1762047327.504545,-0.119244,-0.061664,-0.020182
"2025-11-02 01:35:27.515 +0000",1762047327.514581,-0.072860,0.012916,-0.018099
"2025-11-02 01:35:27.525 +0000",1762047327.524617,0.015885,0.073657,0.001814
"2025-11-02 01:35:27.535 +0000",1762047327.534653,0.061247,0.069931,0.026466
"2025-11-02 01:35:27.545 +0000",1762047327.544690,0.073625,-0.006042,0.019456
"2025-11-02 01:35:27.555 +0000",1762047327.554726,0.007279,-0.061743,-0.009289
"2025-11-02 01:35:27.565 +0000",1762047327.564762,-0.008925,-0.072379,-0.024471
"2025-11-02 01:35:27.575 +0000",1762047327.574798,0.037487,-0.024558,-0.010349
"2025-11-02 01:35:27.585 +0000",1762047327.584834,-0.014530,0.057972,0.012238
"2025-11-02 01:35:27.595 +0000",1762047327.594870,0.018463,0.076763,0.020988
"2025-11-02 01:35:27.605 +0000",1762047327.604906,0.024099,0.033708,-0.001558
"2025-11-02 01:35:27.615 +0000",1762047327.614942,-0.043529,-0.033214,-0.028351
"2025-11-02 01:35:27.625 +0000",1762047327.624978,-0.034901,-0.068975,-0.034216
"2025-11-02 01:35:27.635 +0000",1762047327.635014,-0.004140,-0.023285,-0.015239
"2025-11-02 01:35:27.645 +0000",1762047327.645050,-0.032899,0.053667,0.008222
"2025-11-02 01:35:27.655 +0000",1762047327.655085,0.012616,0.082230,0.012770
"2025-11-02 01:35:27.665 +0000",1762047327.665123,0.041303,0.021447,-0.002214
"2025-11-02 01:35:27.675 +0000",1762047327.675159,0.063954,-0.055450,-0.018781
"2025-11-02 01:35:27.685 +0000",1762047327.685195,0.074021,-0.086635,-0.023834
"2025-11-02 01:35:27.695 +0000",1762047327.695230,0.073605,-0.033550,-0.007436
"2025-11-02 01:35:27.705 +0000",1762047327.705267,0.022183,0.036646,0.009339
"2025-11-02 01:35:27.715 +0000",1762047327.715303,-0.031676,0.073512,0.009780
"2025-11-02 01:35:27.725 +0000",1762047327.725338,-0.040894,0.057372,-0.009781
"2025-11-02 01:35:27.735 +0000",1762047327.735375,-0.087570,-0.004690,-0.029438
"2025-11-02 01:35:27.745 +0000",1762047327.745410,-0.063122,-0.035825,-0.024850
"2025-11-02 01:35:27.755 +0000",1762047327.755447,-0.006168,-0.009121,-0.008531
"2025-11-02 01:35:27.765 +0000",1762047327.765483,0.060945,0.045059,0.006031
"2025-11-02 01:35:27.776 +0000",1762047327.775518,0.064647,0.045048,0.007970
"2025-11-02 01:35:27.786 +0000",1762047327.785557,0.077511,-0.002431,-0.003034
"2025-11-02 01:35:27.796 +0000",1762047327.795592,0.039626,-0.031197,-0.021269
"2025-11-02 01:35:27.806 +0000",1762047327.805628,0.047427,-0.055653,-0.014281
"2025-11-02 01:35:27.816 +0000",1762047327.815664,0.058170,0.000530,0.006514
"2025-11-02 01:35:27.826 +0000",1762047327.825700,-0.016913,0.059657,0.013636
"2025-11-02 01:35:27.836 +0000",1762047327.835737,-0.108344,0.031611,0.013075
"2025-11-02 01:35:27.846 +0000",1762047327.845772,-0.082165,-0.003751,-0.005639
"2025-11-02 01:35:27.856 +0000",1762047327.855808,-0.107344,-0.002655,-0.025138
"2025-11-02 01:35:27.866 +0000",1762047327.865844,-0.047715,-0.017443,-0.014332
"2025-11-02 01:35:27.876 +0000",1762047327.875880,0.077451,-0.011642,0.012226
"2025-11-02 01:35:27.886 +0000",1762047327.885916,0.091725,0.000837,0.021847
"2025-11-02 01:35:27.896 +0000",1762047327.895952,0.109272,-0.000091,0.011882
"2025-11-02 01:35:27.906 +0000",1762047327.905989,0.070266,0.011591,-0.009523
"2025-11-02 01:35:27.916 +0000",1762047327.916025,0.002600,0.020115,-0.013234
"2025-11-02 01:35:27.926 +0000",1762047327.926061,-0.053796,-0.006464,0.010749
"2025-11-02 01:35:27.936 +0000",1762047327.936097,-0.040335,-0.074538,0.019504
"2025-11-02 01:35:27.946 +0000",1762047327.946133,0.046882,-0.025469,0.001658
"2025-11-02 01:35:27.956 +0000",1762047327.956169,0.047096,0.023872,-0.023025
"2025-11-02 01:35:27.966 +0000",1762047327.966205,0.023331,0.047288,-0.015139
"2025-11-02 01:35:27.976 +0000",1762047327.976240,0.084130,0.057563,0.015947
"2025-11-02 01:35:27.986 +0000",1762047327.986277,-0.039232,0.012293,0.015717
"2025-11-02 01:35:27.996 +0000",1762047327.996313,-0.105322,-0.091245,0.012256
"2025-11-02 01:35:28.006 +0000",1762047328.006349,-0.028892,-0.054849,-0.016656
"2025-11-02 01:35:28.016 +0000",1762047328.016385,-0.013045,0.023889,-0.032360
"2025-11-02 01:35:28.026 +0000",1762047328.026422,0.064122,0.053017,-0.000059
"2025-11-02 01:35:28.036 +0000",1762047328.036458,0.155952,0.009733,0.020375
"2025-11-02 01:35:28.046 +0000",1762047328.046494,0.099062,-0.033148,0.003935
"2025-11-02 01:35:28.057 +0000",1762047328.056530,0.096970,-0.044279,-0.025885
"2025-11-02 01:35:28.067 +0000",1762047328.066566,0.022883,-0.032162,-0.040297
"2025-11-02 01:35:28.077 +0000",1762047328.076602,-0.055309,0.039587,-0.025240
"2025-11-02 01:35:28.087 +0000",1762047328.086638,-0.077815,0.087685,0.001594
"2025-11-02 01:35:28.097 +0000",1762047328.096674,-0.061746,0.086037,0.010830
"2025-11-02 01:35:28.107 +0000",1762047328.106710,-0.046548,0.004199,-0.012588
"2025-11-02 01:35:28.117 +0000",1762047328.116746,0.011334,-0.067480,-0.031488
"2025-11-02 01:35:28.127 +0000",1762047328.126781,0.137920,-0.084867,-0.024099
"2025-11-02 01:35:28.137 +0000",1762047328.136818,0.111491,-0.038731,0.000368
"2025-11-02 01:35:28.147 +0000",1762047328.146855,0.122540,0.010729,0.020664
"2025-11-02 01:35:28.157 +0000",1762047328.156891,0.061845,0.060697,0.005820
"2025-11-02 01:35:28.167 +0000",1762047328.166927,-0.041176,0.044822,-0.024145
"2025-11-02 01:35:28.177 +0000",1762047328.176963,-0.073278,-0.026822,-0.032683
"2025-11-02 01:35:28.187 +0000",1762047328.187000,-0.043235,-0.038633,-0.038226
"2025-11-02 01:35:28.197 +0000",1762047328.197036,-0.077337,0.008780,-0.032597
"2025-11-02 01:35:28.207 +0000",1762047328.207071,0.016820,0.066546,-0.017030
"2025-11-02 01:35:28.217 +0000",1762047328.217107,0.058977,0.102725,-0.009480
"2025-11-02 01:35:28.227 +0000",1762047328.227143,-0.000588,0.040975,-0.007791
"2025-11-02 01:35:28.237 +0000",1762047328.237179,0.034504,-0.076218,0.000895
"2025-11-02 01:35:28.247 +0000",1762047328.247215,0.140611,-0.050297,-0.009253
"2025-11-02 01:35:28.257 +0000",1762047328.257252,0.089849,-0.008113,-0.001442
"2025-11-02 01:35:28.267 +0000",1762047328.267288,0.179327,-0.005883,0.027882
"2025-11-02 01:35:28.277 +0000",1762047328.277324,0.085918,0.100908,0.038892
"2025-11-02 01:35:28.287 +0000",1762047328.287360,-0.150535,0.007449,0.056512
"2025-11-02 01:35:28.297 +0000",1762047328.297396,-0.204295,-0.138000,0.058852
"2025-11-02 01:35:28.307 +0000",1762047328.307432,-0.245940,-0.088401,0.009897
"2025-11-02 01:35:28.317 +0000",1762047328.317468,-0.168609,0.017241,-0.006517
"2025-11-02 01:35:28.328 +0000",1762047328.327504,0.149565,0.065136,0.025579
"2025-11-02 01:35:28.338 +0000",1762047328.337540,0.263561,0.073511,0.045269
"2025-11-02 01:35:28.348 +0000",1762047328.347576,0.246033,-0.048030,0.062753
"2025-11-02 01:35:28.358 +0000",1762047328.357612,0.172063,-0.179151,0.038648
"2025-11-02 01:35:28.368 +0000",1762047328.367650,0.026537,-0.110419,-0.004237
"2025-11-02 01:35:28.378 +0000",1762047328.377685,-0.215180,0.012608,-0.011680
"2025-11-02 01:35:28.388 +0000",1762047328.387721,-0.261908,0.052637,0.020893
"2025-11-02 01:35:28.398 +0000",1762047328.397758,-0.250682,0.113590,0.022404
"2025-11-02 01:35:28.408 +0000",1762047328.407793,-0.163069,0.070985,-0.010178
"2025-11-02 01:35:28.418 +0000",1762047328.417829,0.051411,-0.063273,-0.022346
"2025-11-02 01:35:28.428 +0000",1762047328.427865,0.242114,-0.128309,-0.008360
"2025-11-02 01:35:28.438 +0000",1762047328.437901,0.147000,-0.070347,0.003524
"2025-11-02 01:35:28.448 +0000",1762047328.447937,0.085314,-0.022688,0.032464
"2025-11-02 01:35:28.458 +0000",1762047328.457973,-0.067137,0.043668,0.012301
"2025-11-02 01:35:28.468 +0000",1762047328.468009,-0.344208,0.200827,-0.043725
"2025-11-02 01:35:28.478 +0000",1762047328.478045,-0.222049,0.036233,-0.041693
"2025-11-02 01:35:28.488 +0000",1762047328.488082,-0.039216,-0.078306,-0.018441
"2025-11-02 01:35:28.498 +0000",1762047328.498117,-0.003503,0.000203,-0.039718
"2025-11-02 01:35:28.508 +0000",1762047328.508153,0.018039,0.036450,-0.012557
"2025-11-02 01:35:28.518 +0000",1762047328.518189,0.337480,0.009692,0.026185
"2025-11-02 01:35:28.528 +0000",1762047328.528226,0.034144,0.055390,-0.013547
"2025-11-02 01:35:28.538 +0000",1762047328.538261,-0.135368,0.042776,-0.025231
"2025-11-02 01:35:28.548 +0000",1762047328.548298,-0.019926,0.015352,-0.002337
"2025-11-02 01:35:28.558 +0000",1762047328.558334,-0.146630,0.057415,-0.006788
"2025-11-02 01:35:28.568 +0000",1762047328.568370,-0.234197,0.104819,0.000870
"2025-11-02 01:35:28.578 +0000",1762047328.578406,0.024071,-0.002802,0.042051
"2025-11-02 01:35:28.588 +0000",1762047328.588443,0.037638,-0.136097,0.036340
"2025-11-02 01:35:28.599 +0000",1762047328.599107,-0.090814,-0.183643,0.001492
"2025-11-02 01:35:28.609 +0000",1762047328.609143,0.129005,-0.059392,0.007002
"2025-11-02 01:35:28.619 +0000",1762047328.619179,0.197612,0.100594,0.018823
"2025-11-02 01:35:28.629 +0000",1762047328.629215,0.063785,0.141679,0.033471
"2025-11-02 01:35:28.639 +0000",1762047328.639251,0.070810,0.017780,0.055133
"2025-11-02 01:35:28.649 +0000",1762047328.649287,-0.012294,-0.149521,0.033861
"2025-11-02 01:35:28.659 +0000",1762047328.659323,-0.197809,-0.157784,-0.014335
"2025-11-02 01:35:28.669 +0000",1762047328.669359,-0.053325,-0.062402,-0.007973
"2025-11-02 01:35:28.679 +0000",1762047328.679395,-0.031127,0.045176,0.037512
"2025-11-02 01:35:28.689 +0000",1762047328.689432,0.014691,0.071797,0.056722
"2025-11-02 01:35:28.699 +0000",1762047328.699468,0.147091,0.021340,0.039650
"2025-11-02 01:35:28.710 +0000",1762047328.709504,0.148811,-0.065529,-0.018897
"2025-11-02 01:35:28.720 +0000",1762047328.719540,0.071748,-0.047235,-0.033732
"2025-11-02 01:35:28.730 +0000",1762047328.729576,0.180647,-0.058473,0.016967
"2025-11-02 01:35:28.740 +0000",1762047328.739612,0.142216,-0.012805,0.058550
"2025-11-02 01:35:28.750 +0000",1762047328.749648,-0.032073,-0.015252,0.038207
"2025-11-02 01:35:28.760 +0000",1762047328.759684,-0.062534,-0.033479,-0.022553
"2025-11-02 01:35:28.770 +0000",1762047328.769720,-0.062118,0.073889,-0.074410
"2025-11-02 01:35:28.780 +0000",1762047328.779756,-0.092460,0.162477,-0.044578
"2025-11-02 01:35:28.790 +0000",1762047328.789792,0.013399,0.070276,0.050522
"2025-11-02 01:35:28.800 +0000",1762047328.799829,0.164836,-0.090591,0.074978
"2025-11-02 01:35:28.810 +0000",1762047328.809865,0.061706,-0.105802,0.019432
"2025-11-02 01:35:28.820 +0000",1762047328.819901,0.142346,-0.141353,-0.013564
"2025-11-02 01:35:28.830 +0000",1762047328.829937,0.188351,-0.009769,-0.000189
"2025-11-02 01:35:28.840 +0000",1762047328.839973,0.042718,0.069581,0.033325
"2025-11-02 01:35:28.850 +0000",1762047328.850008,-0.095369,0.079240,0.069587
"2025-11-02 01:35:28.860 +0000",1762047328.860045,0.033312,-0.006091,0.039552
"2025-11-02 01:35:28.870 +0000",1762047328.870080,-0.105774,-0.074378,-0.046796
"2025-11-02 01:35:28.880 +0000",1762047328.880116,-0.127593,-0.148057,-0.048739
"2025-11-02 01:35:28.890 +0000",1762047328.890152,0.042508,-0.046264,-0.000226
"2025-11-02 01:35:28.900 +0000",1762047328.900189,0.047936,0.089898,0.040284
"2025-11-02 01:35:28.910 +0000",1762047328.910225,0.029446,0.160593,0.047304
"2025-11-02 01:35:28.920 +0000",1762047328.920262,0.091726,0.084986,0.023512
"2025-11-02 01:35:28.930 +0000",1762047328.930298,-0.060005,-0.043548,-0.024852
"2025-11-02 01:35:28.940 +0000",1762047328.940334,-0.203083,-0.160900,-0.024327
"2025-11-02 01:35:28.950 +0000",1762047328.950370,-0.111957,-0.125563,0.025008
"2025-11-02 01:35:28.960 +0000",1762047328.960406,0.010115,0.025045,0.059719
"2025-11-02 01:35:28.970 +0000",1762047328.970442,-0.022977,0.103479,0.053384
"2025-11-02 01:35:28.980 +0000",1762047328.980478,0.080232,0.066520,0.036801
"2025-11-02 01:35:28.991 +0000",1762047328.990515,0.101132,-0.037110,0.013058
"2025-11-02 01:35:29.001 +0000",1762047329.000550,-0.044585,-0.136216,0.003866
"2025-11-02 01:35:29.011 +0000",1762047329.010587,-0.066174,-0.136763,0.017671
"2025-11-02 01:35:29.021 +0000",1762047329.020622,-0.045306,-0.009162,0.019569
"2025-11-02 01:35:29.031 +0000",1762047329.030658,-0.099583,0.104083,0.015964
"2025-11-02 01:35:29.041 +0000",1762047329.040695,-0.028280,0.058768,0.018532
"2025-11-02 01:35:29.051 +0000",1762047329.050730,0.034366,-0.047095,-0.005905
"2025-11-02 01:35:29.061 +0000",1762047329.060766,0.011560,-0.052514,-0.040600
"2025-11-02 01:35:29.071 +0000",1762047329.070803,-0.007277,0.007098,-0.038127
"2025-11-02 01:35:29.081 +0000",1762047329.080839,-0.009162,0.045609,-0.002320
"2025-11-02 01:35:29.091 +0000",1762047329.090875,-0.103977,0.075609,0.017079
"2025-11-02 01:35:29.101 +0000",1762047329.100912,-0.164526,0.077760,0.013235
"2025-11-02 01:35:29.111 +0000",1762047329.110947,-0.106251,-0.041129,-0.006878
"2025-11-02 01:35:29.122 +0000",1762047329.121612,-0.088362,-0.034447,-0.028185
"2025-11-02 01:35:29.132 +0000",1762047329.131647,-0.012909,-0.031835,-0.007099
"2025-11-02 01:35:29.142 +0000",1762047329.141683,0.190218,-0.099972,0.047384
"2025-11-02 01:35:29.152 +0000",1762047329.151720,0.159186,-0.064707,0.030886
"2025-11-02 01:35:29.162 +0000",1762047329.161756,0.087523,-0.012465,-0.011863
"2025-11-02 01:35:29.172 +0000",1762047329.171793,0.058302,0.014148,-0.031019
"2025-11-02 01:35:29.182 +0000",1762047329.181829,-0.155187,0.104855,-0.032916
"2025-11-02 01:35:29.192 +0000",1762047329.191865,-0.228365,0.073894,-0.009181
"2025-11-02 01:35:29.202 +0000",1762047329.201901,-0.191545,0.016961,0.001927
"2025-11-02 01:35:29.212 +0000",1762047329.211936,-0.206103,0.038959,-0.026155
"2025-11-02 01:35:29.222 +0000",1762047329.221973,0.005226,0.038727,-0.021012
"2025-11-02 01:35:29.232 +0000",1762047329.232009,0.197299,-0.029208,0.003043
"2025-11-02 01:35:29.242 +0000",1762047329.242045,0.050845,-0.058775,0.002290
"2025-11-02 01:35:29.252 +0000",1762047329.252080,0.063295,-0.053661,-0.005666
"2025-11-02 01:35:29.262 +0000",1762047329.262118,0.038438,0.003743,-0.015964
"2025-11-02 01:35:29.272 +0000",1762047329.272154,-0.046496,0.044064,-0.019953
"2025-11-02 01:35:29.282 +0000",1762047329.282190,-0.103211,0.052381,-0.005514
"2025-11-02 01:35:29.292 +0000",1762047329.292226,-0.102232,0.015741,0.011943
"2025-11-02 01:35:29.302 +0000",1762047329.302261,-0.142285,-0.005735,0.006917
"2025-11-02 01:35:29.312 +0000",1762047329.312298,-0.080604,-0.021374,-0.011324
"2025-11-02 01:35:29.322 +0000",1762047329.322334,0.033791,-0.018660,-0.020204
"2025-11-02 01:35:29.332 +0000",1762047329.332370,0.026682,0.019598,-0.017179
"2025-11-02 01:35:29.342 +0000",1762047329.342407,0.023915,-0.006842,0.007445
"2025-11-02 01:35:29.352 +0000",1762047329.352443,0.123568,-0.056682,0.016384
"2025-11-02 01:35:29.362 +0000",1762047329.362478,0.105725,-0.017420,-0.020753
"2025-11-02 01:35:29.373 +0000",1762047329.372515,0.011625,0.005531,-0.033327
"2025-11-02 01:35:29.383 +0000",1762047329.382550,0.030703,0.017996,-0.018132
"2025-11-02 01:35:29.393 +0000",1762047329.392587,-0.063474,0.021891,-0.012847
"2025-11-02 01:35:29.403 +0000",1762047329.402623,-0.192298,0.019397,-0.021959
"2025-11-02 01:35:29.413 +0000",1762047329.412659,-0.118513,0.036585,-0.036790
"2025-11-02 01:35:29.423 +0000",1762047329.422696,-0.119126,0.087130,-0.047725
"2025-11-02 01:35:29.433 +0000",1762047329.432731,-0.045083,0.057884,-0.019759
"2025-11-02 01:35:29.443 +0000",1762047329.442767,0.188336,-0.082396,0.014557
"2025-11-02 01:35:29.453 +0000",1762047329.452804,0.199026,-0.078825,-0.004090
"2025-11-02 01:35:29.463 +0000",1762047329.462840,0.152739,-0.009832,-0.042533
"2025-11-02 01:35:29.473 +0000",1762047329.472876,0.137326,-0.022277,-0.039151
"2025-11-02 01:35:29.483 +0000",1762047329.482912,-0.020669,0.049212,-0.028893
"2025-11-02 01:35:29.493 +0000",1762047329.492949,-0.192298,0.086851,-0.022006
"2025-11-02 01:35:29.503 +0000",1762047329.502985,-0.162281,0.051667,-0.010477
"2025-11-02 01:35:29.513 +0000",1762047329.513021,-0.106069,0.007827,-0.023871
"2025-11-02 01:35:29.523 +0000",1762047329.523056,0.016145,-0.088789,-0.035795
"2025-11-02 01:35:29.533 +0000",1762047329.533093,0.159372,-0.024416,-0.054423
"2025-11-02 01:35:29.543 +0000",1762047329.543128,0.164257,0.026210,-0.057224
"2025-11-02 01:35:29.553 +0000",1762047329.553165,0.105502,0.098002,-0.032037
"2025-11-02 01:35:29.563 +0000",1762047329.563200,0.022086,0.083628,-0.016966
"2025-11-02 01:35:29.573 +0000",1762047329.573238,-0.080218,-0.007822,-0.017733
"2025-11-02 01:35:29.583 +0000",1762047329.583274,-0.065145,-0.084471,-0.035135
"2025-11-02 01:35:29.593 +0000",1762047329.593309,-0.019067,-0.042727,-0.055046
"2025-11-02 01:35:29.603 +0000",1762047329.603345,0.026531,-0.008488,-0.045230
"2025-11-02 01:35:29.613 +0000",1762047329.613382,0.090683,0.051283,-0.022099
"2025-11-02 01:35:29.623 +0000",1762047329.623418,0.118204,0.074615,-0.013447
"2025-11-02 01:35:29.633 +0000",1762047329.633454,0.020859,0.020718,-0.019686
"2025-11-02 01:35:29.643 +0000",1762047329.643490,0.031850,-0.051864,-0.031632
"2025-11-02 01:35:29.654 +0000",1762047329.653527,-0.027247,-0.068094,-0.043869
"2025-11-02 01:35:29.664 +0000",1762047329.663563,-0.056694,-0.026077,-0.037487
"2025-11-02 01:35:29.674 +0000",1762047329.673598,-0.013375,0.059566,-0.014299
"2025-11-02 01:35:29.684 +0000",1762047329.683635,0.077236,0.084895,-0.005950
"2025-11-02 01:35:29.694 +0000",1762047329.693670,-0.067319,0.025477,-0.018155
"2025-11-02 01:35:29.704 +0000",1762047329.703706,-0.043036,-0.037061,-0.025226
"2025-11-02 01:35:29.714 +0000",1762047329.713743,0.052219,-0.021191,-0.043696
"2025-11-02 01:35:29.724 +0000",1762047329.723780,-0.102040,-0.008488,-0.031083
"2025-11-02 01:35:29.734 +0000",1762047329.733816,0.058054,0.011764,0.015365
"2025-11-02 01:35:29.744 +0000",1762047329.743851,0.084685,0.014968,0.012652
"2025-11-02 01:35:29.754 +0000",1762047329.753887,-0.081098,-0.005711,-0.016070
"2025-11-02 01:35:29.764 +0000",1762047329.763923,0.071357,0.001175,-0.020630
"2025-11-02 01:35:29.774 +0000",1762047329.773960,-0.001755,-0.020430,-0.024808
"2025-11-02 01:35:29.784 +0000",1762047329.783996,-0.150418,0.028125,-0.005598
"2025-11-02 01:35:29.794 +0000",1762047329.794032,-0.057214,-0.018433,0.024217
"2025-11-02 01:35:29.804 +0000",1762047329.804069,-0.002747,-0.051779,0.018360
"2025-11-02 01:35:29.814 +0000",1762047329.814104,0.005755,-0.028707,-0.023683
"2025-11-02 01:35:29.824 +0000",1762047329.824141,0.083137,-0.022870,-0.029053
"2025-11-02 01:35:29.834 +0000",1762047329.834176,0.163177,0.021091,-0.014240
"2025-11-02 01:35:29.844 +0000",1762047329.844213,-0.010856,0.026929,-0.001727
"2025-11-02 01:35:29.854 +0000",1762047329.854248,-0.054431,-0.041091,0.007424
"2025-11-02 01:35:29.864 +0000",1762047329.864285,-0.030041,-0.029090,-0.016327
"2025-11-02 01:35:29.874 +0000",1762047329.874321,-0.134205,0.026179,-0.047348
"2025-11-02 01:35:29.884 +0000",1762047329.884358,-0.058750,0.017546,-0.024497
"2025-11-02 01:35:29.894 +0000",1762047329.894394,0.084580,0.006417,0.001304
"2025-11-02 01:35:29.904 +0000",1762047329.904430,0.124464,-0.003678,-0.004294
"2025-11-02 01:35:29.914 +0000",1762047329.914465,0.077003,-0.030725,-0.029987
"2025-11-02 01:35:29.925 +0000",1762047329.924502,0.116487,-0.003245,-0.040661
"2025-11-02 01:35:29.935 +0000",1762047329.934538,0.072759,0.019740,-0.034378
"2025-11-02 01:35:29.945 +0000",1762047329.944573,-0.071855,-0.002319,-0.015440
"2025-11-02 01:35:29.955 +0000",1762047329.954610,-0.013960,-0.002637,-0.006857
"2025-11-02 01:35:29.965 +0000",1762047329.964647,0.008843,0.026614,-0.035055
"2025-11-02 01:35:29.975 +0000",1762047329.974682,-0.058551,0.032908,-0.052241
"2025-11-02 01:35:29.985 +0000",1762047329.984719,0.035555,0.005526,-0.032603
"2025-11-02 01:35:29.995 +0000",1762047329.994755,0.041237,0.004286,-0.021165
"2025-11-02 01:35:30.005 +0000",1762047330.004791,-0.074337,0.007684,-0.028591
"2025-11-02 01:35:30.015 +0000",1762047330.014826,0.055168,0.014463,-0.024415
"2025-11-02 01:35:30.025 +0000",1762047330.024864,0.054321,0.032126,-0.033859
"2025-11-02 01:35:30.035 +0000",1762047330.034900,-0.032083,0.021041,-0.030510
"2025-11-02 01:35:30.045 +0000",1762047330.044936,0.031471,-0.039671,-0.011798
"2025-11-02 01:35:30.055 +0000",1762047330.054972,0.063954,-0.044984,-0.020813
"2025-11-02 01:35:30.065 +0000",1762047330.065008,0.034865,0.005202,-0.033464
"2025-11-02 01:35:30.075 +0000",1762047330.075043,0.034528,0.028590,-0.030129
"2025-11-02 01:35:30.085 +0000",1762047330.085079,0.045544,0.024793,-0.013564
"2025-11-02 01:35:30.095 +0000",1762047330.095116,-0.084006,-0.007505,-0.014325
"2025-11-02 01:35:30.105 +0000",1762047330.105153,-0.074651,-0.017717,-0.012736
"2025-11-02 01:35:30.115 +0000",1762047330.115188,-0.006081,-0.014040,-0.030136
"2025-11-02 01:35:30.125 +0000",1762047330.125224,-0.027135,0.054656,-0.041742
"2025-11-02 01:35:30.135 +0000",1762047330.135260,0.032276,0.014030,-0.013445
"2025-11-02 01:35:30.145 +0000",1762047330.145296,0.072887,-0.034990,0.007752
"2025-11-02 01:35:30.155 +0000",1762047330.155333,0.051506,-0.020332,0.000304
"2025-11-02 01:35:30.165 +0000",1762047330.165369,0.058384,-0.041145,-0.024177
"2025-11-02 01:35:30.175 +0000",1762047330.175406,0.030181,-0.008393,-0.033207
"2025-11-02 01:35:30.185 +0000",1762047330.185442,-0.055968,0.018429,-0.021342
"2025-11-02 01:35:30.195 +0000",1762047330.195477,-0.059335,0.012707,0.000459
"2025-11-02 01:35:30.206 +0000",1762047330.205514,-0.081096,0.033036,-0.007117
"2025-11-02 01:35:30.216 +0000",1762047330.215550,-0.058399,0.013575,-0.015886
"2025-11-02 01:35:30.226 +0000",1762047330.225585,0.014226,0.015031,-0.012685
"2025-11-02 01:35:30.236 +0000",1762047330.235621,-0.007600,-0.024283,-0.007757
"2025-11-02 01:35:30.246 +0000",1762047330.245658,0.032313,-0.018340,0.020384
"2025-11-02 01:35:30.256 +0000",1762047330.255694,0.062323,-0.039621,0.023317
"2025-11-02 01:35:30.266 +0000",1762047330.265730,-0.021755,-0.031019,0.006586
"2025-11-02 01:35:30.276 +0000",1762047330.275766,-0.066993,-0.020081,-0.008693
"2025-11-02 01:35:30.286 +0000",1762047330.285802,-0.037567,-0.015509,-0.008521
"2025-11-02 01:35:30.296 +0000",1762047330.295839,-0.134051,0.014470,-0.002549
"2025-11-02 01:35:30.306 +0000",1762047330.305874,-0.103508,0.038084,0.012085
"2025-11-02 01:35:30.316 +0000",1762047330.315910,0.005345,-0.006210,0.017938
"2025-11-02 01:35:30.326 +0000",1762047330.325947,-0.061048,-0.035024,-0.003092
"2025-11-02 01:35:30.336 +0000",1762047330.335983,-0.000896,-0.022180,-0.013218
"2025-11-02 01:35:30.346 +0000",1762047330.346020,0.045223,-0.014268,-0.001167
"2025-11-02 01:35:30.356 +0000",1762047330.356055,-0.004372,0.015568,0.012978
"2025-11-02 01:35:30.366 +0000",1762047330.366092,-0.014205,0.007606,0.026941
"2025-11-02 01:35:30.376 +0000",1762047330.376127,-0.014503,-0.020960,0.012355
"2025-11-02 01:35:30.386 +0000",1762047330.386163,-0.102262,-0.043007,-0.016633
"2025-11-02 01:57:50.076 +0000",1762048670.075770,-0.357169,-0.313462,-1.173584
"2025-11-02 01:57:50.086 +0000",1762048670.085805,-0.367898,0.042309,-1.209012
"2025-11-02 01:57:50.096 +0000",1762048670.095841,-0.406799,0.299103,-1.165027
"2025-11-02 01:57:50.106 +0000",1762048670.105875,-0.443471,0.394732,-1.070236
"2025-11-02 01:57:50.116 +0000",1762048670.115912,-0.470240,0.369977,-0.960464
"2025-11-02 01:57:50.126 +0000",1762048670.125947,-0.483758,0.238135,-0.867568
"2025-11-02 01:57:50.136 +0000",1762048670.135982,-0.478216,0.023558,-0.811351
"2025-11-02 01:57:50.146 +0000",1762048670.146017,-0.430935,-0.233699,-0.781215
"2025-11-02 01:57:50.156 +0000",1762048670.156053,-0.299864,-0.490936,-0.747938
"2025-11-02 01:57:50.166 +0000",1762048670.166088,-0.096702,-0.634494,-0.731454
"2025-11-02 01:57:50.176 +0000",1762048670.176123,0.144722,-0.653990,-0.731948
"2025-11-02 01:57:50.186 +0000",1762048670.186158,0.397396,-0.560400,-0.750243
"2025-11-02 01:57:50.196 +0000",1762048670.196194,0.636025,-0.380782,-0.767710
"2025-11-02 01:57:50.206 +0000",1762048670.206228,0.838163,-0.152057,-0.781527
"2025-11-02 01:57:50.216 +0000",1762048670.216263,1.002069,0.051233,-0.777696
"2025-11-02 01:57:50.226 +0000",1762048670.226298,1.115191,0.178656,-0.749397
"2025-11-02 01:57:50.236 +0000",1762048670.236334,1.185116,0.235543,-0.691223
"2025-11-02 01:57:50.246 +0000",1762048670.246368,1.213344,0.204416,-0.617190
"2025-11-02 01:57:50.256 +0000",1762048670.256404,1.201274,0.065173,-0.530129
"2025-11-02 01:57:50.266 +0000",1762048670.266439,1.150995,-0.171556,-0.433590
"2025-11-02 01:57:50.276 +0000",1762048670.276474,1.055822,-0.431446,-0.345982
"2025-11-02 01:57:50.287 +0000",1762048670.286510,0.931000,-0.625702,-0.293912
"2025-11-02 01:57:50.297 +0000",1762048670.296544,0.764112,-0.690363,-0.281305
"2025-11-02 01:57:50.307 +0000",1762048670.306579,0.498627,-0.574453,-0.319524
"2025-11-02 01:57:50.317 +0000",1762048670.316615,0.171574,-0.360504,-0.370349
"2025-11-02 01:57:50.327 +0000",1762048670.326650,-0.140946,-0.152027,-0.384571
"2025-11-02 01:57:50.337 +0000",1762048670.336685,-0.432462,0.091948,-0.375030
"2025-11-02 01:57:50.347 +0000",1762048670.346721,-0.681475,0.348315,-0.339615
"2025-11-02 01:57:50.357 +0000",1762048670.356756,-0.869679,0.562164,-0.285661
"2025-11-02 01:57:50.367 +0000",1762048670.366791,-0.978137,0.724003,-0.204500
"2025-11-02 01:57:50.377 +0000",1762048670.376826,-1.011276,0.832901,-0.106780
"2025-11-02 01:57:50.387 +0000",1762048670.386861,-0.983273,0.874040,-0.002127
"2025-11-02 01:57:50.397 +0000",1762048670.396896,-0.900600,0.822919,0.105528
"2025-11-02 01:57:50.407 +0000",1762048670.406930,-0.764742,0.706064,0.210073
"2025-11-02 01:57:50.417 +0000",1762048670.416966,-0.569751,0.545898,0.305924
"2025-11-02 01:57:50.427 +0000",1762048670.427002,-0.323215,0.397498,0.383879
"2025-11-02 01:57:50.437 +0000",1762048670.437036,-0.041787,0.298217,0.422288
"2025-11-02 01:57:50.447 +0000",1762048670.447072,0.229386,0.248536,0.413881
"2025-11-02 01:57:50.457 +0000",1762048670.457108,0.456537,0.249620,0.354972
"2025-11-02 01:57:50.467 +0000",1762048670.467142,0.648255,0.317322,0.276116
"2025-11-02 01:57:50.477 +0000",1762048670.477177,0.824985,0.433984,0.226128
"2025-11-02 01:57:50.487 +0000",1762048670.487213,0.982013,0.566662,0.218913
"2025-11-02 01:57:50.497 +0000",1762048670.497249,1.101241,0.680513,0.244533
"2025-11-02 01:57:50.507 +0000",1762048670.507282,1.185981,0.743623,0.292666
"2025-11-02 01:57:50.517 +0000",1762048670.517318,1.232260,0.724372,0.345340
"2025-11-02 01:57:50.527 +0000",1762048670.527352,1.218706,0.611344,0.393565
"2025-11-02 01:57:50.537 +0000",1762048670.537389,1.109894,0.505197,0.384918
"2025-11-02 01:57:50.547 +0000",1762048670.547423,0.968789,0.585233,0.316716
"2025-11-02 01:57:50.557 +0000",1762048670.557458,0.841441,0.837450,0.223026
"2025-11-02 01:57:50.567 +0000",1762048670.567494,0.682180,1.107506,0.128018
"2025-11-02 01:57:50.578 +0000",1762048670.577529,0.480305,1.341951,0.055739
"2025-11-02 01:57:50.588 +0000",1762048670.587563,0.258143,1.626558,0.037733
"2025-11-02 01:57:50.598 +0000",1762048670.597599,0.040148,1.947252,0.084381
"2025-11-02 01:57:50.608 +0000",1762048670.607635,-0.151316,2.122779,0.168344
"2025-11-02 01:57:50.618 +0000",1762048670.617670,-0.284471,2.007714,0.231227
"2025-11-02 01:57:50.628 +0000",1762048670.627705,-0.370174,1.598808,0.219955
"2025-11-02 01:57:50.638 +0000",1762048670.637741,-0.422030,1.034026,0.126938
"2025-11-02 01:57:50.648 +0000",1762048670.647775,-0.433496,0.556433,0.015980
"2025-11-02 01:57:50.658 +0000",1762048670.657810,-0.407929,0.284174,-0.025986
"2025-11-02 01:57:50.668 +0000",1762048670.667845,-0.367933,0.215779,0.026578
"2025-11-02 01:57:50.678 +0000",1762048670.677881,-0.299363,0.290679,0.134455
"2025-11-02 01:57:50.688 +0000",1762048670.687916,-0.184117,0.433501,0.243596
"2025-11-02 01:57:50.698 +0000",1762048670.697951,-0.038130,0.538473,0.332389
"2025-11-02 01:57:50.708 +0000",1762048670.707987,0.091646,0.549249,0.391948
"2025-11-02 01:57:50.718 +0000",1762048670.718021,0.171889,0.463630,0.420256
"2025-11-02 01:57:50.728 +0000",1762048670.728057,0.164037,0.303817,0.424880
"2025-11-02 01:57:50.738 +0000",1762048670.738091,0.077451,0.184868,0.428921
"2025-11-02 01:57:50.748 +0000",1762048670.748127,-0.035989,0.156487,0.458921
"2025-11-02 01:57:50.758 +0000",1762048670.758163,-0.114374,0.207440,0.484945
"2025-11-02 01:57:50.768 +0000",1762048670.768197,-0.112992,0.327496,0.493029
"2025-11-02 01:57:50.778 +0000",1762048670.778233,-0.047609,0.476273,0.472220
"2025-11-02 01:57:50.788 +0000",1762048670.788267,0.052340,0.613767,0.432466
"2025-11-02 01:57:50.798 +0000",1762048670.798303,0.149270,0.763533,0.397172
"2025-11-02 01:57:50.808 +0000",1762048670.808338,0.201544,0.881479,0.374364
"2025-11-02 01:57:50.818 +0000",1762048670.818374,0.191580,0.928892,0.377144
"2025-11-02 01:57:50.828 +0000",1762048670.828408,0.143826,0.966367,0.395144
"2025-11-02 01:57:50.838 +0000",1762048670.838444,0.073434,0.992985,0.404531
"2025-11-02 01:57:50.848 +0000",1762048670.848480,0.001677,0.965614,0.395370
"2025-11-02 01:57:50.859 +0000",1762048670.858514,-0.061297,0.875887,0.359653
"2025-11-02 01:57:50.869 +0000",1762048670.868549,-0.113119,0.743252,0.305152
"2025-11-02 01:57:50.879 +0000",1762048670.878585,-0.153426,0.600478,0.224948
"2025-11-02 01:57:50.889 +0000",1762048670.888619,-0.155092,0.433344,0.131270
"2025-11-02 01:57:50.899 +0000",1762048670.898655,-0.083899,0.261133,0.063293
"2025-11-02 01:57:50.909 +0000",1762048670.908690,0.051553,0.144148,0.028756
"2025-11-02 01:57:50.919 +0000",1762048670.918725,0.193629,0.124731,0.021366
"2025-11-02 01:57:50.929 +0000",1762048670.928761,0.280336,0.173206,0.023966
"2025-11-02 01:57:50.939 +0000",1762048670.938795,0.286718,0.250246,0.034347
"2025-11-02 01:57:50.949 +0000",1762048670.948831,0.222493,0.292213,0.039482
"2025-11-02 01:57:50.959 +0000",1762048670.958867,0.122648,0.281510,0.044755
"2025-11-02 01:57:50.969 +0000",1762048670.968901,0.021582,0.258585,0.063240
"2025-11-02 01:57:50.979 +0000",1762048670.978937,-0.056697,0.254682,0.105125
"2025-11-02 01:57:50.989 +0000",1762048670.988971,-0.102642,0.254439,0.138154
"2025-11-02 01:57:50.999 +0000",1762048670.999007,-0.095669,0.248142,0.146012
"2025-11-02 01:57:51.009 +0000",1762048671.009042,-0.029032,0.235384,0.120768
"2025-11-02 01:57:51.019 +0000",1762048671.019077,0.095039,0.265114,0.065621
"2025-11-02 01:57:51.029 +0000",1762048671.029113,0.222594,0.311120,-0.011469
"2025-11-02 01:57:51.039 +0000",1762048671.039147,0.299766,0.286343,-0.084643
"2025-11-02 01:57:51.049 +0000",1762048671.049183,0.325157,0.243639,-0.131395
"2025-11-02 01:57:51.059 +0000",1762048671.059218,0.322569,0.217918,-0.145041
"2025-11-02 01:57:51.069 +0000",1762048671.069252,0.321710,0.226004,-0.145817
"2025-11-02 01:57:51.079 +0000",1762048671.079289,0.335060,0.281310,-0.126395
"2025-11-02 01:57:51.089 +0000",1762048671.089323,0.391373,0.414190,-0.092448
"2025-11-02 01:57:51.099 +0000",1762048671.099358,0.480378,0.569683,-0.059037
"2025-11-02 01:57:51.109 +0000",1762048671.109394,0.540453,0.667906,-0.043790
"2025-11-02 01:57:51.119 +0000",1762048671.119430,0.262782,0.410301,-0.013225
"2025-11-02 01:57:51.129 +0000",1762048671.129464,-0.014492,-0.183772,-0.036819
"2025-11-02 01:57:51.140 +0000",1762048671.139500,-0.152320,-0.667447,-0.147113
