timestamp,timeIntervalSince1970,latitude,longitude,altitude,horizontalAccuracy,verticalAccuracy,speed,course
"2025-10-28 09:14:02.449 +0000",1761642842.449449,10.809523,106.672748,36.500000,5.000000,9.500000,0.000000,208.100000
"2025-10-28 09:14:03.446 +0000",1761642843.446463,10.809523,106.672748,36.500000,5.000000,9.500000,0.000000,208.100000
"2025-10-28 09:14:04.433 +0000",1761642844.432781,10.809523,106.672748,36.500000,5.000000,9.500000,0.000000,208.100000
"2025-10-28 09:14:05.442 +0000",1761642845.441576,10.809523,106.672748,36.500000,5.000000,9.500000,0.000000,208.100000
"2025-10-28 09:14:06.429 +0000",1761642846.428821,10.809523,106.672748,36.500000,5.000000,9.500000,0.000000,208.100000
"2025-10-28 09:14:07.449 +0000",1761642847.449058,10.809523,106.672748,36.500000,5.000000,9.500000,0.000000,208.100000
"2025-10-28 09:14:08.431 +0000",1761642848.430606,10.809523,106.672749,36.500000,5.000000,9.500000,0.154333,208.200000
"2025-10-28 09:14:09.000 +0000",1761642848.999983,10.809523,106.672749,36.500000,5.000000,9.500000,0.271662,-1.000000
"2025-10-28 09:14:09.435 +0000",1761642849.435344,10.809520,106.672748,36.200000,10.000000,19.000000,0.308667,208.300000
"2025-10-28 09:14:10.564 +0000",1761642850.564330,10.809518,106.672747,35.900000,5.000000,9.500000,0.257222,208.300000
"2025-10-28 09:14:11.422 +0000",1761642851.421507,10.809515,106.672745,35.800000,10.000000,19.000000,0.463000,208.400000
"2025-10-28 09:14:12.503 +0000",1761642852.502976,10.809511,106.672743,35.800000,10.000000,19.000000,0.720222,208.200000
"2025-10-28 09:14:13.441 +0000",1761642853.440680,10.809505,106.672740,35.800000,10.000000,19.000000,0.720222,205.600000
"2025-10-28 09:14:14.500 +0000",1761642854.500460,10.809500,106.672737,35.800000,10.000000,19.000000,0.514444,201.600000
"2025-10-28 09:14:15.436 +0000",1761642855.435926,10.809495,106.672736,35.800000,10.000000,19.000000,0.720222,192.300000
"2025-10-28 09:14:16.499 +0000",1761642856.499009,10.809486,106.672735,35.800000,5.000000,9.500000,1.080333,177.900000
"2025-10-28 09:14:17.435 +0000",1761642857.435148,10.809475,106.672737,35.800000,10.000000,19.000000,1.337556,160.500000
"2025-10-28 09:14:18.480 +0000",1761642858.479991,10.809464,106.672744,35.800000,5.000000,9.500000,1.440444,141.700000
"2025-10-28 09:14:19.454 +0000",1761642859.453930,10.809455,106.672754,35.700000,10.000000,19.000000,1.440444,124.400000
"2025-10-28 09:14:20.484 +0000",1761642860.484023,10.809449,106.672766,35.700000,10.000000,19.000000,1.491889,113.700000
"2025-10-28 09:14:21.424 +0000",1761642861.423520,10.809443,106.672779,35.700000,10.000000,19.000000,1.646222,110.500000
"2025-10-28 09:14:22.482 +0000",1761642862.482019,10.809438,106.672794,35.700000,10.000000,19.000000,1.697667,110.500000
"2025-10-28 09:14:23.421 +0000",1761642863.421460,10.809431,106.672811,35.700000,10.000000,19.000000,2.417889,112.900000
"2025-10-28 09:14:24.484 +0000",1761642864.483679,10.809420,106.672835,35.800000,10.000000,19.000000,3.138111,116.900000
"2025-10-28 09:14:25.515 +0000",1761642865.514595,10.809405,106.672863,35.800000,10.000000,19.000000,3.704000,119.000000
"2025-10-28 09:14:26.498 +0000",1761642866.498462,10.809388,106.672895,35.800000,10.000000,19.000000,4.218444,119.500000
"2025-10-28 09:14:27.449 +0000",1761642867.448677,10.809367,106.672932,35.900000,10.000000,19.000000,4.835778,119.800000
"2025-10-28 09:14:28.533 +0000",1761642868.533329,10.809347,106.672975,35.900000,5.000000,9.500000,5.401667,119.500000
"2025-10-28 09:14:29.455 +0000",1761642869.454907,10.809324,106.673017,35.800000,5.000000,9.500000,5.093000,120.200000
"2025-10-28 09:14:30.507 +0000",1761642870.506870,10.809301,106.673057,35.800000,5.000000,9.500000,4.784333,120.400000
"2025-10-28 09:14:31.000 +0000",1761642870.999840,10.809301,106.673057,35.800000,5.000000,9.500000,4.903447,118.375571
"2025-10-28 09:14:31.453 +0000",1761642871.452804,10.809279,106.673093,35.700000,5.000000,9.500000,4.372778,120.500000
"2025-10-28 09:14:32.589 +0000",1761642872.588567,10.809261,106.673127,35.700000,10.000000,19.000000,3.858333,119.800000
"2025-10-28 09:14:33.464 +0000",1761642873.463826,10.809248,106.673157,35.600000,5.000000,9.500000,3.292444,115.400000
"2025-10-28 09:14:34.495 +0000",1761642874.494724,10.809239,106.673184,35.600000,5.000000,9.500000,2.932333,103.100000
"2025-10-28 09:14:35.435 +0000",1761642875.434988,10.809238,106.673211,35.600000,5.000000,9.500000,2.932333,84.700000
"2025-10-28 09:14:36.493 +0000",1761642876.492895,10.809244,106.673237,35.500000,5.000000,9.500000,2.983778,65.700000
"2025-10-28 09:14:37.436 +0000",1761642877.436101,10.809257,106.673260,35.400000,5.000000,9.500000,2.932333,52.400000
"2025-10-28 09:14:38.478 +0000",1761642878.478131,10.809274,106.673279,35.300000,5.000000,9.500000,2.623667,45.600000
"2025-10-28 09:14:39.430 +0000",1761642879.430352,10.809289,106.673294,35.200000,5.000000,9.500000,2.006333,43.300000
"2025-10-28 09:14:40.469 +0000",1761642880.468826,10.809298,106.673302,35.000000,5.000000,9.500000,0.720222,42.100000
"2025-10-28 09:14:41.429 +0000",1761642881.428772,10.809302,106.673306,35.100000,5.000000,9.500000,0.463000,40.800000
"2025-10-28 09:14:42.485 +0000",1761642882.485384,10.809305,106.673309,35.100000,5.000000,9.500000,0.360111,38.600000
"2025-10-28 09:14:43.430 +0000",1761642883.429768,10.809308,106.673311,35.100000,5.000000,9.500000,0.411556,35.400000
"2025-10-28 09:14:44.486 +0000",1761642884.485721,10.809312,106.673314,35.100000,5.000000,9.500000,0.617333,30.100000
"2025-10-28 09:14:45.433 +0000",1761642885.432673,10.809316,106.673316,35.100000,5.000000,9.500000,0.565889,25.300000
"2025-10-28 09:14:46.472 +0000",1761642886.471651,10.809320,106.673318,35.100000,5.000000,9.500000,0.051444,23.900000
"2025-10-28 09:14:47.000 +0000",1761642886.999733,10.809320,106.673318,35.100000,5.000000,9.500000,0.337632,276.694120
"2025-10-28 09:14:47.426 +0000",1761642887.425818,10.809320,106.673318,35.100000,5.000000,9.500000,0.000000,23.700000
"2025-10-28 09:14:48.475 +0000",1761642888.475020,10.809321,106.673318,35.100000,5.000000,9.500000,0.308667,20.700000
"2025-10-28 09:14:49.460 +0000",1761642889.459874,10.809327,106.673320,35.100000,5.000000,9.500000,0.668778,15.100000
"2025-10-28 09:14:50.000 +0000",1761642889.999714,10.809327,106.673320,35.100000,5.000000,9.500000,0.225332,322.319850
"2025-10-28 09:14:50.490 +0000",1761642890.490200,10.809330,106.673321,35.100000,5.000000,9.500000,0.205778,13.100000
"2025-10-28 09:14:51.000 +0000",1761642890.999706,10.809330,106.673321,35.100000,5.000000,9.500000,0.326152,322.319850
"2025-10-28 09:14:51.435 +0000",1761642891.434657,10.809333,106.673322,35.100000,5.000000,9.500000,0.257222,10.300000
"2025-10-28 09:14:52.485 +0000",1761642892.485345,10.809336,106.673322,35.100000,5.000000,9.500000,0.463000,4.800000
"2025-10-28 09:14:53.426 +0000",1761642893.425887,10.809342,106.673322,35.100000,5.000000,9.500000,0.823111,354.300000
"2025-10-28 09:14:54.466 +0000",1761642894.466095,10.809350,106.673320,35.100000,10.000000,19.000000,1.183222,344.100000
"2025-10-28 09:14:55.447 +0000",1761642895.447185,10.809361,106.673316,35.100000,5.000000,9.500000,1.491889,336.200000
"2025-10-28 09:14:56.481 +0000",1761642896.480785,10.809374,106.673309,35.100000,5.000000,9.500000,1.646222,328.500000
"2025-10-28 09:14:57.428 +0000",1761642897.427973,10.809389,106.673299,35.200000,10.000000,19.000000,2.366444,325.700000
"2025-10-28 09:14:58.482 +0000",1761642898.482488,10.809409,106.673285,35.200000,10.000000,19.000000,2.623667,322.300000
"2025-10-28 09:14:59.447 +0000",1761642899.446609,10.809427,106.673270,35.200000,10.000000,19.000000,2.212111,315.100000
"2025-10-28 09:15:00.466 +0000",1761642900.466136,10.809440,106.673256,35.100000,10.000000,19.000000,2.006333,308.500000
"2025-10-28 09:15:01.428 +0000",1761642901.427549,10.809450,106.673241,35.100000,10.000000,19.000000,1.903444,300.800000
"2025-10-28 09:15:02.483 +0000",1761642902.482529,10.809459,106.673226,35.100000,10.000000,19.000000,1.749111,296.000000
"2025-10-28 09:15:03.434 +0000",1761642903.433811,10.809466,106.673212,35.100000,10.000000,19.000000,1.646222,295.200000
"2025-10-28 09:15:04.475 +0000",1761642904.475362,10.809473,106.673198,35.100000,10.000000,19.000000,1.697667,296.400000
"2025-10-28 09:15:05.442 +0000",1761642905.441880,10.809481,106.673183,35.100000,5.000000,9.500000,1.749111,298.100000
"2025-10-28 09:15:06.487 +0000",1761642906.487373,10.809490,106.673167,35.100000,10.000000,19.000000,2.263556,299.900000
"2025-10-28 09:15:07.436 +0000",1761642907.436137,10.809503,106.673144,35.100000,10.000000,19.000000,3.241000,301.700000
"2025-10-28 09:15:08.489 +0000",1761642908.488886,10.809521,106.673113,35.100000,10.000000,19.000000,4.372778,301.800000
"2025-10-28 09:15:09.440 +0000",1761642909.440442,10.809544,106.673074,35.100000,10.000000,19.000000,5.453111,301.000000
"2025-10-28 09:15:10.000 +0000",1761642909.999578,10.809544,106.673074,35.100000,10.000000,19.000000,6.192866,297.701171
"2025-10-28 09:15:10.490 +0000",1761642910.489618,10.809572,106.673027,35.200000,10.000000,19.000000,6.430556,300.100000
"2025-10-28 09:15:11.433 +0000",1761642911.432984,10.809602,106.672972,35.200000,10.000000,19.000000,7.356556,299.600000
"2025-10-28 09:15:12.000 +0000",1761642911.999565,10.809626,106.672983,35.200000,10.000000,19.000000,7.892851,295.544586
"2025-10-28 09:15:12.484 +0000",1761642912.484052,10.809636,106.672909,35.300000,5.000000,9.500000,8.076778,299.000000
"2025-10-28 09:15:13.415 +0000",1761642913.415316,10.809671,106.672843,35.400000,10.000000,19.000000,8.282556,298.200000
"2025-10-28 09:15:14.497 +0000",1761642914.496796,10.809720,106.672785,35.300000,10.000000,19.000000,7.768111,295.528839
"2025-10-28 09:15:15.433 +0000",1761642915.433196,10.809748,106.672724,35.200000,10.000000,19.000000,6.842111,295.528839
"2025-10-28 09:15:16.508 +0000",1761642916.507623,10.809773,106.672672,35.000000,10.000000,19.000000,5.658889,295.528839
"2025-10-28 09:15:17.421 +0000",1761642917.420654,10.809793,106.672632,34.800000,10.000000,19.000000,4.115556,296.023224
"2025-10-28 09:15:17.999 +0000",1761642917.998583,10.809793,106.672632,34.800000,10.000000,19.000000,3.367022,296.023224
"2025-10-28 09:15:18.484 +0000",1761642918.483740,10.809783,106.672590,34.700000,10.000000,19.000000,3.241000,285.000000
"2025-10-28 09:15:19.440 +0000",1761642919.440093,10.809786,106.672561,34.800000,10.000000,19.000000,3.189556,268.500000
"2025-10-28 09:15:19.999 +0000",1761642919.998663,10.809786,106.672561,34.800000,10.000000,19.000000,3.353481,252.125546
"2025-10-28 09:15:20.494 +0000",1761642920.494098,10.809781,106.672532,34.800000,10.000000,19.000000,3.241000,248.800000
"2025-10-28 09:15:20.999 +0000",1761642920.998710,10.809781,106.672532,34.800000,10.000000,19.000000,3.921681,233.670998
"2025-10-28 09:15:21.437 +0000",1761642921.436710,10.809765,106.672505,34.900000,10.000000,19.000000,3.961222,230.400000
"2025-10-28 09:15:22.469 +0000",1761642922.469319,10.809733,106.672476,35.100000,10.000000,19.000000,5.144444,217.100000
"2025-10-28 09:15:23.443 +0000",1761642923.443264,10.809691,106.672446,35.200000,10.000000,19.000000,6.276222,209.837448
"2025-10-28 09:15:24.485 +0000",1761642924.485240,10.809640,106.672413,35.300000,5.000000,9.500000,7.047889,209.837448
"2025-10-28 09:15:25.442 +0000",1761642925.442497,10.809580,106.672378,35.300000,10.000000,19.000000,7.202222,209.837448
"2025-10-28 09:15:26.469 +0000",1761642926.469197,10.809520,106.672345,35.300000,10.000000,19.000000,7.047889,209.837448
"2025-10-28 09:15:27.428 +0000",1761642927.428283,10.809463,106.672314,35.400000,10.000000,19.000000,6.996444,209.837448
"2025-10-28 09:15:28.479 +0000",1761642928.479257,10.809414,106.672270,35.500000,5.000000,9.500000,7.253667,209.837448
"2025-10-28 09:15:29.429 +0000",1761642929.429413,10.809357,106.672237,35.500000,10.000000,19.000000,7.613778,209.837448
"2025-10-28 09:15:30.457 +0000",1761642930.457093,10.809295,106.672202,35.600000,10.000000,19.000000,8.076778,209.070786
"2025-10-28 09:15:31.413 +0000",1761642931.412510,10.809228,106.672164,35.700000,10.000000,19.000000,8.591222,209.070786
"2025-10-28 09:15:32.472 +0000",1761642932.471779,10.809158,106.672125,35.800000,10.000000,19.000000,9.157111,209.070786
"2025-10-28 09:15:33.499 +0000",1761642933.498616,10.809084,106.672083,35.700000,10.000000,19.000000,8.899889,209.070786
"2025-10-28 09:15:34.479 +0000",1761642934.478868,10.809017,106.672046,35.400000,10.000000,19.000000,8.025333,208.575394
"2025-10-28 09:15:35.504 +0000",1761642935.504145,10.808955,106.672012,35.300000,10.000000,19.000000,7.510889,208.575394
"2025-10-28 09:15:36.505 +0000",1761642936.505163,10.808898,106.671981,35.200000,10.000000,19.000000,6.996444,208.575394
"2025-10-28 09:15:37.521 +0000",1761642937.520620,10.808844,106.671951,35.200000,5.000000,9.500000,6.430556,208.601501
"2025-10-28 09:15:38.616 +0000",1761642938.616027,10.808797,106.671925,35.200000,10.000000,19.000000,5.401667,208.601501
"2025-10-28 09:15:39.418 +0000",1761642939.417620,10.808760,106.671904,34.900000,10.000000,19.000000,4.167000,208.601501
"2025-10-28 09:15:40.422 +0000",1761642940.422007,10.808732,106.671889,34.900000,10.000000,19.000000,3.035222,208.601501
"2025-10-28 09:15:41.000 +0000",1761642940.999596,10.808732,106.671889,34.900000,10.000000,19.000000,2.854675,208.601501
"2025-10-28 09:15:41.427 +0000",1761642941.426887,10.808693,106.671905,35.000000,5.000000,9.500000,2.880889,206.900000
"2025-10-28 09:15:42.423 +0000",1761642942.423230,10.808670,106.671891,35.000000,5.000000,9.500000,3.086667,213.300000
"2025-10-28 09:15:43.427 +0000",1761642943.427048,10.808659,106.671849,35.200000,5.000000,9.500000,3.549667,208.601501
"2025-10-28 09:15:44.491 +0000",1761642944.491001,10.808633,106.671835,35.100000,5.000000,9.500000,3.086667,208.601501
"2025-10-28 09:15:45.431 +0000",1761642945.431184,10.808609,106.671834,35.000000,5.000000,9.500000,2.057778,208.601501
"2025-10-28 09:15:46.429 +0000",1761642946.428894,10.808600,106.671822,35.000000,5.000000,9.500000,1.183222,208.601501
"2025-10-28 09:15:47.458 +0000",1761642947.458214,10.808596,106.671816,34.900000,5.000000,9.500000,0.565889,208.601501
"2025-10-28 09:15:48.435 +0000",1761642948.435215,10.808593,106.671812,35.000000,5.000000,9.500000,0.565889,208.601501
"2025-10-28 09:15:49.438 +0000",1761642949.437563,10.808590,106.671805,35.000000,5.000000,9.500000,0.926000,247.700000
"2025-10-28 09:15:50.436 +0000",1761642950.436369,10.808587,106.671796,35.000000,5.000000,9.500000,1.234667,254.500000
"2025-10-28 09:15:51.434 +0000",1761642951.433977,10.808584,106.671784,35.000000,5.000000,9.500000,1.697667,262.000000
"2025-10-28 09:15:52.425 +0000",1761642952.425350,10.808583,106.671765,35.000000,10.000000,19.000000,2.520778,271.400000
"2025-10-28 09:15:53.464 +0000",1761642953.463522,10.808586,106.671737,35.100000,5.000000,9.500000,3.601111,290.282776
"2025-10-28 09:15:54.526 +0000",1761642954.526162,10.808594,106.671700,35.100000,5.000000,9.500000,4.630000,290.282776
"2025-10-28 09:15:55.443 +0000",1761642955.442654,10.808605,106.671655,35.200000,5.000000,9.500000,5.350222,290.282776
"2025-10-28 09:15:56.441 +0000",1761642956.441270,10.808617,106.671604,35.300000,10.000000,19.000000,6.019000,290.282776
"2025-10-28 09:15:57.429 +0000",1761642957.429069,10.808630,106.671546,35.400000,10.000000,19.000000,6.687778,283.713287
"2025-10-28 09:15:58.432 +0000",1761642958.431952,10.808641,106.671485,35.400000,10.000000,19.000000,7.150778,283.713287
"2025-10-28 09:15:59.430 +0000",1761642959.429986,10.808650,106.671419,35.300000,10.000000,19.000000,7.613778,278.100000
"2025-10-28 09:16:00.439 +0000",1761642960.439370,10.808656,106.671349,35.300000,5.000000,9.500000,7.768111,275.200000
"2025-10-28 09:16:01.429 +0000",1761642961.428746,10.808660,106.671279,35.200000,5.000000,9.500000,7.665222,274.100000
"2025-10-28 09:16:02.438 +0000",1761642962.437793,10.808664,106.671210,35.200000,5.000000,9.500000,7.613778,274.700000
"2025-10-28 09:16:03.429 +0000",1761642963.428805,10.808669,106.671141,35.200000,10.000000,19.000000,7.562333,272.274902
"2025-10-28 09:16:04.431 +0000",1761642964.430874,10.808675,106.671072,35.200000,10.000000,19.000000,7.613778,272.274902
"2025-10-28 09:16:05.410 +0000",1761642965.410430,10.808681,106.671002,35.200000,10.000000,19.000000,7.665222,272.274902
"2025-10-28 09:16:06.448 +0000",1761642966.447828,10.808687,106.670933,35.300000,10.000000,19.000000,7.613778,272.274902
"2025-10-28 09:16:07.466 +0000",1761642967.465941,10.808692,106.670863,35.200000,10.000000,19.000000,7.819556,272.274902
"2025-10-28 09:16:08.465 +0000",1761642968.465419,10.808697,106.670790,35.300000,5.000000,9.500000,8.179667,272.274902
"2025-10-28 09:16:09.448 +0000",1761642969.447509,10.808698,106.670714,35.500000,5.000000,9.500000,8.488333,272.040863
"2025-10-28 09:16:10.454 +0000",1761642970.453533,10.808701,106.670636,35.600000,5.000000,9.500000,8.642667,272.040863
"2025-10-28 09:16:11.441 +0000",1761642971.441044,10.808704,106.670556,35.600000,5.000000,9.500000,8.745556,271.952759
"2025-10-28 09:16:12.456 +0000",1761642972.456158,10.808702,106.670477,35.500000,10.000000,19.000000,8.334000,271.952759
"2025-10-28 09:16:12.999 +0000",1761642972.998948,10.808702,106.670477,35.500000,10.000000,19.000000,8.090494,272.007477
"2025-10-28 09:16:13.448 +0000",1761642973.447614,10.808696,106.670404,35.400000,5.000000,9.500000,7.871000,272.007477
"2025-10-28 09:16:13.999 +0000",1761642973.998951,10.808696,106.670404,35.400000,5.000000,9.500000,7.535954,272.007477
"2025-10-28 09:16:14.445 +0000",1761642974.444546,10.808699,106.670334,35.300000,10.000000,19.000000,7.459444,272.007477
"2025-10-28 09:16:15.439 +0000",1761642975.438950,10.808702,106.670267,35.400000,5.000000,9.500000,7.253667,272.007477
"2025-10-28 09:16:15.999 +0000",1761642975.998958,10.808702,106.670267,35.400000,5.000000,9.500000,7.190156,272.007477
"2025-10-28 09:16:16.439 +0000",1761642976.438649,10.808704,106.670201,35.400000,10.000000,19.000000,7.047889,272.007477
"2025-10-28 09:16:17.449 +0000",1761642977.448506,10.808720,106.670137,35.500000,10.000000,19.000000,7.047889,272.007477
"2025-10-28 09:16:18.441 +0000",1761642978.440506,10.808722,106.670071,35.600000,5.000000,9.500000,7.253667,272.176971
"2025-10-28 09:16:19.436 +0000",1761642979.436095,10.808725,106.670004,35.600000,5.000000,9.500000,7.459444,272.176971
"2025-10-28 09:16:20.422 +0000",1761642980.422495,10.808727,106.669935,35.700000,10.000000,19.000000,7.716667,272.176971
"2025-10-28 09:16:21.440 +0000",1761642981.439603,10.808730,106.669863,35.800000,5.000000,9.500000,8.025333,272.176971
"2025-10-28 09:16:22.455 +0000",1761642982.454900,10.808733,106.669788,35.800000,10.000000,19.000000,8.282556,272.176971
"2025-10-28 09:16:23.447 +0000",1761642983.447057,10.808736,106.669713,35.700000,10.000000,19.000000,8.179667,272.176971
"2025-10-28 09:16:24.557 +0000",1761642984.556552,10.808738,106.669640,35.600000,10.000000,19.000000,7.819556,272.176971
"2025-10-28 09:16:25.447 +0000",1761642985.447311,10.808740,106.669570,35.700000,10.000000,19.000000,7.459444,271.727936
"2025-10-28 09:16:26.521 +0000",1761642986.521363,10.808742,106.669503,35.700000,10.000000,19.000000,7.099333,271.727936
"2025-10-28 09:16:27.444 +0000",1761642987.444302,10.808744,106.669439,35.700000,5.000000,9.500000,6.893556,271.727936
"2025-10-28 09:16:28.493 +0000",1761642988.492696,10.808746,106.669376,35.700000,5.000000,9.500000,6.893556,271.727936
"2025-10-28 09:16:29.456 +0000",1761642989.456076,10.808748,106.669313,35.700000,10.000000,19.000000,6.893556,271.727936
"2025-10-28 09:16:30.513 +0000",1761642990.513145,10.808750,106.669249,35.700000,5.000000,9.500000,6.996444,271.727936
"2025-10-28 09:16:31.453 +0000",1761642991.453213,10.808752,106.669183,35.800000,5.000000,9.500000,7.305111,271.727936
"2025-10-28 09:16:32.493 +0000",1761642992.493223,10.808754,106.669117,35.800000,5.000000,9.500000,7.047889,271.727936
"2025-10-28 09:16:33.443 +0000",1761642993.443487,10.808756,106.669056,35.700000,5.000000,9.500000,6.327667,271.727936
"2025-10-28 09:16:34.486 +0000",1761642994.485684,10.808757,106.669001,35.600000,5.000000,9.500000,5.761778,271.727936
"2025-10-28 09:16:35.443 +0000",1761642995.442610,10.808759,106.668952,35.500000,5.000000,9.500000,4.990111,271.727936
"2025-10-28 09:16:36.502 +0000",1761642996.502119,10.808760,106.668908,35.700000,5.000000,9.500000,4.681444,271.727936
"2025-10-28 09:16:37.447 +0000",1761642997.447118,10.808761,106.668866,35.700000,5.000000,9.500000,4.475667,271.727936
"2025-10-28 09:16:38.486 +0000",1761642998.486053,10.808759,106.668822,35.700000,5.000000,9.500000,4.372778,260.310760
"2025-10-28 09:16:39.449 +0000",1761642999.448712,10.808752,106.668783,35.800000,5.000000,9.500000,4.321333,260.310760
"2025-10-28 09:16:40.486 +0000",1761643000.486470,10.808736,106.668737,35.800000,5.000000,9.500000,4.269889,234.861984
"2025-10-28 09:16:40.999 +0000",1761643000.999005,10.808736,106.668737,35.800000,5.000000,9.500000,4.533254,234.861984
"2025-10-28 09:16:41.457 +0000",1761643001.457244,10.808706,106.668692,35.800000,5.000000,9.500000,4.321333,207.176682
"2025-10-28 09:16:42.501 +0000",1761643002.501029,10.808671,106.668673,35.900000,5.000000,9.500000,4.475667,207.176682
"2025-10-28 09:16:43.477 +0000",1761643003.477159,10.808623,106.668650,35.900000,5.000000,9.500000,5.093000,190.160919
"2025-10-28 09:16:44.529 +0000",1761643004.528619,10.808575,106.668641,35.900000,5.000000,9.500000,5.916111,190.160919
"2025-10-28 09:16:45.474 +0000",1761643005.474032,10.808519,106.668631,35.900000,5.000000,9.500000,6.842111,190.160919
"2025-10-28 09:16:46.537 +0000",1761643006.537039,10.808454,106.668620,35.900000,5.000000,9.500000,7.459444,190.160919
"2025-10-28 09:16:47.464 +0000",1761643007.463629,10.808388,106.668607,35.700000,5.000000,9.500000,7.408000,190.229675
"2025-10-28 09:16:48.516 +0000",1761643008.515881,10.808323,106.668596,35.500000,5.000000,9.500000,7.047889,190.229675
"2025-10-28 09:16:49.483 +0000",1761643009.482790,10.808262,106.668584,35.400000,5.000000,9.500000,6.945000,190.229675
"2025-10-28 09:16:50.527 +0000",1761643010.527384,10.808200,106.668573,35.400000,5.000000,9.500000,6.842111,190.083572
"2025-10-28 09:16:51.458 +0000",1761643011.457879,10.808138,106.668562,35.400000,5.000000,9.500000,6.893556,190.083572
"2025-10-28 09:16:52.539 +0000",1761643012.539468,10.808076,106.668551,35.500000,5.000000,9.500000,6.996444,190.083572
"2025-10-28 09:16:53.474 +0000",1761643013.474363,10.808012,106.668539,35.600000,5.000000,9.500000,7.253667,190.083572
"2025-10-28 09:16:54.525 +0000",1761643014.524590,10.807947,106.668528,35.600000,5.000000,9.500000,7.305111,190.083572
"2025-10-28 09:16:55.472 +0000",1761643015.472106,10.807883,106.668516,35.500000,5.000000,9.500000,6.945000,190.083572
"2025-10-28 09:16:56.502 +0000",1761643016.502186,10.807822,106.668505,35.400000,5.000000,9.500000,6.687778,190.083572
"2025-10-28 09:16:57.442 +0000",1761643017.441519,10.807764,106.668495,35.200000,5.000000,9.500000,6.482000,190.083572
"2025-10-28 09:16:58.452 +0000",1761643018.451694,10.807707,106.668485,35.200000,5.000000,9.500000,6.276222,190.083572
"2025-10-28 09:16:59.454 +0000",1761643019.454083,10.807653,106.668475,35.200000,5.000000,9.500000,5.967556,190.178848
"2025-10-28 09:17:00.447 +0000",1761643020.447030,10.807600,106.668465,35.100000,5.000000,9.500000,5.813222,190.178848
"2025-10-28 09:17:01.448 +0000",1761643021.447544,10.807549,106.668456,35.100000,5.000000,9.500000,5.504556,190.178848
"2025-10-28 09:17:02.456 +0000",1761643022.455859,10.807501,106.668447,35.100000,5.000000,9.500000,5.401667,190.178848
"2025-10-28 09:17:03.441 +0000",1761643023.440633,10.807452,106.668438,35.200000,5.000000,9.500000,5.401667,190.178848
"2025-10-28 09:17:04.455 +0000",1761643024.454540,10.807407,106.668430,35.100000,5.000000,9.500000,4.835778,190.178848
"2025-10-28 09:17:05.455 +0000",1761643025.454791,10.807364,106.668422,35.100000,5.000000,9.500000,4.990111,190.178848
"2025-10-28 09:17:06.470 +0000",1761643026.469878,10.807316,106.668413,35.300000,5.000000,9.500000,5.864667,190.178848
"2025-10-28 09:17:07.448 +0000",1761643027.448390,10.807260,106.668403,35.400000,5.000000,9.500000,6.687778,190.178848
"2025-10-28 09:17:08.454 +0000",1761643028.453966,10.807196,106.668393,35.500000,5.000000,9.500000,7.408000,189.807281
"2025-10-28 09:17:09.451 +0000",1761643029.451145,10.807128,106.668380,35.500000,5.000000,9.500000,8.076778,190.046783
"2025-10-28 09:17:10.427 +0000",1761643030.426503,10.807053,106.668367,35.600000,5.000000,9.500000,8.539778,190.046783
"2025-10-28 09:17:11.443 +0000",1761643031.442601,10.806978,106.668353,35.400000,5.000000,9.500000,8.334000,190.046783
"2025-10-28 09:17:12.448 +0000",1761643032.447830,10.806905,106.668340,35.400000,5.000000,9.500000,8.076778,190.046783
"2025-10-28 09:17:13.448 +0000",1761643033.448461,10.806834,106.668328,35.400000,5.000000,9.500000,7.871000,190.046783
"2025-10-28 09:17:14.442 +0000",1761643034.442012,10.806766,106.668314,35.500000,5.000000,9.500000,7.716667,190.773605
"2025-10-28 09:17:15.455 +0000",1761643035.454728,10.806698,106.668301,35.600000,5.000000,9.500000,7.613778,190.463791
"2025-10-28 09:17:16.465 +0000",1761643036.464781,10.806630,106.668288,35.600000,5.000000,9.500000,7.716667,190.463791
"2025-10-28 09:17:17.468 +0000",1761643037.467505,10.806564,106.668276,35.500000,5.000000,9.500000,6.996444,190.463791
"2025-10-28 09:17:18.436 +0000",1761643038.435905,10.806505,106.668265,35.400000,5.000000,9.500000,6.224778,190.463791
"2025-10-28 09:17:19.449 +0000",1761643039.449228,10.806451,106.668255,35.400000,5.000000,9.500000,5.967556,190.463791
"2025-10-28 09:17:20.549 +0000",1761643040.548762,10.806399,106.668245,35.400000,5.000000,9.500000,5.658889,190.463791
"2025-10-28 09:17:21.506 +0000",1761643041.506156,10.806349,106.668236,35.400000,5.000000,9.500000,5.556000,190.463791
"2025-10-28 09:17:22.447 +0000",1761643042.446620,10.806297,106.668228,35.500000,5.000000,9.500000,5.916111,189.106125
"2025-10-28 09:17:23.436 +0000",1761643043.435696,10.806244,106.668219,35.500000,5.000000,9.500000,5.761778,189.106125
"2025-10-28 09:17:23.999 +0000",1761643043.999108,10.806244,106.668219,35.500000,5.000000,9.500000,5.610638,189.106125
"2025-10-28 09:17:24.466 +0000",1761643044.466195,10.806193,106.668211,35.500000,5.000000,9.500000,5.556000,189.106125
"2025-10-28 09:17:24.999 +0000",1761643044.999120,10.806193,106.668211,35.500000,5.000000,9.500000,5.362338,189.106125
"2025-10-28 09:17:25.456 +0000",1761643045.455622,10.806145,106.668203,35.600000,5.000000,9.500000,5.350222,189.106125
"2025-10-28 09:17:26.450 +0000",1761643046.449743,10.806098,106.668195,35.500000,5.000000,9.500000,5.093000,189.106125
"2025-10-28 09:17:26.999 +0000",1761643046.999151,10.806098,106.668195,35.500000,5.000000,9.500000,4.541294,189.106125
"2025-10-28 09:17:27.456 +0000",1761643047.456480,10.806060,106.668186,35.500000,5.000000,9.500000,4.630000,198.543137
"2025-10-28 09:17:28.548 +0000",1761643048.547533,10.806022,106.668173,35.400000,5.000000,9.500000,4.372778,198.543137
"2025-10-28 09:17:29.443 +0000",1761643049.443090,10.805998,106.668158,35.500000,5.000000,9.500000,4.269889,218.298035
"2025-10-28 09:17:30.442 +0000",1761643050.441719,10.805969,106.668134,35.500000,5.000000,9.500000,4.064111,218.298035
"2025-10-28 09:17:31.526 +0000",1761643051.526473,10.805965,106.668114,35.500000,5.000000,9.500000,4.064111,251.927048
"2025-10-28 09:17:32.432 +0000",1761643052.432334,10.805947,106.668087,35.700000,5.000000,9.500000,4.681444,276.647278
"2025-10-28 09:17:32.999 +0000",1761643052.999253,10.805947,106.668087,35.700000,5.000000,9.500000,5.494507,276.647278
"2025-10-28 09:17:33.447 +0000",1761643053.446967,10.805953,106.668041,35.800000,5.000000,9.500000,5.401667,276.647278
"2025-10-28 09:17:34.442 +0000",1761643054.441922,10.805959,106.667989,35.800000,5.000000,9.500000,5.916111,276.647278
"2025-10-28 09:17:35.455 +0000",1761643055.454907,10.805965,106.667933,35.800000,5.000000,9.500000,6.482000,276.647278
"2025-10-28 09:17:36.456 +0000",1761643056.455970,10.805957,106.667869,36.000000,5.000000,9.500000,7.047889,276.647278
"2025-10-28 09:17:37.443 +0000",1761643057.442904,10.805967,106.667803,36.000000,5.000000,9.500000,7.356556,276.647278
"2025-10-28 09:17:38.441 +0000",1761643058.440927,10.805976,106.667736,36.100000,5.000000,9.500000,7.768111,276.647278
"2025-10-28 09:17:39.448 +0000",1761643059.447643,10.805987,106.667664,36.100000,5.000000,9.500000,8.076778,278.428955
"2025-10-28 09:17:40.426 +0000",1761643060.426400,10.805999,106.667592,36.100000,5.000000,9.500000,7.819556,278.428955
"2025-10-28 09:17:40.999 +0000",1761643060.999338,10.805999,106.667592,36.100000,5.000000,9.500000,7.635647,278.428955
"2025-10-28 09:17:41.449 +0000",1761643061.448687,10.806010,106.667523,35.900000,5.000000,9.500000,7.459444,278.428955
"2025-10-28 09:17:42.447 +0000",1761643062.446832,10.806019,106.667458,35.800000,5.000000,9.500000,6.893556,278.428955
"2025-10-28 09:17:42.999 +0000",1761643062.999355,10.806019,106.667458,35.800000,5.000000,9.500000,6.679034,278.428955
"2025-10-28 09:17:43.456 +0000",1761643063.455810,10.806028,106.667397,35.700000,5.000000,9.500000,6.533444,278.237762
"2025-10-28 09:17:43.999 +0000",1761643063.999363,10.806028,106.667397,35.700000,5.000000,9.500000,6.329139,278.237762
"2025-10-28 09:17:44.431 +0000",1761643064.431483,10.806036,106.667339,35.700000,5.000000,9.500000,6.224778,278.237762
"2025-10-28 09:17:45.438 +0000",1761643065.437731,10.806043,106.667287,35.400000,10.000000,19.000000,5.504556,278.237762
"2025-10-28 09:17:46.448 +0000",1761643066.447900,10.806050,106.667239,35.500000,5.000000,9.500000,5.247333,278.237762
"2025-10-28 09:17:47.442 +0000",1761643067.441542,10.806056,106.667192,35.400000,5.000000,9.500000,5.093000,278.237762
"2025-10-28 09:17:48.430 +0000",1761643068.430171,10.806063,106.667147,35.400000,5.000000,9.500000,4.938667,278.237762
"2025-10-28 09:17:49.414 +0000",1761643069.414294,10.806071,106.667100,35.300000,10.000000,19.000000,5.401667,278.237762
"2025-10-28 09:17:50.427 +0000",1761643070.426874,10.806079,106.667051,35.400000,10.000000,19.000000,5.453111,278.237762
"2025-10-28 09:17:51.430 +0000",1761643071.429637,10.806085,106.667004,35.300000,10.000000,19.000000,5.041556,278.237762
"2025-10-28 09:17:52.441 +0000",1761643072.441470,10.806091,106.666960,35.300000,10.000000,19.000000,4.732889,278.237762
"2025-10-28 09:17:53.429 +0000",1761643073.429223,10.806094,106.666917,35.200000,5.000000,9.500000,4.681444,266.867920
"2025-10-28 09:17:54.438 +0000",1761643074.437693,10.806085,106.666876,35.200000,5.000000,9.500000,4.681444,266.867920
"2025-10-28 09:17:55.432 +0000",1761643075.431930,10.806071,106.666824,35.300000,5.000000,9.500000,4.835778,215.458069
"2025-10-28 09:17:56.448 +0000",1761643076.448089,10.806027,106.666782,35.300000,5.000000,9.500000,5.195889,195.781158
"2025-10-28 09:17:56.999 +0000",1761643076.999438,10.806027,106.666782,35.300000,5.000000,9.500000,5.799305,195.781158
"2025-10-28 09:17:57.442 +0000",1761643077.441672,10.805979,106.666768,35.300000,5.000000,9.500000,5.658889,195.781158
"2025-10-28 09:17:58.436 +0000",1761643078.436031,10.805927,106.666753,35.300000,5.000000,9.500000,5.864667,195.781158
"2025-10-28 09:17:59.450 +0000",1761643079.450111,10.805874,106.666738,35.300000,5.000000,9.500000,6.070444,195.781158
"2025-10-28 09:18:00.429 +0000",1761643080.428894,10.805821,106.666723,35.300000,10.000000,19.000000,6.430556,195.781158
"2025-10-28 09:18:01.450 +0000",1761643081.450227,10.805760,106.666706,35.400000,10.000000,19.000000,7.099333,195.615143
"2025-10-28 09:18:02.493 +0000",1761643082.492624,10.805696,106.666688,35.300000,10.000000,19.000000,7.768111,195.615143
"2025-10-28 09:18:03.444 +0000",1761643083.443938,10.805626,106.666668,35.400000,10.000000,19.000000,8.282556,195.615143
"2025-10-28 09:18:04.452 +0000",1761643084.452110,10.805552,106.666649,35.300000,10.000000,19.000000,8.231111,194.639374
"2025-10-28 09:18:05.460 +0000",1761643085.460296,10.805482,106.666630,35.200000,10.000000,19.000000,7.819556,194.639374
"2025-10-28 09:18:06.437 +0000",1761643086.437003,10.805415,106.666613,35.000000,10.000000,19.000000,7.408000,194.639374
"2025-10-28 09:18:07.473 +0000",1761643087.473178,10.805352,106.666596,34.900000,5.000000,9.500000,6.790667,194.639374
"2025-10-28 09:18:08.468 +0000",1761643088.467723,10.805295,106.666581,34.900000,10.000000,19.000000,6.224778,194.639374
"2025-10-28 09:18:09.462 +0000",1761643089.461689,10.805242,106.666567,34.700000,10.000000,19.000000,5.556000,194.639374
"2025-10-28 09:18:10.457 +0000",1761643090.456856,10.805198,106.666555,34.700000,10.000000,19.000000,4.578556,194.639374
"2025-10-28 09:18:11.466 +0000",1761643091.466138,10.805161,106.666546,34.600000,5.000000,9.500000,3.909778,194.639374
"2025-10-28 09:18:12.477 +0000",1761643092.477417,10.805128,106.666537,34.700000,10.000000,19.000000,3.446778,194.639374
"2025-10-28 09:18:13.469 +0000",1761643093.468689,10.805101,106.666530,34.700000,5.000000,9.500000,2.778000,194.639374
"2025-10-28 09:18:14.490 +0000",1761643094.490234,10.805079,106.666524,34.600000,10.000000,19.000000,2.160667,194.639374
"2025-10-28 09:18:15.443 +0000",1761643095.443084,10.805063,106.666520,34.600000,10.000000,19.000000,1.491889,194.639374
"2025-10-28 09:18:16.464 +0000",1761643096.464388,10.805054,106.666518,34.600000,5.000000,9.500000,0.565889,194.639374
"2025-10-28 09:18:17.465 +0000",1761643097.464865,10.805051,106.666517,34.600000,10.000000,19.000000,0.154333,194.639374
"2025-10-28 09:18:18.457 +0000",1761643098.456605,10.805051,106.666517,34.600000,5.000000,9.500000,0.000000,194.639374
"2025-10-28 09:18:19.447 +0000",1761643099.447252,10.805051,106.666517,34.600000,5.000000,9.500000,0.000000,194.639374
"2025-10-28 09:18:20.497 +0000",1761643100.497183,10.805051,106.666517,34.600000,5.000000,9.500000,0.000000,194.639374
"2025-10-28 09:18:21.506 +0000",1761643101.505527,10.805051,106.666517,34.600000,5.000000,9.500000,0.000000,194.639374
"2025-10-28 09:18:22.497 +0000",1761643102.497303,10.805051,106.666517,34.600000,5.000000,9.500000,0.000000,194.639374
"2025-10-28 09:18:23.508 +0000",1761643103.507843,10.805051,106.666517,34.600000,5.000000,9.500000,0.000000,194.639374
"2025-10-28 09:18:24.486 +0000",1761643104.486276,10.805051,106.666517,34.600000,5.000000,9.500000,0.000000,194.639374
"2025-10-28 09:18:25.513 +0000",1761643105.512926,10.805051,106.666517,34.600000,5.000000,9.500000,0.000000,194.639374
"2025-10-28 09:18:26.502 +0000",1761643106.502419,10.805051,106.666517,34.600000,5.000000,9.500000,0.000000,194.639374
"2025-10-28 09:18:27.502 +0000",1761643107.502323,10.805051,106.666517,34.600000,5.000000,9.500000,0.000000,194.639374
"2025-10-28 09:18:28.482 +0000",1761643108.482286,10.805051,106.666517,34.600000,5.000000,9.500000,0.000000,194.639374
"2025-10-28 09:18:29.491 +0000",1761643109.491322,10.805051,106.666517,34.600000,5.000000,9.500000,0.000000,194.639374
"2025-10-28 09:18:30.497 +0000",1761643110.497003,10.805051,106.666517,34.600000,5.000000,9.500000,0.000000,194.639374
"2025-10-28 09:18:31.444 +0000",1761643111.444446,10.805051,106.666517,34.600000,10.000000,19.000000,0.000000,194.639374
"2025-10-28 09:18:32.442 +0000",1761643112.442382,10.805051,106.666517,34.600000,5.000000,9.500000,0.000000,194.639374
"2025-10-28 09:18:33.456 +0000",1761643113.455835,10.805051,106.666517,34.600000,5.000000,9.500000,0.000000,194.639374
"2025-10-28 09:18:34.467 +0000",1761643114.467406,10.805051,106.666517,34.600000,5.000000,9.500000,0.000000,194.639374
"2025-10-28 09:18:35.444 +0000",1761643115.443774,10.805051,106.666517,34.600000,5.000000,9.500000,0.000000,194.639374
"2025-10-28 09:18:36.436 +0000",1761643116.435786,10.805051,106.666517,34.600000,5.000000,9.500000,0.000000,194.639374
"2025-10-28 09:18:37.449 +0000",1761643117.449109,10.805051,106.666517,34.600000,5.000000,9.500000,0.000000,194.639374
"2025-10-28 09:18:38.465 +0000",1761643118.465377,10.805051,106.666517,34.600000,5.000000,9.500000,0.000000,194.639374
"2025-10-28 09:18:39.438 +0000",1761643119.437662,10.805050,106.666516,34.600000,5.000000,9.500000,0.205778,194.639374
"2025-10-28 09:18:40.000 +0000",1761643119.999564,10.805050,106.666516,34.600000,5.000000,9.500000,0.627319,194.639618
"2025-10-28 09:18:40.460 +0000",1761643120.460128,10.805046,106.666515,34.500000,10.000000,19.000000,0.668778,194.639618
"2025-10-28 09:18:41.000 +0000",1761643120.999566,10.805046,106.666515,34.500000,10.000000,19.000000,1.354629,194.639618
"2025-10-28 09:18:41.436 +0000",1761643121.435599,10.805036,106.666513,34.400000,5.000000,9.500000,1.543333,194.639618
"2025-10-28 09:18:42.459 +0000",1761643122.459494,10.805018,106.666508,34.400000,5.000000,9.500000,2.520778,194.639618
"2025-10-28 09:18:43.467 +0000",1761643123.466656,10.804993,106.666501,34.400000,5.000000,9.500000,3.138111,194.639618
"2025-10-28 09:18:44.455 +0000",1761643124.454633,10.804962,106.666493,34.400000,5.000000,9.500000,3.806889,194.639618
"2025-10-28 09:18:45.444 +0000",1761643125.444448,10.804925,106.666483,34.300000,5.000000,9.500000,4.372778,194.639618
"2025-10-28 09:18:46.461 +0000",1761643126.461242,10.804884,106.666473,34.300000,5.000000,9.500000,5.041556,194.305893
"2025-10-28 09:18:47.457 +0000",1761643127.457440,10.804838,106.666461,34.200000,10.000000,19.000000,5.195889,194.305893
"2025-10-28 09:18:48.471 +0000",1761643128.470916,10.804793,106.666449,34.100000,10.000000,19.000000,5.041556,194.305893
"2025-10-28 09:18:49.457 +0000",1761643129.457204,10.804747,106.666437,34.100000,5.000000,9.500000,5.401667,194.340088
"2025-10-28 09:18:50.506 +0000",1761643130.506389,10.804699,106.666425,34.000000,5.000000,9.500000,5.401667,194.340088
"2025-10-28 09:18:51.452 +0000",1761643131.452422,10.804650,106.666412,33.900000,5.000000,9.500000,5.658889,194.340088
"2025-10-28 09:18:52.452 +0000",1761643132.452372,10.804597,106.666398,34.100000,5.000000,9.500000,6.327667,194.340088
"2025-10-28 09:18:53.453 +0000",1761643133.452775,10.804539,106.666383,34.000000,5.000000,9.500000,6.739222,194.340088
"2025-10-28 09:18:54.425 +0000",1761643134.424802,10.804478,106.666367,34.000000,5.000000,9.500000,7.099333,194.551071
"2025-10-28 09:18:55.429 +0000",1761643135.429115,10.804416,106.666351,33.900000,5.000000,9.500000,7.150778,194.551071
"2025-10-28 09:18:56.433 +0000",1761643136.432808,10.804355,106.666335,33.800000,10.000000,19.000000,6.687778,194.551071
"2025-10-28 09:18:57.442 +0000",1761643137.442365,10.804297,106.666320,33.700000,5.000000,9.500000,6.482000,194.503799
"2025-10-28 09:18:58.439 +0000",1761643138.439206,10.804241,106.666305,33.700000,5.000000,9.500000,6.276222,194.503799
"2025-10-28 09:18:59.425 +0000",1761643139.424960,10.804186,106.666291,33.700000,5.000000,9.500000,6.224778,194.503799
"2025-10-28 09:19:00.474 +0000",1761643140.473958,10.804131,106.666276,33.600000,5.000000,9.500000,6.379111,194.503799
"2025-10-28 09:19:01.541 +0000",1761643141.541403,10.804074,106.666262,33.600000,5.000000,9.500000,6.584889,194.277328
"2025-10-28 09:19:02.450 +0000",1761643142.449525,10.804015,106.666246,33.500000,5.000000,9.500000,6.790667,194.277328
"2025-10-28 09:19:03.000 +0000",1761643142.999613,10.804015,106.666246,33.500000,5.000000,9.500000,6.998567,194.277328
"2025-10-28 09:19:03.448 +0000",1761643143.448071,10.803954,106.666231,33.600000,5.000000,9.500000,6.945000,194.144669
"2025-10-28 09:19:04.431 +0000",1761643144.431031,10.803892,106.666215,33.600000,5.000000,9.500000,7.099333,194.144669
"2025-10-28 09:19:05.422 +0000",1761643145.421980,10.803829,106.666199,33.600000,5.000000,9.500000,7.099333,194.144669
"2025-10-28 09:19:06.431 +0000",1761643146.431327,10.803769,106.666182,33.500000,5.000000,9.500000,6.687778,195.602570
"2025-10-28 09:19:07.421 +0000",1761643147.421437,10.803714,106.666166,33.300000,10.000000,19.000000,6.121889,195.602570
"2025-10-28 09:19:08.431 +0000",1761643148.431366,10.803662,106.666151,33.300000,5.000000,9.500000,5.710333,195.602570
"2025-10-28 09:19:09.447 +0000",1761643149.447422,10.803613,106.666138,33.300000,5.000000,9.500000,5.556000,195.602570
"2025-10-28 09:19:10.439 +0000",1761643150.439204,10.803561,106.666123,33.400000,5.000000,9.500000,6.276222,195.429565
"2025-10-28 09:19:11.425 +0000",1761643151.425219,10.803503,106.666107,33.500000,5.000000,9.500000,6.945000,195.429565
"2025-10-28 09:19:12.434 +0000",1761643152.434448,10.803439,106.666089,33.500000,5.000000,9.500000,7.562333,195.429565
"2025-10-28 09:19:13.444 +0000",1761643153.443935,10.803370,106.666070,33.600000,5.000000,9.500000,8.231111,195.429565
"2025-10-28 09:19:14.457 +0000",1761643154.456737,10.803294,106.666050,33.600000,5.000000,9.500000,8.951333,194.715057
"2025-10-28 09:19:15.425 +0000",1761643155.424798,10.803213,106.666029,33.500000,5.000000,9.500000,9.620111,194.715057
"2025-10-28 09:19:16.450 +0000",1761643156.449547,10.803128,106.666006,33.500000,10.000000,19.000000,9.774444,194.715057
"2025-10-28 09:19:17.451 +0000",1761643157.451172,10.803043,106.665983,33.400000,5.000000,9.500000,9.414333,194.715057
"2025-10-28 09:19:18.449 +0000",1761643158.448834,10.802959,106.665977,33.300000,5.000000,9.500000,9.002778,194.715057
"2025-10-28 09:19:19.455 +0000",1761643159.455081,10.802882,106.665955,33.200000,5.000000,9.500000,8.436889,194.715057
"2025-10-28 09:19:20.430 +0000",1761643160.430135,10.802810,106.665937,33.100000,5.000000,9.500000,8.025333,194.620148
"2025-10-28 09:19:21.451 +0000",1761643161.450521,10.802744,106.665904,33.000000,5.000000,9.500000,7.562333,194.620148
"2025-10-28 09:19:22.457 +0000",1761643162.456532,10.802679,106.665887,32.900000,5.000000,9.500000,7.150778,194.620148
"2025-10-28 09:19:23.443 +0000",1761643163.443457,10.802619,106.665871,32.900000,5.000000,9.500000,6.533444,194.620148
"2025-10-28 09:19:24.441 +0000",1761643164.441054,10.802562,106.665856,32.800000,5.000000,9.500000,6.327667,194.620148
"2025-10-28 09:19:25.447 +0000",1761643165.447049,10.802507,106.665842,32.700000,5.000000,9.500000,6.121889,194.620148
"2025-10-28 09:19:26.439 +0000",1761643166.439129,10.802454,106.665828,32.700000,5.000000,9.500000,6.019000,194.620148
"2025-10-28 09:19:27.464 +0000",1761643167.464297,10.802402,106.665814,32.600000,5.000000,9.500000,5.813222,194.737564
"2025-10-28 09:19:28.438 +0000",1761643168.438483,10.802352,106.665801,32.600000,5.000000,9.500000,5.401667,194.737564
"2025-10-28 09:19:29.447 +0000",1761643169.447083,10.802307,106.665789,32.500000,5.000000,9.500000,5.093000,194.737564
"2025-10-28 09:19:30.442 +0000",1761643170.442241,10.802263,106.665777,32.500000,5.000000,9.500000,4.835778,194.737564
"2025-10-28 09:19:31.463 +0000",1761643171.463210,10.802217,106.665782,32.500000,5.000000,9.500000,4.681444,194.737564
"2025-10-28 09:19:32.451 +0000",1761643172.450624,10.802179,106.665765,32.400000,5.000000,9.500000,4.475667,194.737564
"2025-10-28 09:19:33.442 +0000",1761643173.442369,10.802178,106.665727,32.300000,5.000000,9.500000,4.115556,245.341415
"2025-10-28 09:19:34.467 +0000",1761643174.466893,10.802164,106.665696,32.300000,5.000000,9.500000,3.909778,245.341415
"2025-10-28 09:19:35.560 +0000",1761643175.560418,10.802150,106.665665,32.300000,5.000000,9.500000,3.601111,245.341415
"2025-10-28 09:19:36.465 +0000",1761643176.464992,10.802151,106.665647,32.400000,5.000000,9.500000,3.549667,262.768799
"2025-10-28 09:19:37.459 +0000",1761643177.458674,10.802148,106.665618,32.300000,5.000000,9.500000,2.778000,262.768799
"2025-10-28 09:19:38.452 +0000",1761643178.452018,10.802145,106.665596,32.200000,5.000000,9.500000,2.263556,262.768799
"2025-10-28 09:19:39.464 +0000",1761643179.464265,10.802142,106.665576,32.300000,5.000000,9.500000,2.263556,262.768799
"2025-10-28 09:19:40.466 +0000",1761643180.465559,10.802148,106.665572,32.300000,5.000000,9.500000,2.160667,281.451630
"2025-10-28 09:19:41.461 +0000",1761643181.461098,10.802151,106.665554,32.300000,5.000000,9.500000,1.852000,281.451630
"2025-10-28 09:19:42.452 +0000",1761643182.451598,10.802154,106.665539,32.300000,5.000000,9.500000,1.491889,281.451630
"2025-10-28 09:19:43.435 +0000",1761643183.435208,10.802157,106.665526,32.300000,5.000000,9.500000,1.594778,281.451630
"2025-10-28 09:19:44.443 +0000",1761643184.442506,10.802160,106.665511,32.300000,5.000000,9.500000,1.800556,281.451630
"2025-10-28 09:19:45.464 +0000",1761643185.463770,10.802163,106.665495,32.300000,5.000000,9.500000,2.057778,281.451630
"2025-10-28 09:19:46.451 +0000",1761643186.451241,10.802167,106.665475,32.300000,5.000000,9.500000,2.829444,281.451630
"2025-10-28 09:19:47.463 +0000",1761643187.462814,10.802165,106.665457,32.300000,5.000000,9.500000,3.601111,300.944061
"2025-10-28 09:19:48.459 +0000",1761643188.459290,10.802159,106.665388,32.300000,5.000000,9.500000,4.321333,335.463074
"2025-10-28 09:19:49.463 +0000",1761643189.463308,10.802196,106.665371,32.300000,5.000000,9.500000,4.887222,335.463074
"2025-10-28 09:19:50.000 +0000",1761643189.999699,10.802196,106.665371,32.300000,5.000000,9.500000,5.248278,335.463074
"2025-10-28 09:19:50.466 +0000",1761643190.465631,10.802237,106.665352,32.200000,5.000000,9.500000,5.350222,335.463074
"2025-10-28 09:19:51.466 +0000",1761643191.465803,10.802287,106.665342,32.300000,5.000000,9.500000,5.916111,335.463074
"2025-10-28 09:19:52.468 +0000",1761643192.468184,10.802335,106.665313,32.300000,5.000000,9.500000,6.430556,335.463074
"2025-10-28 09:19:53.457 +0000",1761643193.456807,10.802388,106.665281,32.200000,5.000000,9.500000,6.996444,335.463074
"2025-10-28 09:19:54.449 +0000",1761643194.449039,10.802445,106.665248,32.300000,5.000000,9.500000,7.562333,335.463074
"2025-10-28 09:19:55.470 +0000",1761643195.470444,10.802508,106.665212,32.300000,5.000000,9.500000,8.282556,335.463074
"2025-10-28 09:19:56.000 +0000",1761643195.999699,10.802508,106.665212,32.300000,5.000000,9.500000,8.838607,335.463074
"2025-10-28 09:19:56.459 +0000",1761643196.458922,10.802575,106.665172,32.400000,5.000000,9.500000,9.054222,335.463074
"2025-10-28 09:19:57.449 +0000",1761643197.449185,10.802650,106.665131,32.400000,5.000000,9.500000,9.774444,335.463074
"2025-10-28 09:19:58.443 +0000",1761643198.442660,10.802731,106.665088,32.500000,5.000000,9.500000,10.134556,335.463074
"2025-10-28 09:19:59.433 +0000",1761643199.432591,10.802821,106.665074,32.500000,5.000000,9.500000,9.825889,341.140411
"2025-10-28 09:20:00.442 +0000",1761643200.442364,10.802903,106.665046,32.300000,5.000000,9.500000,9.105667,341.140411
"2025-10-28 09:20:01.445 +0000",1761643201.444671,10.802979,106.665019,32.300000,5.000000,9.500000,8.488333,341.140411
"2025-10-28 09:20:02.427 +0000",1761643202.427376,10.803049,106.664997,32.300000,5.000000,9.500000,8.231111,344.453033
"2025-10-28 09:20:03.425 +0000",1761643203.425483,10.803120,106.664977,32.400000,5.000000,9.500000,8.179667,344.453033
"2025-10-28 09:20:04.444 +0000",1761643204.443914,10.803191,106.664957,32.500000,5.000000,9.500000,8.025333,344.453033
"2025-10-28 09:20:05.444 +0000",1761643205.443895,10.803259,106.664938,32.300000,5.000000,9.500000,7.408000,344.453033
"2025-10-28 09:20:06.440 +0000",1761643206.439624,10.803322,106.664921,32.300000,10.000000,19.000000,6.945000,344.453033
"2025-10-28 09:20:07.444 +0000",1761643207.443942,10.803381,106.664904,32.300000,5.000000,9.500000,6.533444,344.453033
"2025-10-28 09:20:08.421 +0000",1761643208.420718,10.803436,106.664890,32.300000,10.000000,19.000000,6.379111,348.023621
"2025-10-28 09:20:09.429 +0000",1761643209.428776,10.803493,106.664878,32.400000,5.000000,9.500000,6.533444,348.023621
"2025-10-28 09:20:10.431 +0000",1761643210.430808,10.803551,106.664865,32.400000,10.000000,19.000000,6.584889,348.023621
"2025-10-28 09:20:11.000 +0000",1761643210.999708,10.803551,106.664865,32.400000,10.000000,19.000000,6.364792,348.023621
"2025-10-28 09:20:11.433 +0000",1761643211.432788,10.803609,106.664853,32.300000,5.000000,9.500000,6.379111,348.023621
"2025-10-28 09:20:12.441 +0000",1761643212.441312,10.803665,106.664841,32.300000,5.000000,9.500000,6.173333,348.023621
"2025-10-28 09:20:13.431 +0000",1761643213.431428,10.803718,106.664829,32.300000,5.000000,9.500000,5.967556,348.023621
"2025-10-28 09:20:14.432 +0000",1761643214.431748,10.803771,106.664818,32.400000,5.000000,9.500000,5.813222,348.023621
"2025-10-28 09:20:15.432 +0000",1761643215.431532,10.803823,106.664807,32.400000,10.000000,19.000000,5.761778,348.023621
"2025-10-28 09:20:16.432 +0000",1761643216.432187,10.803874,106.664796,32.400000,5.000000,9.500000,5.710333,347.855560
"2025-10-28 09:20:17.418 +0000",1761643217.418289,10.803925,106.664785,32.500000,5.000000,9.500000,5.864667,347.855560
"2025-10-28 09:20:18.401 +0000",1761643218.400638,10.803975,106.664757,32.500000,5.000000,9.500000,6.121889,347.855560
"2025-10-28 09:20:19.427 +0000",1761643219.426746,10.804028,106.664746,32.500000,5.000000,9.500000,5.710333,347.855560
"2025-10-28 09:20:20.429 +0000",1761643220.429229,10.804075,106.664737,32.300000,5.000000,9.500000,4.835778,347.855560
"2025-10-28 09:20:21.411 +0000",1761643221.410880,10.804115,106.664729,32.300000,5.000000,9.500000,4.321333,347.855560
"2025-10-28 09:20:22.407 +0000",1761643222.406530,10.804151,106.664722,32.400000,5.000000,9.500000,3.704000,347.855560
"2025-10-28 09:20:23.394 +0000",1761643223.393955,10.804182,106.664716,32.400000,5.000000,9.500000,3.241000,347.855560
"2025-10-28 09:20:24.383 +0000",1761643224.382789,10.804210,106.664710,32.500000,10.000000,19.000000,3.086667,347.855560
"2025-10-28 09:20:25.399 +0000",1761643225.398546,10.804239,106.664705,32.500000,10.000000,19.000000,3.395333,347.855560
"2025-10-28 09:20:26.445 +0000",1761643226.445192,10.804273,106.664697,32.600000,10.000000,19.000000,4.321333,348.165924
"2025-10-28 09:20:27.445 +0000",1761643227.445003,10.804312,106.664693,32.500000,5.000000,9.500000,4.115556,348.165924
"2025-10-28 09:20:28.448 +0000",1761643228.447593,10.804346,106.664687,32.500000,5.000000,9.500000,3.549667,348.165924
"2025-10-28 09:20:29.430 +0000",1761643229.430457,10.804375,106.664683,32.400000,5.000000,9.500000,2.932333,348.165924
"2025-10-28 09:20:30.415 +0000",1761643230.415218,10.804400,106.664678,32.400000,5.000000,9.500000,2.675111,348.165924
"2025-10-28 09:20:31.401 +0000",1761643231.401401,10.804425,106.664672,32.400000,5.000000,9.500000,2.880889,348.165924
"2025-10-28 09:20:32.425 +0000",1761643232.424916,10.804454,106.664667,32.500000,5.000000,9.500000,3.652556,348.165924
"2025-10-28 09:20:33.424 +0000",1761643233.423501,10.804487,106.664662,32.500000,5.000000,9.500000,3.652556,348.165924
"2025-10-28 09:20:34.422 +0000",1761643234.421863,10.804518,106.664654,32.500000,5.000000,9.500000,3.601111,350.816406
"2025-10-28 09:20:35.427 +0000",1761643235.426866,10.804548,106.664637,32.700000,5.000000,9.500000,3.806889,350.816406
"2025-10-28 09:20:36.000 +0000",1761643235.999743,10.804548,106.664637,32.700000,5.000000,9.500000,4.212043,316.388251
"2025-10-28 09:20:36.458 +0000",1761643236.458188,10.804580,106.664649,32.800000,5.000000,9.500000,4.167000,311.900000
"2025-10-28 09:20:37.465 +0000",1761643237.464743,10.804605,106.664638,32.800000,5.000000,9.500000,4.167000,300.500000
"2025-10-28 09:20:38.446 +0000",1761643238.445704,10.804676,106.664545,32.800000,5.000000,9.500000,3.909778,272.623322
"2025-10-28 09:20:39.451 +0000",1761643239.451119,10.804677,106.664510,32.900000,5.000000,9.500000,3.806889,272.623322
"2025-10-28 09:20:40.452 +0000",1761643240.451836,10.804679,106.664477,32.900000,5.000000,9.500000,3.498222,272.623322
"2025-10-28 09:20:41.000 +0000",1761643240.999751,10.804679,106.664477,32.900000,5.000000,9.500000,2.636213,272.623322
"2025-10-28 09:20:41.450 +0000",1761643241.450296,10.804680,106.664449,32.900000,5.000000,9.500000,2.572222,272.623322
"2025-10-28 09:20:42.449 +0000",1761643242.448525,10.804681,106.664430,32.800000,5.000000,9.500000,1.954889,272.623322
"2025-10-28 09:20:43.460 +0000",1761643243.459757,10.804682,106.664413,32.900000,8.435195,9.500000,1.903444,272.623322
"2025-10-28 09:20:44.457 +0000",1761643244.456996,10.804682,106.664396,32.800000,9.568741,9.500000,2.109222,272.623322
"2025-10-28 09:20:45.452 +0000",1761643245.451869,10.804683,106.664380,32.700000,11.048601,9.500000,2.417889,272.623322
"2025-10-28 09:20:46.453 +0000",1761643246.453484,10.804591,106.664277,32.700000,9.817603,9.500000,2.572222,192.802444
"2025-10-28 09:20:47.460 +0000",1761643247.460013,10.804569,106.664272,32.700000,8.797753,9.500000,2.778000,192.802444
"2025-10-28 09:20:48.461 +0000",1761643248.460670,10.804543,106.664266,32.700000,8.120447,9.500000,3.343889,192.802444
"2025-10-28 09:20:49.462 +0000",1761643249.462180,10.804511,106.664258,32.700000,5.000000,9.500000,3.806889,192.802444
"2025-10-28 09:20:50.000 +0000",1761643249.999766,10.804511,106.664258,32.700000,5.000000,9.500000,4.073299,192.802444
"2025-10-28 09:20:50.459 +0000",1761643250.459292,10.804477,106.664250,32.700000,5.000000,9.500000,3.961222,192.802444
"2025-10-28 09:20:51.451 +0000",1761643251.451272,10.804443,106.664243,32.600000,5.000000,9.500000,3.755444,192.802444
"2025-10-28 09:20:52.476 +0000",1761643252.476487,10.804408,106.664235,32.600000,5.000000,9.500000,4.115556,192.376038
"2025-10-28 09:20:53.468 +0000",1761643253.467919,10.804370,106.664227,32.600000,5.000000,9.500000,4.681444,192.376038
"2025-10-28 09:20:54.476 +0000",1761643254.475984,10.804324,106.664216,32.700000,5.000000,9.500000,5.350222,192.376038
"2025-10-28 09:20:55.472 +0000",1761643255.472397,10.804274,106.664205,32.700000,5.000000,9.500000,5.761778,192.376038
"2025-10-28 09:20:56.565 +0000",1761643256.565229,10.804224,106.664194,32.600000,5.000000,9.500000,5.556000,192.376038
"2025-10-28 09:20:57.465 +0000",1761643257.465368,10.804176,106.664184,32.600000,5.000000,9.500000,5.350222,192.376038
"2025-10-28 09:20:58.464 +0000",1761643258.464304,10.804138,106.664168,32.500000,5.000000,9.500000,5.247333,201.073517
"2025-10-28 09:20:59.458 +0000",1761643259.457988,10.804092,106.664150,32.500000,5.000000,9.500000,5.761778,201.073517
"2025-10-28 09:21:00.464 +0000",1761643260.464132,10.804039,106.664129,32.600000,5.000000,9.500000,6.584889,201.073517
"2025-10-28 09:21:01.465 +0000",1761643261.465339,10.803980,106.664106,32.500000,5.000000,9.500000,7.253667,201.073517
"2025-10-28 09:21:02.470 +0000",1761643262.469608,10.803917,106.664082,32.400000,5.000000,9.500000,7.665222,201.073517
"2025-10-28 09:21:03.475 +0000",1761643263.474976,10.803852,106.664057,32.300000,5.000000,9.500000,7.459444,200.896362
"2025-10-28 09:21:04.450 +0000",1761643264.449916,10.803791,106.664033,32.100000,5.000000,9.500000,7.099333,200.896362
"2025-10-28 09:21:05.467 +0000",1761643265.466561,10.803732,106.664010,32.000000,5.000000,9.500000,7.099333,201.268768
"2025-10-28 09:21:06.475 +0000",1761643266.474543,10.803670,106.663986,32.100000,5.000000,9.500000,7.510889,201.268768
"2025-10-28 09:21:07.465 +0000",1761643267.464910,10.803605,106.663960,31.900000,5.000000,9.500000,7.716667,201.268768
"2025-10-28 09:21:08.460 +0000",1761643268.460009,10.803541,106.663935,31.800000,5.000000,9.500000,7.356556,201.268768
"2025-10-28 09:21:09.464 +0000",1761643269.463952,10.803482,106.663912,31.700000,5.000000,9.500000,6.842111,201.268768
"2025-10-28 09:21:10.461 +0000",1761643270.461057,10.803425,106.663889,31.600000,5.000000,9.500000,6.533444,201.268768
"2025-10-28 09:21:11.450 +0000",1761643271.450153,10.803372,106.663868,31.500000,5.000000,9.500000,6.173333,201.268768
"2025-10-28 09:21:12.000 +0000",1761643271.999802,10.803372,106.663868,31.500000,5.000000,9.500000,6.133105,201.268768
"2025-10-28 09:21:12.460 +0000",1761643272.460439,10.803315,106.663861,31.500000,5.000000,9.500000,6.070444,201.268768
"2025-10-28 09:21:13.464 +0000",1761643273.463699,10.803266,106.663837,31.500000,5.000000,9.500000,5.864667,201.024353
"2025-10-28 09:21:14.458 +0000",1761643274.457895,10.803219,106.663814,31.400000,5.000000,9.500000,5.607444,201.024353
"2025-10-28 09:21:15.465 +0000",1761643275.464595,10.803175,106.663791,31.300000,5.000000,9.500000,5.298778,201.024353
"2025-10-28 09:21:16.464 +0000",1761643276.463533,10.803133,106.663769,31.300000,5.000000,9.500000,5.195889,204.670593
"2025-10-28 09:21:17.457 +0000",1761643277.456526,10.803092,106.663747,31.300000,5.000000,9.500000,5.041556,204.670593
"2025-10-28 09:21:18.484 +0000",1761643278.483660,10.803054,106.663725,31.300000,5.000000,9.500000,4.630000,204.670593
"2025-10-28 09:21:19.444 +0000",1761643279.443692,10.803018,106.663704,31.300000,5.000000,9.500000,4.475667,204.670593
"2025-10-28 09:21:20.451 +0000",1761643280.451040,10.802984,106.663683,31.300000,5.000000,9.500000,4.527111,204.670593
"2025-10-28 09:21:21.450 +0000",1761643281.450231,10.802948,106.663660,31.300000,5.000000,9.500000,4.475667,204.670593
"2025-10-28 09:21:22.460 +0000",1761643282.460122,10.802914,106.663639,31.200000,5.000000,9.500000,4.321333,204.670593
"2025-10-28 09:21:23.480 +0000",1761643283.479935,10.802873,106.663636,31.200000,5.000000,9.500000,4.269889,204.670593
"2025-10-28 09:21:24.451 +0000",1761643284.451471,10.802839,106.663620,31.200000,5.000000,9.500000,4.269889,204.670593
"2025-10-28 09:21:25.455 +0000",1761643285.455477,10.802808,106.663606,31.200000,5.000000,9.500000,3.961222,204.670593
"2025-10-28 09:21:26.464 +0000",1761643286.463870,10.802782,106.663594,31.100000,5.000000,9.500000,3.704000,248.000000
"2025-10-28 09:21:27.477 +0000",1761643287.476923,10.802767,106.663577,31.100000,5.000000,9.500000,3.446778,265.900000
"2025-10-28 09:21:28.464 +0000",1761643288.463611,10.802801,106.663475,31.000000,5.000000,9.500000,3.498222,308.658691
"2025-10-28 09:21:29.000 +0000",1761643288.999830,10.802801,106.663475,31.000000,5.000000,9.500000,4.097993,308.658691
"2025-10-28 09:21:29.462 +0000",1761643289.462356,10.802828,106.663455,31.200000,5.000000,9.500000,4.167000,308.658691
"2025-10-28 09:21:30.563 +0000",1761643290.562503,10.802853,106.663423,31.400000,5.000000,9.500000,5.093000,308.769104
"2025-10-28 09:21:31.469 +0000",1761643291.468567,10.802885,106.663383,31.600000,5.000000,9.500000,6.070444,308.769104
"2025-10-28 09:21:32.457 +0000",1761643292.457379,10.802922,106.663336,31.600000,5.000000,9.500000,7.047889,308.769104
"2025-10-28 09:21:33.475 +0000",1761643293.475074,10.802964,106.663283,31.700000,5.000000,9.500000,7.819556,308.769104
"2025-10-28 09:21:34.551 +0000",1761643294.551338,10.803011,106.663225,31.800000,5.000000,9.500000,8.591222,308.769104
"2025-10-28 09:21:35.551 +0000",1761643295.551104,10.803061,106.663161,32.100000,5.000000,9.500000,9.362889,308.769104
"2025-10-28 09:21:36.469 +0000",1761643296.468812,10.803116,106.663091,32.300000,5.000000,9.500000,9.980222,308.769104
"2025-10-28 09:21:37.491 +0000",1761643297.490584,10.803174,106.663019,32.300000,5.000000,9.500000,10.237444,308.769104
"2025-10-28 09:21:38.459 +0000",1761643298.459297,10.803219,106.662936,32.300000,5.000000,9.500000,10.083111,308.769104
"2025-10-28 09:21:39.448 +0000",1761643299.448139,10.803273,106.662867,32.100000,5.000000,9.500000,9.208556,308.769104
"2025-10-28 09:21:40.455 +0000",1761643300.455274,10.803324,106.662803,31.900000,5.000000,9.500000,8.694111,308.769104
"2025-10-28 09:21:41.467 +0000",1761643301.466721,10.803385,106.662753,31.800000,5.000000,9.500000,8.488333,308.769104
"2025-10-28 09:21:42.447 +0000",1761643302.446963,10.803434,106.662691,32.100000,5.000000,9.500000,8.694111,308.769104
"2025-10-28 09:21:43.448 +0000",1761643303.447785,10.803482,106.662630,32.100000,5.000000,9.500000,8.334000,308.769104
"2025-10-28 09:21:44.447 +0000",1761643304.446750,10.803530,106.662571,32.000000,5.000000,9.500000,8.231111,308.769104
"2025-10-28 09:21:45.446 +0000",1761643305.446175,10.803576,106.662513,31.900000,5.000000,9.500000,8.128222,308.769104
"2025-10-28 09:21:46.448 +0000",1761643306.447932,10.803609,106.662444,31.900000,5.000000,9.500000,8.179667,308.418579
"2025-10-28 09:21:47.450 +0000",1761643307.449610,10.803655,106.662385,31.900000,5.000000,9.500000,8.128222,308.418579
"2025-10-28 09:21:48.448 +0000",1761643308.448488,10.803701,106.662328,31.900000,5.000000,9.500000,7.819556,308.418579
"2025-10-28 09:21:49.449 +0000",1761643309.449420,10.803745,106.662274,31.700000,5.000000,9.500000,7.510889,308.418579
"2025-10-28 09:21:50.442 +0000",1761643310.442224,10.803788,106.662223,31.600000,5.000000,9.500000,7.150778,309.084625
"2025-10-28 09:21:51.458 +0000",1761643311.458150,10.803829,106.662173,31.600000,5.000000,9.500000,6.996444,309.084625
"2025-10-28 09:21:52.454 +0000",1761643312.454437,10.803868,106.662123,31.700000,5.000000,9.500000,6.893556,309.084625
"2025-10-28 09:21:53.469 +0000",1761643313.469301,10.803906,106.662074,31.700000,5.000000,9.500000,6.842111,309.084625
"2025-10-28 09:21:54.459 +0000",1761643314.459162,10.803899,106.661989,31.600000,5.000000,9.500000,6.687778,307.887238
"2025-10-28 09:21:55.459 +0000",1761643315.459272,10.803936,106.661942,31.600000,5.000000,9.500000,6.533444,307.887238
"2025-10-28 09:21:56.453 +0000",1761643316.453099,10.803972,106.661896,31.500000,5.000000,9.500000,6.121889,307.887238
"2025-10-28 09:21:57.471 +0000",1761643317.470762,10.804003,106.661854,31.400000,5.000000,9.500000,5.247333,307.887238
"2025-10-28 09:21:58.473 +0000",1761643318.473127,10.804030,106.661819,31.300000,5.000000,9.500000,4.475667,307.887238
"2025-10-28 09:21:59.471 +0000",1761643319.470807,10.804054,106.661789,31.300000,5.000000,9.500000,3.909778,307.887238
"2025-10-28 09:22:00.465 +0000",1761643320.465000,10.804074,106.661763,31.200000,5.000000,9.500000,3.343889,307.887238
"2025-10-28 09:22:01.463 +0000",1761643321.462715,10.804091,106.661740,31.100000,5.000000,9.500000,2.829444,307.887238
"2025-10-28 09:22:02.470 +0000",1761643322.470260,10.804106,106.661721,31.100000,5.000000,9.500000,2.417889,307.887238
"2025-10-28 09:22:03.466 +0000",1761643323.466145,10.804118,106.661705,31.000000,5.000000,9.500000,2.006333,307.887238
"2025-10-28 09:22:04.472 +0000",1761643324.472353,10.804128,106.661693,31.000000,5.000000,9.500000,1.389000,307.887238
"2025-10-28 09:22:05.470 +0000",1761643325.470339,10.804134,106.661684,30.900000,5.000000,9.500000,0.823111,307.887238
"2025-10-28 09:22:06.488 +0000",1761643326.487978,10.804138,106.661680,30.900000,5.000000,9.500000,0.360111,307.887238
"2025-10-28 09:22:07.467 +0000",1761643327.466701,10.804139,106.661678,30.800000,5.000000,9.500000,0.051444,307.887238
"2025-10-28 09:22:08.459 +0000",1761643328.459268,10.804139,106.661678,30.800000,5.000000,9.500000,0.000000,307.887238
"2025-10-28 09:22:09.451 +0000",1761643329.451195,10.804139,106.661678,30.800000,5.000000,9.500000,0.000000,307.887238
"2025-10-28 09:22:10.479 +0000",1761643330.479003,10.804139,106.661678,30.800000,5.000000,9.500000,0.000000,307.887238
"2025-10-28 09:22:11.453 +0000",1761643331.453417,10.804139,106.661678,30.800000,5.000000,9.500000,0.000000,307.887238
"2025-10-28 09:22:12.000 +0000",1761643331.999856,10.804139,106.661678,30.800000,5.000000,9.500000,0.000000,307.887238
"2025-10-28 09:22:12.452 +0000",1761643332.452406,10.804139,106.661678,30.800000,5.000000,9.500000,0.000000,307.887238
"2025-10-28 09:22:13.451 +0000",1761643333.451125,10.804139,106.661678,30.800000,5.000000,9.500000,0.000000,307.887238
"2025-10-28 09:22:14.467 +0000",1761643334.466921,10.804139,106.661678,30.800000,5.000000,9.500000,0.000000,307.887238
"2025-10-28 09:22:15.465 +0000",1761643335.465093,10.804139,106.661678,30.800000,5.000000,9.500000,0.000000,307.887238
"2025-10-28 09:22:16.468 +0000",1761643336.467706,10.804139,106.661678,30.800000,5.000000,9.500000,0.000000,307.887238
"2025-10-28 09:22:17.478 +0000",1761643337.477608,10.804139,106.661678,30.800000,5.000000,9.500000,0.000000,307.887238
"2025-10-28 09:22:18.458 +0000",1761643338.457957,10.804139,106.661678,30.800000,5.000000,9.500000,0.000000,307.887238
"2025-10-28 09:22:19.452 +0000",1761643339.451713,10.804139,106.661678,30.800000,5.000000,9.500000,0.000000,307.887238
"2025-10-28 09:22:20.457 +0000",1761643340.456914,10.804139,106.661678,30.800000,5.000000,9.500000,0.000000,307.887238
"2025-10-28 09:22:21.447 +0000",1761643341.447132,10.804139,106.661678,30.800000,5.000000,9.500000,0.000000,307.887238
"2025-10-28 09:22:22.457 +0000",1761643342.456650,10.804139,106.661678,30.800000,5.000000,9.500000,0.000000,307.887238
"2025-10-28 09:22:23.458 +0000",1761643343.457919,10.804139,106.661678,30.800000,5.000000,9.500000,0.000000,307.887238
"2025-10-28 09:22:24.471 +0000",1761643344.471219,10.804139,106.661678,30.800000,5.000000,9.500000,0.000000,307.887238
"2025-10-28 09:22:25.474 +0000",1761643345.473829,10.804139,106.661678,30.800000,5.000000,9.500000,0.000000,307.887238
"2025-10-28 09:22:26.466 +0000",1761643346.466294,10.804139,106.661678,30.800000,5.000000,9.500000,0.000000,307.887238
"2025-10-28 09:22:27.000 +0000",1761643346.999837,10.804139,106.661678,30.800000,5.000000,9.500000,0.000000,307.887238
"2025-10-28 09:22:27.485 +0000",1761643347.484962,10.804139,106.661678,30.800000,5.000000,9.500000,0.000000,307.887238
"2025-10-28 09:22:28.466 +0000",1761643348.465863,10.804139,106.661678,30.800000,5.000000,9.500000,0.000000,307.887238
"2025-10-28 09:22:29.467 +0000",1761643349.466707,10.804139,106.661678,30.800000,5.000000,9.500000,0.000000,307.887238
"2025-10-28 09:22:30.478 +0000",1761643350.478312,10.804139,106.661678,30.800000,5.000000,9.500000,0.000000,307.887238
"2025-10-28 09:22:31.465 +0000",1761643351.464776,10.804139,106.661678,30.800000,5.000000,9.500000,0.000000,307.887238
"2025-10-28 09:22:32.467 +0000",1761643352.467007,10.804139,106.661678,30.800000,5.000000,9.500000,0.000000,307.887238
"2025-10-28 09:22:33.000 +0000",1761643352.999836,10.804139,106.661678,30.800000,5.000000,9.500000,0.000000,307.887238
"2025-10-28 09:22:33.452 +0000",1761643353.452001,10.804139,106.661678,30.800000,5.000000,9.500000,0.000000,307.887238
"2025-10-28 09:22:34.454 +0000",1761643354.454314,10.804139,106.661678,30.800000,5.000000,9.500000,0.000000,307.887238
"2025-10-28 09:22:35.439 +0000",1761643355.439099,10.804139,106.661678,30.800000,5.000000,9.500000,0.000000,307.887238
"2025-10-28 09:22:36.449 +0000",1761643356.449031,10.804139,106.661678,30.800000,5.000000,9.500000,0.000000,307.887238
"2025-10-28 09:22:37.455 +0000",1761643357.455419,10.804139,106.661678,30.800000,5.000000,9.500000,0.000000,307.887238
"2025-10-28 09:22:38.456 +0000",1761643358.455978,10.804139,106.661678,30.800000,5.000000,9.500000,0.000000,307.887238
"2025-10-28 09:22:39.458 +0000",1761643359.457753,10.804139,106.661678,30.800000,5.000000,9.500000,0.000000,307.887238
"2025-10-28 09:22:40.453 +0000",1761643360.452723,10.804139,106.661678,30.800000,5.000000,9.500000,0.000000,307.887238
"2025-10-28 09:22:41.449 +0000",1761643361.448987,10.804139,106.661678,30.800000,5.000000,9.500000,0.000000,307.887238
"2025-10-28 09:22:42.454 +0000",1761643362.454025,10.804139,106.661678,30.800000,5.000000,9.500000,0.000000,307.887238
"2025-10-28 09:22:43.467 +0000",1761643363.467364,10.804139,106.661678,30.800000,5.000000,9.500000,0.000000,307.887238
"2025-10-28 09:22:44.461 +0000",1761643364.461112,10.804139,106.661678,30.800000,5.000000,9.500000,0.000000,307.887238
"2025-10-28 09:22:45.445 +0000",1761643365.445426,10.804139,106.661678,30.800000,5.000000,9.500000,0.000000,307.887238
"2025-10-28 09:22:46.455 +0000",1761643366.454914,10.804139,106.661678,30.800000,5.000000,9.500000,0.000000,307.887238
"2025-10-28 09:22:47.452 +0000",1761643367.451836,10.804139,106.661678,30.800000,5.000000,9.500000,0.000000,307.887238
"2025-10-28 09:22:48.000 +0000",1761643367.999835,10.804139,106.661678,30.800000,5.000000,9.500000,0.000000,307.887238
"2025-10-28 09:22:48.444 +0000",1761643368.443811,10.804139,106.661678,30.800000,5.000000,9.500000,0.000000,307.887238
"2025-10-28 09:22:49.466 +0000",1761643369.466043,10.804139,106.661678,30.800000,5.000000,9.500000,0.000000,307.887238
"2025-10-28 09:22:50.449 +0000",1761643370.448945,10.804140,106.661676,30.800000,5.000000,9.500000,0.514444,307.887238
"2025-10-28 09:22:51.445 +0000",1761643371.445369,10.804145,106.661670,30.700000,5.000000,9.500000,1.131778,307.887238
"2025-10-28 09:22:52.451 +0000",1761643372.450770,10.804154,106.661659,30.700000,5.000000,9.500000,2.006333,307.887238
"2025-10-28 09:22:53.450 +0000",1761643373.450265,10.804166,106.661644,30.600000,5.000000,9.500000,2.057778,307.887238
"2025-10-28 09:22:54.468 +0000",1761643374.468286,10.804177,106.661628,30.500000,5.000000,9.500000,2.160667,307.887238
"2025-10-28 09:22:55.468 +0000",1761643375.468488,10.804190,106.661611,30.500000,5.000000,9.500000,2.572222,307.887238
"2025-10-28 09:22:56.468 +0000",1761643376.468422,10.804205,106.661592,30.500000,5.000000,9.500000,2.778000,307.887238
"2025-10-28 09:22:57.458 +0000",1761643377.457704,10.804222,106.661570,30.500000,5.000000,9.500000,3.086667,307.887238
"2025-10-28 09:22:58.482 +0000",1761643378.481612,10.804240,106.661547,30.500000,5.000000,9.500000,3.395333,307.887238
"2025-10-28 09:22:59.476 +0000",1761643379.476471,10.804257,106.661522,30.400000,5.000000,9.500000,3.498222,305.644196
"2025-10-28 09:23:00.471 +0000",1761643380.471235,10.804274,106.661498,30.300000,5.000000,9.500000,2.983778,305.644196
"2025-10-28 09:23:01.446 +0000",1761643381.445768,10.804288,106.661478,30.100000,5.000000,9.500000,2.366444,305.521423
"2025-10-28 09:23:02.459 +0000",1761643382.458515,10.804301,106.661460,30.100000,5.000000,9.500000,2.366444,305.521423
"2025-10-28 09:23:03.462 +0000",1761643383.461640,10.804313,106.661443,30.000000,5.000000,9.500000,2.057778,305.521423
"2025-10-28 09:23:04.463 +0000",1761643384.462845,10.804324,106.661428,30.000000,5.000000,9.500000,2.006333,305.521423
"2025-10-28 09:23:05.443 +0000",1761643385.443221,10.804334,106.661413,30.000000,5.000000,9.500000,2.006333,305.521423
"2025-10-28 09:23:06.462 +0000",1761643386.462326,10.804344,106.661398,29.900000,5.000000,9.500000,1.800556,305.521423
"2025-10-28 09:23:07.445 +0000",1761643387.444970,10.804354,106.661384,29.800000,5.000000,9.500000,1.903444,305.521423
"2025-10-28 09:23:08.486 +0000",1761643388.485755,10.804364,106.661370,29.800000,5.000000,9.500000,1.749111,305.521423
"2025-10-28 09:23:09.463 +0000",1761643389.462648,10.804373,106.661358,29.800000,5.000000,9.500000,1.697667,305.521423
"2025-10-28 09:23:10.457 +0000",1761643390.457223,10.804383,106.661344,29.700000,5.000000,9.500000,2.057778,305.521423
"2025-10-28 09:23:11.479 +0000",1761643391.478605,10.804395,106.661327,29.700000,5.000000,9.500000,2.417889,305.521423
"2025-10-28 09:23:12.477 +0000",1761643392.476691,10.804403,106.661311,29.600000,5.000000,9.500000,2.520778,300.191132
"2025-10-28 09:23:13.000 +0000",1761643392.999846,10.804403,106.661311,29.600000,5.000000,9.500000,2.557046,300.191132
"2025-10-28 09:23:13.474 +0000",1761643393.473624,10.804414,106.661291,29.600000,5.000000,9.500000,2.469333,300.191132
"2025-10-28 09:23:14.451 +0000",1761643394.451161,10.804424,106.661274,29.600000,5.000000,9.500000,1.800556,300.191132
"2025-10-28 09:23:15.470 +0000",1761643395.470199,10.804431,106.661262,29.500000,5.000000,9.500000,1.131778,300.191132
"2025-10-28 09:23:16.488 +0000",1761643396.487855,10.804435,106.661255,29.500000,5.000000,9.500000,0.874556,300.191132
"2025-10-28 09:23:17.459 +0000",1761643397.459262,10.804439,106.661248,29.500000,5.000000,9.500000,0.874556,300.191132
"2025-10-28 09:23:18.469 +0000",1761643398.468750,10.804443,106.661241,29.500000,5.000000,9.500000,0.720222,300.191132
"2025-10-28 09:23:19.457 +0000",1761643399.457341,10.804446,106.661236,29.400000,5.000000,9.500000,0.617333,300.191132
"2025-10-28 09:23:20.453 +0000",1761643400.452793,10.804449,106.661231,29.400000,5.000000,9.500000,0.514444,300.191132
"2025-10-28 09:23:21.466 +0000",1761643401.466369,10.804451,106.661227,29.300000,5.000000,9.500000,0.411556,300.191132
"2025-10-28 09:23:22.460 +0000",1761643402.459528,10.804453,106.661223,29.300000,5.000000,9.500000,0.514444,300.191132
"2025-10-28 09:23:23.461 +0000",1761643403.461410,10.804456,106.661219,29.300000,5.000000,9.500000,0.565889,300.191132
"2025-10-28 09:23:24.458 +0000",1761643404.457947,10.804458,106.661214,29.300000,5.000000,9.500000,0.565889,300.191132
"2025-10-28 09:23:25.465 +0000",1761643405.465187,10.804461,106.661210,29.200000,5.000000,9.500000,0.463000,300.191132
"2025-10-28 09:23:26.467 +0000",1761643406.467178,10.804463,106.661206,29.200000,5.000000,9.500000,0.565889,300.191132
"2025-10-28 09:23:27.000 +0000",1761643406.999854,10.804463,106.661206,29.200000,5.000000,9.500000,0.756282,300.191132
"2025-10-28 09:23:27.465 +0000",1761643407.465429,10.804466,106.661200,29.200000,5.000000,9.500000,0.823111,300.191132
"2025-10-28 09:23:28.501 +0000",1761643408.501298,10.804472,106.661191,29.200000,5.000000,9.500000,1.594778,300.191132
"2025-10-28 09:23:29.476 +0000",1761643409.476005,10.804481,106.661174,29.200000,5.000000,9.500000,2.572222,300.191132
"2025-10-28 09:23:30.482 +0000",1761643410.481997,10.804496,106.661149,29.300000,5.000000,9.500000,3.704000,300.191132
"2025-10-28 09:23:31.469 +0000",1761643411.468686,10.804515,106.661117,29.300000,5.000000,9.500000,4.475667,300.191132
"2025-10-28 09:23:32.473 +0000",1761643412.473385,10.804536,106.661079,29.300000,5.000000,9.500000,5.093000,300.191132
"2025-10-28 09:23:33.000 +0000",1761643412.999857,10.804536,106.661079,29.300000,5.000000,9.500000,5.254950,300.191132
"2025-10-28 09:23:33.477 +0000",1761643413.476555,10.804549,106.661038,29.300000,5.000000,9.500000,5.195889,293.630157
"2025-10-28 09:23:34.474 +0000",1761643414.474315,10.804568,106.660995,29.300000,5.000000,9.500000,5.247333,293.630157
"2025-10-28 09:23:35.475 +0000",1761643415.474742,10.804588,106.660949,29.300000,5.000000,9.500000,5.710333,293.630157
"2025-10-28 09:23:36.472 +0000",1761643416.472365,10.804610,106.660898,29.400000,5.000000,9.500000,6.327667,293.630157
"2025-10-28 09:23:37.483 +0000",1761643417.483475,10.804634,106.660843,29.400000,5.000000,9.500000,6.842111,293.630157
"2025-10-28 09:23:38.468 +0000",1761643418.467632,10.804659,106.660783,29.400000,5.000000,9.500000,7.253667,293.630157
"2025-10-28 09:23:39.473 +0000",1761643419.473366,10.804686,106.660721,29.300000,5.000000,9.500000,7.459444,293.630157
"2025-10-28 09:23:40.466 +0000",1761643420.466155,10.804713,106.660660,29.100000,5.000000,9.500000,7.150778,293.630157
"2025-10-28 09:23:41.487 +0000",1761643421.487047,10.804738,106.660601,29.000000,5.000000,9.500000,6.739222,293.630157
"2025-10-28 09:23:42.474 +0000",1761643422.473551,10.804762,106.660547,29.000000,5.000000,9.500000,6.173333,293.639282
"2025-10-28 09:23:43.000 +0000",1761643423.000084,10.804762,106.660547,29.000000,5.000000,9.500000,5.950424,293.639282
"2025-10-28 09:23:43.472 +0000",1761643423.471962,10.804784,106.660496,29.000000,5.000000,9.500000,5.761778,293.639282
"2025-10-28 09:23:44.466 +0000",1761643424.465539,10.804804,106.660450,29.000000,5.000000,9.500000,5.401667,293.639282
"2025-10-28 09:23:45.487 +0000",1761643425.486963,10.804823,106.660406,29.000000,5.000000,9.500000,5.093000,293.639282
"2025-10-28 09:23:46.481 +0000",1761643426.480776,10.804841,106.660364,29.000000,5.000000,9.500000,4.887222,293.639282
"2025-10-28 09:23:47.469 +0000",1761643427.468626,10.804858,106.660324,29.000000,5.000000,9.500000,4.732889,293.639282
"2025-10-28 09:23:48.473 +0000",1761643428.472569,10.804875,106.660285,29.000000,5.000000,9.500000,4.475667,293.639282
"2025-10-28 09:23:49.465 +0000",1761643429.465089,10.804890,106.660249,28.900000,5.000000,9.500000,4.064111,293.639282
"2025-10-28 09:23:50.473 +0000",1761643430.473259,10.804920,106.660223,28.900000,5.000000,9.500000,3.858333,293.639282
"2025-10-28 09:23:51.477 +0000",1761643431.476869,10.804931,106.660189,29.000000,5.000000,9.500000,3.909778,289.382660
"2025-10-28 09:23:52.471 +0000",1761643432.471495,10.804944,106.660154,29.100000,5.000000,9.500000,4.321333,289.382660
"2025-10-28 09:23:53.467 +0000",1761643433.466683,10.804957,106.660113,29.200000,5.000000,9.500000,4.990111,289.382660
"2025-10-28 09:23:54.474 +0000",1761643434.474327,10.804971,106.660069,29.100000,5.000000,9.500000,4.887222,289.382660
"2025-10-28 09:23:55.486 +0000",1761643435.486312,10.804985,106.660028,29.100000,5.000000,9.500000,4.630000,289.382660
"2025-10-28 09:23:56.474 +0000",1761643436.473951,10.804998,106.659988,29.000000,5.000000,9.500000,4.527111,289.528931
"2025-10-28 09:23:57.474 +0000",1761643437.473583,10.805012,106.659947,29.100000,5.000000,9.500000,4.887222,289.528931
"2025-10-28 09:23:58.473 +0000",1761643438.473164,10.805026,106.659903,29.100000,5.000000,9.500000,5.350222,289.528931
"2025-10-28 09:23:59.484 +0000",1761643439.484394,10.805042,106.659853,29.100000,5.000000,9.500000,5.967556,289.528931
"2025-10-28 09:24:00.486 +0000",1761643440.485616,10.805058,106.659799,29.100000,5.000000,9.500000,6.430556,289.528931
"2025-10-28 09:24:01.484 +0000",1761643441.483674,10.805078,106.659741,29.000000,5.000000,9.500000,6.842111,289.528931
"2025-10-28 09:24:02.470 +0000",1761643442.470319,10.805098,106.659680,29.000000,5.000000,9.500000,7.099333,287.521881
"2025-10-28 09:24:03.483 +0000",1761643443.482937,10.805118,106.659616,29.000000,5.000000,9.500000,7.510889,287.521881
"2025-10-28 09:24:04.477 +0000",1761643444.477141,10.805140,106.659550,28.900000,5.000000,9.500000,7.768111,287.521881
"2025-10-28 09:24:05.474 +0000",1761643445.474384,10.805162,106.659480,28.800000,5.000000,9.500000,8.025333,287.521881
"2025-10-28 09:24:06.454 +0000",1761643446.454035,10.805183,106.659410,28.700000,5.000000,9.500000,8.128222,289.204590
"2025-10-28 09:24:07.462 +0000",1761643447.462212,10.805205,106.659338,28.800000,5.000000,9.500000,8.231111,287.200000
"2025-10-28 09:24:08.474 +0000",1761643448.474250,10.805228,106.659265,28.700000,5.000000,9.500000,8.334000,287.300000
"2025-10-28 09:24:09.468 +0000",1761643449.468105,10.805250,106.659193,28.800000,5.000000,9.500000,8.231111,287.400000
"2025-10-28 09:24:10.482 +0000",1761643450.481724,10.805272,106.659120,28.800000,5.000000,9.500000,8.282556,287.000000
"2025-10-28 09:24:11.471 +0000",1761643451.471234,10.805294,106.659048,28.800000,5.000000,9.500000,8.128222,286.400000
"2025-10-28 09:24:12.470 +0000",1761643452.470149,10.805314,106.658977,28.700000,5.000000,9.500000,7.819556,285.300000
"2025-10-28 09:24:13.485 +0000",1761643453.484671,10.805332,106.658909,28.700000,5.000000,9.500000,7.665222,284.100000
"2025-10-28 09:24:14.475 +0000",1761643454.474937,10.805348,106.658841,28.800000,5.000000,9.500000,7.459444,283.100000
"2025-10-28 09:24:15.485 +0000",1761643455.485443,10.805363,106.658774,28.800000,5.000000,9.500000,7.356556,282.300000
"2025-10-28 09:24:16.470 +0000",1761643456.469994,10.805376,106.658708,28.700000,5.000000,9.500000,7.408000,281.500000
"2025-10-28 09:24:17.471 +0000",1761643457.471419,10.805388,106.658641,28.600000,5.000000,9.500000,7.408000,280.800000
"2025-10-28 09:24:18.478 +0000",1761643458.478184,10.805401,106.658574,28.600000,5.000000,9.500000,7.408000,280.000000
"2025-10-28 09:24:19.487 +0000",1761643459.487183,10.805412,106.658506,28.600000,5.000000,9.500000,7.613778,278.600000
"2025-10-28 09:24:20.492 +0000",1761643460.491752,10.805422,106.658435,28.600000,5.000000,9.500000,7.973889,277.500000
"2025-10-28 09:24:21.494 +0000",1761643461.494232,10.805432,106.658361,28.600000,5.000000,9.500000,8.385444,276.900000
"2025-10-28 09:24:22.484 +0000",1761643462.484424,10.805441,106.658284,28.500000,5.000000,9.500000,8.539778,276.600000
"2025-10-28 09:24:23.466 +0000",1761643463.465946,10.805449,106.658207,28.300000,5.000000,9.500000,8.436889,276.600000
"2025-10-28 09:24:24.478 +0000",1761643464.478488,10.805458,106.658130,28.200000,5.000000,9.500000,8.282556,276.900000
"2025-10-28 09:24:25.475 +0000",1761643465.474527,10.805467,106.658056,28.100000,5.000000,9.500000,8.025333,277.200000
"2025-10-28 09:24:26.473 +0000",1761643466.472570,10.805476,106.657986,28.000000,5.000000,9.500000,7.356556,277.300000
"2025-10-28 09:24:27.474 +0000",1761643467.473708,10.805483,106.657923,27.800000,5.000000,9.500000,6.276222,277.100000
"2025-10-28 09:24:28.470 +0000",1761643468.469585,10.805490,106.657871,27.600000,5.000000,9.500000,5.144444,277.000000
"2025-10-28 09:24:29.485 +0000",1761643469.484750,10.805495,106.657827,27.600000,5.000000,9.500000,4.527111,277.100000
"2025-10-28 09:24:30.474 +0000",1761643470.474423,10.805500,106.657787,27.500000,5.000000,9.500000,3.909778,277.300000
"2025-10-28 09:24:31.460 +0000",1761643471.459590,10.805504,106.657755,27.600000,5.000000,9.500000,3.189556,277.400000
"2025-10-28 09:24:32.458 +0000",1761643472.457891,10.805508,106.657727,27.600000,5.000000,9.500000,2.983778,277.500000
"2025-10-28 09:24:33.476 +0000",1761643473.476237,10.805512,106.657699,27.600000,5.000000,9.500000,3.138111,277.700000
"2025-10-28 09:24:34.000 +0000",1761643473.999830,10.805512,106.657699,27.600000,5.000000,9.500000,3.649199,274.662076
"2025-10-28 09:24:34.471 +0000",1761643474.471050,10.805516,106.657668,27.600000,5.000000,9.500000,3.652556,277.700000
"2025-10-28 09:24:35.467 +0000",1761643475.466834,10.805521,106.657633,27.700000,5.000000,9.500000,4.064111,277.600000
"2025-10-28 09:24:36.000 +0000",1761643475.999827,10.805521,106.657633,27.700000,5.000000,9.500000,4.654710,276.879811
"2025-10-28 09:24:36.461 +0000",1761643476.460909,10.805526,106.657593,27.700000,5.000000,9.500000,4.630000,277.700000
"2025-10-28 09:24:37.479 +0000",1761643477.478519,10.805531,106.657549,27.600000,5.000000,9.500000,5.093000,277.600000
"2025-10-28 09:24:38.468 +0000",1761643478.467740,10.805537,106.657500,27.600000,5.000000,9.500000,5.658889,277.600000
"2025-10-28 09:24:39.472 +0000",1761643479.471690,10.805544,106.657446,27.600000,5.000000,9.500000,6.121889,277.600000
"2025-10-28 09:24:40.466 +0000",1761643480.466470,10.805551,106.657390,27.500000,5.000000,9.500000,6.121889,277.400000
"2025-10-28 09:24:41.466 +0000",1761643481.465541,10.805558,106.657336,27.400000,5.000000,9.500000,5.864667,277.600000
"2025-10-28 09:24:42.470 +0000",1761643482.469682,10.805564,106.657284,27.300000,5.000000,9.500000,5.607444,278.600000
"2025-10-28 09:24:43.473 +0000",1761643483.473171,10.805572,106.657234,27.300000,5.000000,9.500000,5.350222,280.200000
"2025-10-28 09:24:44.463 +0000",1761643484.463464,10.805581,106.657188,27.300000,5.000000,9.500000,5.041556,281.500000
"2025-10-28 09:24:45.447 +0000",1761643485.447467,10.805590,106.657143,27.300000,5.000000,9.500000,4.887222,281.300000
"2025-10-28 09:24:46.467 +0000",1761643486.467442,10.805599,106.657099,27.300000,5.000000,9.500000,4.938667,278.172363
"2025-10-28 09:24:47.473 +0000",1761643487.473074,10.805608,106.657053,27.300000,5.000000,9.500000,5.247333,281.600000
"2025-10-28 09:24:48.469 +0000",1761643488.469272,10.805619,106.657004,27.300000,5.000000,9.500000,5.453111,282.600000
"2025-10-28 09:24:49.468 +0000",1761643489.467660,10.805631,106.656954,27.300000,5.000000,9.500000,5.658889,282.700000
"2025-10-28 09:24:50.475 +0000",1761643490.474939,10.805642,106.656903,27.300000,5.000000,9.500000,5.658889,282.400000
"2025-10-28 09:24:51.473 +0000",1761643491.473242,10.805652,106.656854,27.100000,5.000000,9.500000,5.247333,285.140137
"2025-10-28 09:24:52.481 +0000",1761643492.481181,10.805662,106.656807,27.100000,5.000000,9.500000,5.093000,285.140137
"2025-10-28 09:24:53.479 +0000",1761643493.478839,10.805672,106.656758,27.200000,5.000000,9.500000,5.864667,285.140137
"2025-10-28 09:24:54.483 +0000",1761643494.482854,10.805702,106.656708,27.200000,5.000000,9.500000,6.224778,285.140137
"2025-10-28 09:24:55.487 +0000",1761643495.487161,10.805716,106.656654,27.100000,5.000000,9.500000,6.070444,285.140137
"2025-10-28 09:24:56.483 +0000",1761643496.483431,10.805731,106.656598,27.100000,5.000000,9.500000,6.533444,285.140137
"2025-10-28 09:24:57.475 +0000",1761643497.475322,10.805747,106.656538,27.100000,5.000000,9.500000,6.893556,285.140137
"2025-10-28 09:24:58.482 +0000",1761643498.481531,10.805764,106.656477,27.000000,5.000000,9.500000,6.893556,285.140137
"2025-10-28 09:24:59.000 +0000",1761643498.999812,10.805764,106.656477,27.000000,5.000000,9.500000,6.674262,285.140137
"2025-10-28 09:24:59.500 +0000",1761643499.499621,10.805780,106.656417,26.900000,5.000000,9.500000,6.636333,285.140137
"2025-10-28 09:25:00.488 +0000",1761643500.487702,10.805782,106.656355,26.800000,5.000000,9.500000,6.482000,285.140137
"2025-10-28 09:25:01.488 +0000",1761643501.487942,10.805799,106.656300,26.800000,5.000000,9.500000,6.327667,287.192902
"2025-10-28 09:25:02.476 +0000",1761643502.475704,10.805816,106.656245,26.700000,5.000000,9.500000,6.276222,287.534790
"2025-10-28 09:25:03.487 +0000",1761643503.486754,10.805834,106.656189,26.800000,5.000000,9.500000,6.482000,287.534790
"2025-10-28 09:25:04.474 +0000",1761643504.474015,10.805853,106.656131,26.800000,5.000000,9.500000,6.687778,287.534790
"2025-10-28 09:25:05.487 +0000",1761643505.486725,10.805872,106.656072,26.800000,5.000000,9.500000,6.790667,287.534790
"2025-10-28 09:25:06.488 +0000",1761643506.488093,10.805891,106.656014,26.700000,5.000000,9.500000,6.584889,287.534790
"2025-10-28 09:25:07.467 +0000",1761643507.467238,10.805909,106.655958,26.600000,5.000000,9.500000,6.224778,287.534790
"2025-10-28 09:25:08.484 +0000",1761643508.483760,10.805926,106.655907,26.500000,5.000000,9.500000,5.453111,287.534790
"2025-10-28 09:25:09.485 +0000",1761643509.485129,10.805940,106.655863,26.300000,5.000000,9.500000,4.578556,287.333771
"2025-10-28 09:25:10.486 +0000",1761643510.485594,10.805953,106.655824,26.400000,5.000000,9.500000,4.372778,287.333771
"2025-10-28 09:25:11.469 +0000",1761643511.468582,10.805965,106.655787,26.400000,5.000000,9.500000,4.321333,287.333771
"2025-10-28 09:25:12.493 +0000",1761643512.493239,10.805979,106.655746,26.600000,5.000000,9.500000,5.041556,287.333771
"2025-10-28 09:25:13.000 +0000",1761643512.999805,10.805979,106.655746,26.600000,5.000000,9.500000,5.650177,287.333771
"2025-10-28 09:25:13.488 +0000",1761643513.487982,10.805995,106.655698,26.600000,5.000000,9.500000,5.761778,287.333771
"2025-10-28 09:25:14.000 +0000",1761643513.999804,10.805995,106.655698,26.600000,5.000000,9.500000,6.253482,287.333771
"2025-10-28 09:25:14.490 +0000",1761643514.489620,10.806012,106.655646,26.600000,5.000000,9.500000,6.173333,287.333771
"2025-10-28 09:25:15.468 +0000",1761643515.467912,10.806029,106.655592,26.600000,5.000000,9.500000,6.276222,287.333771
"2025-10-28 09:25:16.488 +0000",1761643516.487732,10.806046,106.655536,26.500000,5.000000,9.500000,6.482000,287.333771
"2025-10-28 09:25:17.483 +0000",1761643517.482930,10.806065,106.655479,26.500000,5.000000,9.500000,6.584889,287.333771
"2025-10-28 09:25:18.487 +0000",1761643518.487391,10.806084,106.655421,26.400000,5.000000,9.500000,6.584889,284.592926
"2025-10-28 09:25:19.490 +0000",1761643519.490085,10.806103,106.655365,26.400000,5.000000,9.500000,6.379111,284.592926
"2025-10-28 09:25:20.486 +0000",1761643520.486309,10.806125,106.655311,26.400000,5.000000,9.500000,6.430556,286.118835
"2025-10-28 09:25:21.483 +0000",1761643521.482915,10.806152,106.655258,26.400000,5.000000,9.500000,6.533444,284.747894
"2025-10-28 09:25:22.488 +0000",1761643522.487868,10.806158,106.655201,26.400000,5.000000,9.500000,6.687778,284.747894
"2025-10-28 09:25:23.487 +0000",1761643523.487285,10.806171,106.655149,26.500000,5.000000,9.500000,6.790667,319.400000
"2025-10-28 09:25:24.477 +0000",1761643524.476527,10.806183,106.655102,26.600000,11.434495,9.500000,6.739222,328.600000
"2025-10-28 09:25:25.493 +0000",1761643525.492815,10.806338,106.655024,26.500000,8.669179,9.500000,6.687778,4.098966
"2025-10-28 09:25:26.485 +0000",1761643526.484703,10.806390,106.655079,26.500000,5.000000,9.500000,6.584889,344.900000
"2025-10-28 09:25:27.478 +0000",1761643527.477714,10.806447,106.655067,26.400000,5.000000,9.500000,6.327667,352.600000
"2025-10-28 09:25:28.478 +0000",1761643528.478380,10.806504,106.655062,26.400000,5.000000,9.500000,6.121889,358.800000
"2025-10-28 09:25:29.000 +0000",1761643528.999798,10.806504,106.655062,26.400000,5.000000,9.500000,6.522189,2.369394
"2025-10-28 09:25:29.494 +0000",1761643529.493617,10.806561,106.655063,26.500000,5.000000,9.500000,6.482000,2.300000
"2025-10-28 09:25:30.485 +0000",1761643530.484830,10.806623,106.655066,26.600000,5.000000,9.500000,7.150778,3.800000
"2025-10-28 09:25:31.494 +0000",1761643531.493894,10.806691,106.655071,26.700000,5.000000,9.500000,7.922444,4.300000
"2025-10-28 09:25:32.478 +0000",1761643532.478153,10.806765,106.655077,26.800000,5.000000,9.500000,8.488333,4.800000
"2025-10-28 09:25:33.479 +0000",1761643533.478627,10.806844,106.655084,27.000000,5.000000,9.500000,8.848444,5.300000
"2025-10-28 09:25:34.482 +0000",1761643534.482407,10.806926,106.655091,27.200000,5.000000,9.500000,9.311444,5.300000
"2025-10-28 09:25:35.484 +0000",1761643535.483709,10.807011,106.655099,27.500000,5.000000,9.500000,9.620111,5.200000
"2025-10-28 09:25:36.484 +0000",1761643536.483862,10.807098,106.655107,27.800000,5.000000,9.500000,9.517222,5.000000
"2025-10-28 09:25:37.471 +0000",1761643537.470904,10.807183,106.655114,27.900000,5.000000,9.500000,9.260000,4.800000
"2025-10-28 09:25:38.469 +0000",1761643538.469238,10.807266,106.655121,28.200000,5.000000,9.500000,9.208556,4.700000
"2025-10-28 09:25:39.488 +0000",1761643539.487725,10.807349,106.655128,28.500000,5.000000,9.500000,9.260000,4.700000
"2025-10-28 09:25:40.489 +0000",1761643540.488909,10.807434,106.655135,28.900000,5.000000,9.500000,9.517222,4.800000
"2025-10-28 09:25:41.469 +0000",1761643541.468606,10.807520,106.655142,29.300000,5.000000,9.500000,9.568667,4.900000
"2025-10-28 09:25:42.491 +0000",1761643542.490954,10.807607,106.655150,29.600000,5.000000,9.500000,9.723000,5.100000
"2025-10-28 09:25:43.487 +0000",1761643543.487408,10.807695,106.655157,30.000000,5.000000,9.500000,9.774444,5.100000
"2025-10-28 09:25:44.474 +0000",1761643544.473978,10.807782,106.655165,30.300000,5.000000,9.500000,9.517222,5.100000
"2025-10-28 09:25:45.467 +0000",1761643545.467045,10.807866,106.655173,30.600000,5.000000,9.500000,9.002778,4.700000
"2025-10-28 09:25:46.468 +0000",1761643546.468092,10.807946,106.655179,31.000000,5.000000,9.500000,8.797000,4.500000
"2025-10-28 09:25:47.447 +0000",1761643547.447246,10.808026,106.655186,31.400000,5.000000,9.500000,8.642667,4.700000
"2025-10-28 09:25:48.440 +0000",1761643548.440479,10.808104,106.655192,31.800000,5.000000,9.500000,8.539778,4.600000
"2025-10-28 09:25:49.448 +0000",1761643549.448448,10.808179,106.655197,32.100000,5.000000,9.500000,8.179667,1.600000
"2025-10-28 09:25:50.451 +0000",1761643550.451168,10.808253,106.655195,32.400000,5.000000,9.500000,8.076778,355.500000
"2025-10-28 09:25:51.463 +0000",1761643551.463173,10.808325,106.655185,32.700000,5.000000,9.500000,8.076778,348.400000
"2025-10-28 09:25:52.454 +0000",1761643552.454334,10.808396,106.655166,33.100000,5.000000,9.500000,8.179667,341.900000
"2025-10-28 09:25:53.469 +0000",1761643553.468685,10.808466,106.655137,33.400000,5.000000,9.500000,8.385444,333.800000
"2025-10-28 09:25:54.458 +0000",1761643554.458365,10.808533,106.655098,33.800000,5.000000,9.500000,8.642667,325.500000
"2025-10-28 09:25:55.471 +0000",1761643555.470652,10.808596,106.655049,34.300000,5.000000,9.500000,8.951333,319.300000
"2025-10-28 09:25:56.484 +0000",1761643556.483516,10.808654,106.654990,34.700000,5.000000,9.500000,9.208556,311.300000
"2025-10-28 09:25:57.000 +0000",1761643556.999686,10.808654,106.654990,34.700000,5.000000,9.500000,9.547440,304.988059
"2025-10-28 09:25:57.471 +0000",1761643557.470739,10.808719,106.654932,35.000000,5.000000,9.500000,9.517222,310.046234
"2025-10-28 09:25:58.452 +0000",1761643558.451857,10.808773,106.654858,35.300000,5.000000,9.500000,9.877333,300.664978
"2025-10-28 09:25:59.468 +0000",1761643559.467769,10.808819,106.654773,35.500000,5.000000,9.500000,9.980222,291.545502
"2025-10-28 09:26:00.485 +0000",1761643560.484720,10.808850,106.654675,35.600000,5.000000,9.500000,10.237444,279.755463
"2025-10-28 09:26:01.470 +0000",1761643561.469612,10.808865,106.654576,35.600000,5.000000,9.500000,10.546111,275.171417
"2025-10-28 09:26:02.471 +0000",1761643562.470984,10.808874,106.654476,35.400000,5.000000,9.500000,11.163444,275.171417
"2025-10-28 09:26:03.478 +0000",1761643563.477597,10.808883,106.654373,35.400000,5.000000,9.500000,11.369222,275.171417
"2025-10-28 09:26:04.470 +0000",1761643564.469751,10.808892,106.654272,35.300000,5.000000,9.500000,10.854778,275.171417
"2025-10-28 09:26:05.475 +0000",1761643565.475181,10.808901,106.654174,35.200000,5.000000,9.500000,10.546111,275.171417
"2025-10-28 09:26:06.481 +0000",1761643566.480782,10.808910,106.654077,35.100000,5.000000,9.500000,10.751889,275.171417
"2025-10-28 09:26:07.470 +0000",1761643567.470058,10.808918,106.653976,35.200000,5.000000,9.500000,11.009111,273.959900
"2025-10-28 09:26:08.478 +0000",1761643568.477578,10.808925,106.653873,35.200000,5.000000,9.500000,11.420667,273.959900
"2025-10-28 09:26:09.469 +0000",1761643569.468896,10.808932,106.653769,35.100000,5.000000,9.500000,11.317778,273.959900
"2025-10-28 09:26:10.492 +0000",1761643570.492076,10.808939,106.653666,34.900000,5.000000,9.500000,11.163444,273.921875
"2025-10-28 09:26:11.481 +0000",1761643571.480682,10.808946,106.653565,34.800000,5.000000,9.500000,10.957667,273.921875
"2025-10-28 09:26:12.482 +0000",1761643572.481810,10.808953,106.653465,34.700000,5.000000,9.500000,10.906222,273.921875
"2025-10-28 09:26:13.485 +0000",1761643573.484965,10.808960,106.653365,34.700000,5.000000,9.500000,10.854778,273.921875
"2025-10-28 09:26:14.484 +0000",1761643574.483923,10.808966,106.653266,34.600000,5.000000,9.500000,10.803333,273.921875
"2025-10-28 09:26:15.000 +0000",1761643574.999658,10.808966,106.653266,34.600000,5.000000,9.500000,11.190327,273.921875
"2025-10-28 09:26:15.489 +0000",1761643575.488511,10.808973,106.653165,34.600000,5.000000,9.500000,11.112000,273.921875
"2025-10-28 09:26:16.471 +0000",1761643576.470953,10.808980,106.653062,34.600000,5.000000,9.500000,11.472111,273.921875
"2025-10-28 09:26:17.491 +0000",1761643577.491390,10.808987,106.652956,34.600000,5.000000,9.500000,11.677889,273.921875
"2025-10-28 09:26:18.491 +0000",1761643578.490641,10.808995,106.652849,34.500000,5.000000,9.500000,11.677889,273.789581
"2025-10-28 09:26:19.482 +0000",1761643579.482146,10.809001,106.652742,34.300000,5.000000,9.500000,11.626444,273.789581
"2025-10-28 09:26:20.494 +0000",1761643580.494163,10.809008,106.652636,34.300000,5.000000,9.500000,11.626444,273.789581
"2025-10-28 09:26:21.485 +0000",1761643581.485081,10.809016,106.652529,34.200000,5.000000,9.500000,11.626444,273.926147
"2025-10-28 09:26:22.488 +0000",1761643582.487859,10.809023,106.652422,34.100000,5.000000,9.500000,11.729333,273.926239
"2025-10-28 09:26:23.485 +0000",1761643583.484512,10.809030,106.652314,34.000000,5.000000,9.500000,11.780778,273.926239
"2025-10-28 09:26:24.482 +0000",1761643584.481625,10.809037,106.652207,33.900000,5.000000,9.500000,11.626444,273.829559
"2025-10-28 09:26:25.490 +0000",1761643585.489918,10.809044,106.652102,33.800000,5.000000,9.500000,11.369222,273.829559
"2025-10-28 09:26:26.488 +0000",1761643586.488125,10.809051,106.651999,33.700000,5.000000,9.500000,11.009111,273.829559
"2025-10-28 09:26:27.501 +0000",1761643587.501346,10.809058,106.651900,33.700000,5.000000,9.500000,10.751889,273.829559
"2025-10-28 09:26:28.489 +0000",1761643588.489493,10.809064,106.651803,33.600000,5.000000,9.500000,10.443222,273.829559
"2025-10-28 09:26:29.475 +0000",1761643589.475259,10.809067,106.651705,33.500000,5.000000,9.500000,10.391778,270.865906
"2025-10-28 09:26:30.511 +0000",1761643590.511142,10.809069,106.651610,33.500000,5.000000,9.500000,10.288889,270.865906
"2025-10-28 09:26:31.488 +0000",1761643591.488421,10.809070,106.651515,33.400000,5.000000,9.500000,10.391778,270.865906
"2025-10-28 09:26:32.483 +0000",1761643592.483003,10.809072,106.651418,33.500000,5.000000,9.500000,10.597556,270.865906
"2025-10-28 09:26:33.482 +0000",1761643593.482087,10.809073,106.651319,33.500000,5.000000,9.500000,10.957667,270.865906
"2025-10-28 09:26:34.486 +0000",1761643594.486176,10.809075,106.651217,33.600000,5.000000,9.500000,11.317778,270.865906
"2025-10-28 09:26:35.499 +0000",1761643595.498826,10.809078,106.651116,33.600000,5.000000,9.500000,11.163444,274.110229
"2025-10-28 09:26:36.477 +0000",1761643596.477310,10.809086,106.651014,33.500000,5.000000,9.500000,10.957667,274.110229
"2025-10-28 09:26:37.476 +0000",1761643597.475654,10.809093,106.650915,33.400000,5.000000,9.500000,10.803333,274.110229
"2025-10-28 09:26:38.476 +0000",1761643598.476207,10.809100,106.650817,33.300000,5.000000,9.500000,10.649000,274.110229
"2025-10-28 09:26:39.489 +0000",1761643599.488597,10.809106,106.650720,33.200000,5.000000,9.500000,10.443222,274.110229
"2025-10-28 09:26:40.499 +0000",1761643600.499399,10.809116,106.650629,33.100000,5.000000,9.500000,10.340333,278.200775
"2025-10-28 09:26:41.486 +0000",1761643601.485914,10.809129,106.650535,33.200000,5.000000,9.500000,10.288889,278.200775
"2025-10-28 09:26:42.471 +0000",1761643602.470542,10.809143,106.650441,33.200000,5.000000,9.500000,10.391778,278.200775
"2025-10-28 09:26:43.483 +0000",1761643603.482684,10.809156,106.650346,33.100000,5.000000,9.500000,10.443222,278.200775
"2025-10-28 09:26:44.483 +0000",1761643604.483121,10.809170,106.650251,33.100000,5.000000,9.500000,10.494667,278.200775
"2025-10-28 09:26:45.489 +0000",1761643605.489135,10.809188,106.650161,33.100000,5.000000,9.500000,10.494667,283.575317
"2025-10-28 09:26:46.475 +0000",1761643606.474871,10.809211,106.650067,33.100000,5.000000,9.500000,10.546111,283.575317
"2025-10-28 09:26:47.484 +0000",1761643607.483954,10.809233,106.649973,33.000000,5.000000,9.500000,10.597556,283.575317
"2025-10-28 09:26:48.488 +0000",1761643608.488356,10.809256,106.649877,33.100000,5.000000,9.500000,10.906222,283.575317
"2025-10-28 09:26:49.484 +0000",1761643609.483862,10.809279,106.649779,33.000000,5.000000,9.500000,11.009111,283.575317
"2025-10-28 09:26:50.494 +0000",1761643610.494476,10.809303,106.649681,33.000000,5.000000,9.500000,10.751889,283.575317
"2025-10-28 09:26:51.475 +0000",1761643611.475162,10.809325,106.649587,32.900000,5.000000,9.500000,10.391778,283.575317
"2025-10-28 09:34:15.468 +0000",1761644055.467565,10.807977,106.634616,17.900000,5.000000,9.500000,0.000000,335.283356
"2025-10-28 09:34:16.466 +0000",1761644056.466131,10.807977,106.634616,17.900000,5.000000,9.500000,0.000000,335.283356
"2025-10-28 09:34:17.456 +0000",1761644057.455595,10.807977,106.634616,17.900000,5.000000,9.500000,0.000000,335.283356
"2025-10-28 09:34:18.461 +0000",1761644058.460537,10.807977,106.634616,17.900000,5.000000,9.500000,0.000000,335.283356
"2025-10-28 09:34:18.999 +0000",1761644058.999314,10.807977,106.634616,17.900000,5.000000,9.500000,0.000000,335.283356
"2025-10-28 09:34:19.468 +0000",1761644059.468132,10.807977,106.634616,17.900000,5.000000,9.500000,0.000000,335.283356
"2025-10-28 09:34:20.451 +0000",1761644060.451396,10.807977,106.634616,17.900000,5.000000,9.500000,0.000000,335.283356
"2025-10-28 09:34:21.454 +0000",1761644061.453512,10.807977,106.634616,17.900000,5.000000,9.500000,0.000000,335.283356
"2025-10-28 09:34:22.452 +0000",1761644062.451983,10.807977,106.634616,17.900000,5.000000,9.500000,0.000000,335.283356
"2025-10-28 09:34:23.456 +0000",1761644063.455864,10.807978,106.634616,17.900000,5.000000,9.500000,0.102889,335.283356
"2025-10-28 09:34:24.462 +0000",1761644064.461678,10.807980,106.634615,17.800000,5.000000,9.500000,0.257222,335.283356
"2025-10-28 09:34:25.447 +0000",1761644065.446714,10.807987,106.634630,17.800000,5.000000,9.500000,0.000000,335.283356
"2025-10-28 09:34:26.452 +0000",1761644066.451895,10.807987,106.634630,17.800000,5.000000,9.500000,0.000000,335.283356
"2025-10-28 09:34:27.451 +0000",1761644067.450751,10.807990,106.634629,17.700000,5.000000,9.500000,0.668778,335.283356
"2025-10-28 09:34:28.452 +0000",1761644068.451868,10.807997,106.634625,17.700000,5.000000,9.500000,1.183222,335.380188
"2025-10-28 09:34:29.450 +0000",1761644069.449963,10.808010,106.634619,17.700000,5.000000,9.500000,1.852000,335.380188
"2025-10-28 09:34:30.449 +0000",1761644070.449300,10.808028,106.634611,17.700000,5.000000,9.500000,2.366444,335.380188
"2025-10-28 09:34:31.457 +0000",1761644071.456830,10.808049,106.634601,17.700000,5.000000,9.500000,2.675111,335.380188
"2025-10-28 09:34:32.440 +0000",1761644072.439633,10.808066,106.634575,17.700000,5.000000,9.500000,2.932333,335.380188
"2025-10-28 09:34:33.446 +0000",1761644073.445877,10.808090,106.634566,17.700000,5.000000,9.500000,2.829444,335.380188
"2025-10-28 09:34:34.440 +0000",1761644074.439561,10.808112,106.634556,17.600000,5.000000,9.500000,2.469333,338.284241
"2025-10-28 09:34:35.445 +0000",1761644075.444590,10.808132,106.634549,17.600000,5.000000,9.500000,2.315000,338.284241
"2025-10-28 09:34:36.443 +0000",1761644076.442538,10.808153,106.634541,17.600000,5.000000,9.500000,2.417889,338.284241
"2025-10-28 09:34:37.435 +0000",1761644077.434520,10.808172,106.634533,17.600000,5.000000,9.500000,2.315000,338.284241
"2025-10-28 09:34:38.454 +0000",1761644078.454363,10.808192,106.634525,17.600000,5.000000,9.500000,2.263556,338.284241
"2025-10-28 09:34:39.446 +0000",1761644079.445840,10.808212,106.634518,17.600000,5.000000,9.500000,2.417889,338.284241
"2025-10-28 09:34:40.439 +0000",1761644080.439318,10.808229,106.634511,17.600000,5.000000,9.500000,1.749111,338.616302
"2025-10-28 09:34:41.436 +0000",1761644081.436446,10.808242,106.634505,17.500000,5.000000,9.500000,1.389000,338.616302
"2025-10-28 09:34:42.450 +0000",1761644082.450449,10.808253,106.634501,17.600000,5.000000,9.500000,1.080333,338.616302
"2025-10-28 09:34:43.446 +0000",1761644083.446070,10.808259,106.634498,17.500000,5.000000,9.500000,0.411556,338.616302
"2025-10-28 09:34:44.453 +0000",1761644084.452513,10.808260,106.634498,17.500000,5.000000,9.500000,0.000000,338.616302
"2025-10-28 09:34:45.452 +0000",1761644085.451771,10.808260,106.634497,17.500000,5.000000,9.500000,0.000000,338.616302
"2025-10-28 09:34:46.460 +0000",1761644086.460188,10.808260,106.634497,17.500000,5.000000,9.500000,0.000000,338.616302
"2025-10-28 09:34:47.456 +0000",1761644087.456378,10.808260,106.634497,17.500000,5.000000,9.500000,0.000000,338.616302
"2025-10-28 09:34:48.467 +0000",1761644088.467284,10.808260,106.634497,17.500000,5.000000,9.500000,0.000000,338.616302
"2025-10-28 09:34:49.457 +0000",1761644089.456687,10.808260,106.634497,17.500000,5.000000,9.500000,0.000000,338.616302
"2025-10-28 09:34:50.463 +0000",1761644090.462592,10.808260,106.634497,17.500000,5.000000,9.500000,0.000000,338.616302
"2025-10-28 09:34:51.461 +0000",1761644091.460824,10.808260,106.634497,17.500000,5.000000,9.500000,0.000000,338.616302
"2025-10-28 09:34:52.454 +0000",1761644092.453566,10.808260,106.634497,17.500000,5.000000,9.500000,0.000000,338.616302
"2025-10-28 09:34:53.458 +0000",1761644093.458109,10.808260,106.634497,17.500000,5.000000,9.500000,0.000000,338.616302
"2025-10-28 09:34:54.453 +0000",1761644094.453307,10.808260,106.634497,17.500000,5.000000,9.500000,0.000000,338.616302
"2025-10-28 09:34:55.461 +0000",1761644095.461477,10.808260,106.634497,17.500000,5.000000,9.500000,0.000000,338.616302
"2025-10-28 09:34:56.458 +0000",1761644096.457684,10.808260,106.634497,17.500000,5.000000,9.500000,0.000000,338.616302
"2025-10-28 09:34:57.455 +0000",1761644097.454659,10.808260,106.634497,17.500000,5.000000,9.500000,0.000000,338.616302
"2025-10-28 09:34:58.479 +0000",1761644098.479144,10.808260,106.634497,17.500000,5.000000,9.500000,0.000000,338.616302
"2025-10-28 09:34:59.451 +0000",1761644099.450504,10.808260,106.634497,17.500000,5.000000,9.500000,0.000000,338.616302
"2025-10-28 09:35:00.444 +0000",1761644100.444441,10.808262,106.634496,17.500000,5.000000,9.500000,0.617333,338.616302
"2025-10-28 09:35:01.462 +0000",1761644101.461785,10.808269,106.634494,17.500000,5.000000,9.500000,1.028889,338.616302
"2025-10-28 09:35:02.457 +0000",1761644102.456839,10.808279,106.634490,17.500000,5.000000,9.500000,1.389000,338.616302
"2025-10-28 09:35:03.000 +0000",1761644102.999758,10.808279,106.634490,17.500000,5.000000,9.500000,1.613822,338.616302
"2025-10-28 09:35:03.440 +0000",1761644103.440068,10.808291,106.634485,17.400000,5.000000,9.500000,1.543333,338.616302
"2025-10-28 09:35:04.455 +0000",1761644104.455349,10.808306,106.634480,17.400000,5.000000,9.500000,1.903444,338.616302
"2025-10-28 09:35:05.459 +0000",1761644105.458593,10.808325,106.634473,17.400000,5.000000,9.500000,2.366444,338.175415
"2025-10-28 09:35:06.463 +0000",1761644106.462737,10.808345,106.634466,17.400000,5.000000,9.500000,2.263556,338.175415
"2025-10-28 09:35:07.463 +0000",1761644107.463278,10.808364,106.634459,17.400000,5.000000,9.500000,2.109222,338.175415
"2025-10-28 09:35:08.461 +0000",1761644108.461064,10.808380,106.634454,17.400000,5.000000,9.500000,1.543333,338.175415
"2025-10-28 09:35:09.464 +0000",1761644109.464286,10.808391,106.634450,17.400000,5.000000,9.500000,1.131778,338.175415
"2025-10-28 09:35:10.465 +0000",1761644110.465073,10.808399,106.634447,17.400000,5.000000,9.500000,0.668778,338.175415
"2025-10-28 09:35:11.463 +0000",1761644111.463250,10.808403,106.634445,17.300000,5.000000,9.500000,0.360111,338.175415
"2025-10-28 09:35:12.458 +0000",1761644112.457703,10.808406,106.634444,17.400000,5.000000,9.500000,0.463000,338.175415
"2025-10-28 09:35:13.456 +0000",1761644113.456278,10.808409,106.634443,17.300000,5.000000,9.500000,0.154333,338.175415
"2025-10-28 09:35:14.459 +0000",1761644114.458741,10.808409,106.634443,17.300000,5.000000,9.500000,0.000000,338.175415
"2025-10-28 09:35:15.471 +0000",1761644115.470896,10.808409,106.634443,17.300000,5.000000,9.500000,0.000000,338.175415
"2025-10-28 09:35:16.473 +0000",1761644116.473177,10.808409,106.634443,17.300000,5.000000,9.500000,0.000000,338.175415
"2025-10-28 09:35:17.518 +0000",1761644117.518387,10.808409,106.634443,17.300000,5.000000,9.500000,0.000000,338.175415
"2025-10-28 09:35:18.000 +0000",1761644117.999862,10.808409,106.634443,17.300000,5.000000,9.500000,0.000000,338.175415
"2025-10-28 09:35:18.464 +0000",1761644118.464165,10.808409,106.634443,17.300000,5.000000,9.500000,0.000000,338.175415
"2025-10-28 09:35:23.465 +0000",1761644123.465427,10.808409,106.634443,17.300000,5.000000,9.500000,0.000000,338.175415
"2025-10-28 09:35:24.468 +0000",1761644124.468330,10.808409,106.634443,17.300000,5.000000,9.500000,0.000000,338.175415
"2025-10-28 09:35:25.456 +0000",1761644125.456241,10.808410,106.634442,17.300000,5.000000,9.500000,0.154333,338.175415
"2025-10-28 09:35:26.466 +0000",1761644126.465786,10.808414,106.634441,17.300000,5.000000,9.500000,0.720222,338.175415
"2025-10-28 09:35:27.465 +0000",1761644127.465167,10.808422,106.634438,17.300000,5.000000,9.500000,1.131778,338.175415
"2025-10-28 09:35:28.452 +0000",1761644128.451821,10.808432,106.634435,17.300000,5.000000,9.500000,1.234667,341.495605
"2025-10-28 09:35:29.464 +0000",1761644129.464170,10.808442,106.634432,17.300000,5.000000,9.500000,0.874556,341.495605
"2025-10-28 09:35:30.489 +0000",1761644130.488810,10.808447,106.634430,17.300000,5.000000,9.500000,0.411556,341.495605
"2025-10-28 09:35:31.457 +0000",1761644131.456949,10.808450,106.634429,17.300000,5.000000,9.500000,0.051444,341.495605
"2025-10-28 09:35:32.456 +0000",1761644132.455547,10.808450,106.634429,17.300000,5.000000,9.500000,0.000000,341.495605
"2025-10-28 09:35:33.481 +0000",1761644133.480526,10.808450,106.634429,17.300000,5.000000,9.500000,0.000000,341.495605
"2025-10-28 09:35:34.468 +0000",1761644134.467683,10.808450,106.634429,17.300000,5.000000,9.500000,0.154333,341.495605
"2025-10-28 09:35:35.461 +0000",1761644135.461192,10.808453,106.634428,17.300000,5.000000,9.500000,0.205778,341.495605
"2025-10-28 09:35:36.468 +0000",1761644136.468051,10.808453,106.634427,17.300000,5.000000,9.500000,0.000000,341.495605
"2025-10-28 09:35:37.467 +0000",1761644137.467259,10.808453,106.634427,17.300000,5.000000,9.500000,0.000000,341.495605
"2025-10-28 09:37:12.469 +0000",1761644232.468582,10.809408,106.634129,17.000000,5.000000,9.500000,0.000000,343.300000
"2025-10-28 09:37:13.472 +0000",1761644233.471880,10.809408,106.634129,17.000000,5.000000,9.500000,0.000000,343.300000
"2025-10-28 09:37:14.467 +0000",1761644234.467138,10.809408,106.634129,17.000000,5.000000,9.500000,0.000000,343.300000
"2025-10-28 09:37:15.471 +0000",1761644235.470792,10.809408,106.634129,17.000000,5.000000,9.500000,0.000000,343.300000
"2025-10-28 09:37:16.469 +0000",1761644236.468666,10.809408,106.634129,17.000000,5.000000,9.500000,0.000000,343.300000
"2025-10-28 09:37:17.475 +0000",1761644237.475366,10.809408,106.634129,17.000000,5.000000,9.500000,0.000000,343.300000
"2025-10-28 09:37:18.466 +0000",1761644238.466241,10.809408,106.634129,17.000000,5.000000,9.500000,0.000000,343.300000
"2025-10-28 09:37:19.000 +0000",1761644239.000351,10.809408,106.634129,17.000000,5.000000,9.500000,0.000000,342.509846
"2025-10-28 09:37:19.466 +0000",1761644239.465504,10.809408,106.634129,17.000000,5.000000,9.500000,0.000000,343.300000
"2025-10-28 09:37:20.474 +0000",1761644240.473801,10.809408,106.634129,17.000000,5.000000,9.500000,0.000000,343.300000
"2025-10-28 09:37:21.000 +0000",1761644241.000363,10.809408,106.634129,17.000000,5.000000,9.500000,0.000000,342.509846
"2025-10-28 09:37:21.484 +0000",1761644241.483795,10.809408,106.634129,17.000000,5.000000,9.500000,0.000000,343.300000
"2025-10-28 09:37:22.471 +0000",1761644242.471146,10.809408,106.634129,17.000000,5.000000,9.500000,0.000000,343.300000
"2025-10-28 09:37:23.457 +0000",1761644243.456629,10.809408,106.634129,17.000000,5.000000,9.500000,0.000000,343.300000
"2025-10-28 09:37:24.467 +0000",1761644244.466809,10.809408,106.634129,17.000000,5.000000,9.500000,0.000000,343.300000
"2025-10-28 09:37:25.478 +0000",1761644245.478192,10.809408,106.634129,17.000000,5.000000,9.500000,0.000000,343.300000
"2025-10-28 09:37:26.472 +0000",1761644246.471926,10.809408,106.634129,17.000000,5.000000,9.500000,0.000000,343.300000
"2025-10-28 09:37:27.466 +0000",1761644247.466113,10.809408,106.634129,17.000000,5.000000,9.500000,0.000000,343.300000
"2025-10-28 09:37:28.473 +0000",1761644248.472995,10.809408,106.634129,17.000000,5.000000,9.500000,0.000000,343.300000
"2025-10-28 09:37:29.488 +0000",1761644249.487975,10.809408,106.634129,17.000000,5.000000,9.500000,0.000000,343.300000
"2025-10-28 09:37:30.503 +0000",1761644250.502946,10.809408,106.634129,17.000000,5.000000,9.500000,0.000000,343.300000
"2025-10-28 09:37:31.468 +0000",1761644251.468064,10.809408,106.634129,17.000000,5.000000,9.500000,0.000000,343.300000
"2025-10-28 09:37:32.458 +0000",1761644252.457601,10.809408,106.634129,17.000000,5.000000,9.500000,0.000000,343.300000
"2025-10-28 09:37:33.458 +0000",1761644253.457715,10.809408,106.634129,17.000000,5.000000,9.500000,0.000000,343.300000
"2025-10-28 09:37:34.478 +0000",1761644254.477775,10.809408,106.634129,17.000000,5.000000,9.500000,0.000000,343.300000
"2025-10-28 09:37:35.482 +0000",1761644255.482493,10.809408,106.634129,17.000000,5.000000,9.500000,0.000000,343.300000
"2025-10-28 09:37:36.457 +0000",1761644256.456618,10.809408,106.634129,17.000000,5.000000,9.500000,0.000000,343.300000
"2025-10-28 09:37:37.467 +0000",1761644257.467094,10.809408,106.634129,17.000000,5.000000,9.500000,0.000000,343.300000
"2025-10-28 09:37:38.469 +0000",1761644258.468618,10.809408,106.634129,17.000000,5.000000,9.500000,0.000000,343.300000
"2025-10-28 09:37:39.462 +0000",1761644259.462018,10.809408,106.634129,17.000000,5.000000,9.500000,0.000000,343.300000
"2025-10-28 09:37:40.465 +0000",1761644260.465253,10.809408,106.634129,17.000000,5.000000,9.500000,0.000000,343.300000
"2025-10-28 09:37:41.468 +0000",1761644261.467801,10.809408,106.634129,17.000000,5.000000,9.500000,0.000000,343.300000
"2025-10-28 09:37:42.465 +0000",1761644262.464662,10.809408,106.634129,17.000000,5.000000,9.500000,0.000000,343.300000
"2025-10-28 09:37:43.467 +0000",1761644263.466760,10.809408,106.634129,17.000000,5.000000,9.500000,0.000000,343.300000
"2025-10-28 09:37:44.482 +0000",1761644264.482367,10.809408,106.634129,17.000000,5.000000,9.500000,0.000000,343.300000
"2025-10-28 09:37:45.460 +0000",1761644265.459923,10.809408,106.634129,17.000000,5.000000,9.500000,0.000000,343.300000
"2025-10-28 09:37:46.468 +0000",1761644266.468034,10.809411,106.634129,17.000000,5.000000,9.500000,0.617333,343.400000
"2025-10-28 09:37:47.475 +0000",1761644267.474903,10.809419,106.634126,17.000000,5.000000,9.500000,1.183222,343.600000
"2025-10-28 09:37:48.471 +0000",1761644268.471269,10.809431,106.634123,17.000000,5.000000,9.500000,1.543333,343.800000
"2025-10-28 09:37:49.468 +0000",1761644269.467902,10.809444,106.634119,17.000000,5.000000,9.500000,1.337556,343.800000
"2025-10-28 09:37:50.001 +0000",1761644270.000523,10.809444,106.634119,17.000000,5.000000,9.500000,1.217619,343.243489
"2025-10-28 09:37:50.488 +0000",1761644270.488277,10.809455,106.634116,17.000000,5.000000,9.500000,1.234667,343.800000
"2025-10-28 09:37:51.473 +0000",1761644271.473215,10.809465,106.634113,16.900000,5.000000,9.500000,1.028889,343.900000
"2025-10-28 09:37:52.477 +0000",1761644272.477300,10.809474,106.634110,16.900000,5.000000,9.500000,0.926000,343.400000
"2025-10-28 09:37:53.474 +0000",1761644273.474481,10.809480,106.634108,16.900000,5.000000,9.500000,0.514444,343.200000
"2025-10-28 09:37:54.470 +0000",1761644274.469508,10.809484,106.634107,16.900000,5.000000,9.500000,0.257222,343.200000
"2025-10-28 09:37:55.472 +0000",1761644275.472263,10.809487,106.634106,16.900000,5.000000,9.500000,0.411556,343.100000
"2025-10-28 09:37:56.475 +0000",1761644276.474695,10.809492,106.634105,16.900000,5.000000,9.500000,0.617333,343.000000
"2025-10-28 09:37:57.472 +0000",1761644277.472270,10.809499,106.634103,16.900000,5.000000,9.500000,0.977444,343.000000
"2025-10-28 09:37:58.454 +0000",1761644278.454288,10.809509,106.634100,16.900000,5.000000,9.500000,1.286111,343.200000
"2025-10-28 09:37:59.489 +0000",1761644279.488915,10.809521,106.634096,16.900000,5.000000,9.500000,1.440444,343.018921
"2025-10-28 09:38:00.484 +0000",1761644280.483857,10.809535,106.634092,16.900000,5.000000,9.500000,1.594778,343.018921
"2025-10-28 09:38:01.471 +0000",1761644281.470549,10.809549,106.634088,16.900000,5.000000,9.500000,1.594778,343.400000
"2025-10-28 09:38:02.461 +0000",1761644282.460511,10.809564,106.634083,16.900000,5.000000,9.500000,1.646222,343.500000
"2025-10-28 09:38:03.471 +0000",1761644283.470757,10.809578,106.634079,16.900000,5.000000,9.500000,1.646222,343.600000
"2025-10-28 09:38:04.478 +0000",1761644284.478278,10.809592,106.634075,16.900000,5.000000,9.500000,1.646222,343.500000
"2025-10-28 09:38:05.472 +0000",1761644285.471962,10.809607,106.634070,16.900000,5.000000,9.500000,1.646222,343.300000
"2025-10-28 09:38:06.001 +0000",1761644286.000614,10.809607,106.634070,16.900000,5.000000,9.500000,1.670087,344.014302
"2025-10-28 09:38:06.472 +0000",1761644286.471880,10.809621,106.634066,16.900000,5.000000,9.500000,1.594778,343.200000
"2025-10-28 09:38:07.472 +0000",1761644287.472383,10.809635,106.634061,16.900000,5.000000,9.500000,1.594778,343.100000
"2025-10-28 09:38:08.472 +0000",1761644288.472098,10.809650,106.634057,16.900000,5.000000,9.500000,1.594778,343.100000
"2025-10-28 09:38:09.477 +0000",1761644289.476724,10.809664,106.634052,16.900000,5.000000,9.500000,1.594778,343.000000
"2025-10-28 09:38:10.473 +0000",1761644290.473186,10.809678,106.634048,16.900000,5.000000,9.500000,1.594778,343.000000
"2025-10-28 09:38:11.473 +0000",1761644291.472671,10.809692,106.634043,16.800000,5.000000,9.500000,1.646222,342.900000
"2025-10-28 09:38:12.482 +0000",1761644292.481727,10.809709,106.634038,16.900000,5.000000,9.500000,2.160667,342.800000
"2025-10-28 09:38:13.486 +0000",1761644293.486397,10.809730,106.634031,16.900000,5.000000,9.500000,2.829444,342.900000
"2025-10-28 09:38:14.483 +0000",1761644294.482914,10.809756,106.634022,16.900000,5.000000,9.500000,3.189556,343.000000
"2025-10-28 09:38:15.447 +0000",1761644295.447404,10.809785,106.634013,16.900000,5.000000,9.500000,3.446778,343.000000
"2025-10-28 09:38:16.464 +0000",1761644296.463508,10.809817,106.634003,16.900000,5.000000,9.500000,3.961222,343.200000
"2025-10-28 09:38:17.484 +0000",1761644297.484316,10.809855,106.633991,16.900000,5.000000,9.500000,4.887222,343.300000
"2025-10-28 09:38:18.477 +0000",1761644298.476987,10.809901,106.633977,16.900000,5.000000,9.500000,5.556000,343.300000
"2025-10-28 09:38:19.467 +0000",1761644299.466614,10.809949,106.633962,16.800000,5.000000,9.500000,5.350222,343.200000
"2025-10-28 09:38:20.475 +0000",1761644300.474921,10.809995,106.633949,16.700000,5.000000,9.500000,5.195889,343.100000
"2025-10-28 09:38:21.462 +0000",1761644301.462469,10.810040,106.633935,16.700000,5.000000,9.500000,5.093000,343.100000
"2025-10-28 09:38:22.473 +0000",1761644302.472574,10.810085,106.633921,16.700000,5.000000,9.500000,5.350222,343.300000
"2025-10-28 09:38:23.474 +0000",1761644303.473594,10.810134,106.633907,16.700000,5.000000,9.500000,5.761778,343.400000
"2025-10-28 09:38:24.467 +0000",1761644304.467035,10.810186,106.633891,16.800000,5.000000,9.500000,6.070444,343.300000
"2025-10-28 09:38:25.476 +0000",1761644305.475712,10.810238,106.633875,16.700000,5.000000,9.500000,5.967556,343.100000
"2025-10-28 09:38:26.459 +0000",1761644306.458628,10.810289,106.633860,16.500000,5.000000,9.500000,5.710333,342.900000
"2025-10-28 09:38:27.477 +0000",1761644307.477406,10.810338,106.633845,16.400000,5.000000,9.500000,5.453111,342.900000
"2025-10-28 09:38:28.475 +0000",1761644308.475284,10.810385,106.633830,16.400000,5.000000,9.500000,5.247333,343.000000
"2025-10-28 09:38:29.476 +0000",1761644309.476283,10.810430,106.633817,16.400000,5.000000,9.500000,4.990111,343.100000
"2025-10-28 09:38:30.485 +0000",1761644310.485294,10.810473,106.633804,16.300000,5.000000,9.500000,4.784333,343.200000
"2025-10-28 09:38:31.475 +0000",1761644311.474872,10.810514,106.633791,16.300000,5.000000,9.500000,4.578556,343.200000
"2025-10-28 09:38:32.474 +0000",1761644312.473690,10.810553,106.633779,16.300000,5.000000,9.500000,4.578556,343.300000
"2025-10-28 09:38:33.469 +0000",1761644313.468805,10.810594,106.633767,16.400000,5.000000,9.500000,4.630000,343.300000
"2025-10-28 09:38:34.469 +0000",1761644314.469054,10.810634,106.633755,16.400000,5.000000,9.500000,4.630000,343.300000
"2025-10-28 09:38:35.465 +0000",1761644315.465426,10.810671,106.633744,16.400000,5.000000,9.500000,3.806889,343.200000
"2025-10-28 09:38:36.474 +0000",1761644316.474002,10.810701,106.633735,16.300000,5.000000,9.500000,3.035222,343.200000
"2025-10-28 09:38:37.462 +0000",1761644317.462277,10.810725,106.633728,16.200000,5.000000,9.500000,2.469333,343.200000
"2025-10-28 09:38:38.474 +0000",1761644318.474088,10.810746,106.633721,16.300000,5.000000,9.500000,2.315000,343.300000
"2025-10-28 09:38:39.484 +0000",1761644319.484485,10.810767,106.633715,16.300000,5.000000,9.500000,2.469333,343.500000
"2025-10-28 09:38:40.485 +0000",1761644320.484947,10.810789,106.633708,16.300000,5.000000,9.500000,2.623667,343.600000
"2025-10-28 09:38:41.474 +0000",1761644321.474078,10.810813,106.633701,16.300000,5.000000,9.500000,2.726556,343.700000
"2025-10-28 09:38:42.486 +0000",1761644322.485636,10.810837,106.633694,16.300000,5.000000,9.500000,2.623667,343.800000
"2025-10-28 09:38:43.480 +0000",1761644323.480218,10.810858,106.633688,16.200000,5.000000,9.500000,2.315000,343.800000
"2025-10-28 09:38:44.496 +0000",1761644324.496067,10.810877,106.633683,16.200000,5.000000,9.500000,1.697667,343.600000
"2025-10-28 09:38:45.486 +0000",1761644325.485539,10.810887,106.633680,16.100000,5.000000,9.500000,0.668778,343.300000
"2025-10-28 09:38:46.475 +0000",1761644326.475044,10.810893,106.633678,16.100000,5.000000,9.500000,0.668778,343.200000
"2025-10-28 09:38:47.481 +0000",1761644327.481354,10.810900,106.633676,16.200000,5.000000,9.500000,0.977444,343.200000
"2025-10-28 09:38:48.000 +0000",1761644328.000420,10.810900,106.633676,16.200000,5.000000,9.500000,1.239077,342.273113
"2025-10-28 09:38:48.476 +0000",1761644328.476028,10.810909,106.633673,16.200000,5.000000,9.500000,1.183222,343.200000
"2025-10-28 09:38:49.488 +0000",1761644329.487956,10.810920,106.633669,16.100000,5.000000,9.500000,1.234667,343.300000
"2025-10-28 09:38:50.468 +0000",1761644330.467967,10.810932,106.633666,16.100000,5.000000,9.500000,1.389000,343.300000
"2025-10-28 09:38:51.000 +0000",1761644331.000411,10.810932,106.633666,16.100000,5.000000,9.500000,1.717353,343.571843
"2025-10-28 09:38:51.478 +0000",1761644331.477865,10.810945,106.633662,16.100000,5.000000,9.500000,1.749111,343.400000
"2025-10-28 09:38:52.478 +0000",1761644332.478041,10.810962,106.633657,16.100000,5.000000,9.500000,2.006333,343.400000
"2025-10-28 09:38:53.000 +0000",1761644333.000407,10.810962,106.633657,16.100000,5.000000,9.500000,2.010363,344.674025
"2025-10-28 09:38:53.480 +0000",1761644333.479700,10.810979,106.633652,16.100000,5.000000,9.500000,1.903444,343.500000
"2025-10-28 09:38:54.000 +0000",1761644334.000406,10.810979,106.633652,16.100000,5.000000,9.500000,1.282595,344.301097
"2025-10-28 09:38:54.485 +0000",1761644334.484846,10.810993,106.633648,16.100000,5.000000,9.500000,1.183222,343.600000
"2025-10-28 09:38:55.479 +0000",1761644335.478503,10.811004,106.633644,16.100000,5.000000,9.500000,1.234667,343.600000
"2025-10-28 09:38:56.480 +0000",1761644336.479929,10.811015,106.633641,16.100000,5.000000,9.500000,1.183222,343.700000
"2025-10-28 09:38:57.000 +0000",1761644337.000405,10.811015,106.633641,16.100000,5.000000,9.500000,1.000721,344.217254
"2025-10-28 09:38:57.476 +0000",1761644337.476165,10.811024,106.633638,16.000000,5.000000,9.500000,0.926000,343.700000
"2025-10-28 09:38:58.484 +0000",1761644338.483774,10.811034,106.633635,16.100000,5.000000,9.500000,1.234667,343.700000
"2025-10-28 09:38:59.475 +0000",1761644339.475352,10.811047,106.633631,16.100000,5.000000,9.500000,1.594778,343.400000
"2025-10-28 09:39:00.486 +0000",1761644340.485773,10.811062,106.633626,16.100000,5.000000,9.500000,1.800556,343.200000
"2025-10-28 09:40:07.479 +0000",1761644407.479044,10.811997,106.633337,15.500000,5.000000,9.500000,0.000000,342.100000
"2025-10-28 09:40:08.466 +0000",1761644408.465589,10.811997,106.633337,15.500000,5.000000,9.500000,0.000000,342.100000
"2025-10-28 09:40:09.479 +0000",1761644409.479497,10.811997,106.633337,15.500000,5.000000,9.500000,0.000000,342.100000
"2025-10-28 09:40:10.479 +0000",1761644410.478528,10.811997,106.633337,15.500000,5.000000,9.500000,0.000000,342.100000
"2025-10-28 09:40:11.485 +0000",1761644411.484777,10.811997,106.633337,15.500000,5.000000,9.500000,0.000000,342.100000
"2025-10-28 09:40:12.473 +0000",1761644412.473216,10.811997,106.633337,15.500000,5.000000,9.500000,0.000000,342.100000
"2025-10-28 09:40:13.486 +0000",1761644413.485570,10.811997,106.633337,15.500000,5.000000,9.500000,0.000000,342.100000
"2025-10-28 09:40:14.475 +0000",1761644414.475016,10.811997,106.633337,15.500000,5.000000,9.500000,0.000000,342.100000
"2025-10-28 09:40:15.482 +0000",1761644415.482179,10.811997,106.633337,15.500000,5.000000,9.500000,0.000000,342.100000
"2025-10-28 09:40:16.482 +0000",1761644416.481516,10.811997,106.633337,15.500000,5.000000,9.500000,0.000000,342.979218
"2025-10-28 09:40:17.487 +0000",1761644417.486830,10.811997,106.633337,15.500000,5.000000,9.500000,0.000000,342.100000
"2025-10-28 09:40:18.481 +0000",1761644418.480962,10.811997,106.633337,15.500000,5.000000,9.500000,0.000000,342.100000
"2025-10-28 09:40:19.482 +0000",1761644419.481852,10.811997,106.633337,15.500000,5.000000,9.500000,0.000000,342.100000
"2025-10-28 09:40:20.477 +0000",1761644420.476916,10.811997,106.633337,15.500000,5.000000,9.500000,0.000000,342.100000
"2025-10-28 09:40:21.472 +0000",1761644421.472172,10.811997,106.633337,15.500000,5.000000,9.500000,0.000000,342.100000
"2025-10-28 09:40:22.486 +0000",1761644422.486039,10.811997,106.633337,15.500000,5.000000,9.500000,0.000000,342.100000
"2025-10-28 09:40:23.492 +0000",1761644423.491679,10.811997,106.633337,15.500000,5.000000,9.500000,0.000000,342.100000
"2025-10-28 09:40:24.481 +0000",1761644424.480834,10.811997,106.633337,15.500000,5.000000,9.500000,0.000000,342.100000
"2025-10-28 09:40:25.476 +0000",1761644425.476141,10.811997,106.633337,15.500000,5.000000,9.500000,0.000000,342.979218
"2025-10-28 09:40:26.480 +0000",1761644426.480076,10.811997,106.633337,15.500000,5.000000,9.500000,0.000000,342.100000
"2025-10-28 09:40:27.476 +0000",1761644427.476289,10.811997,106.633337,15.500000,5.000000,9.500000,0.000000,342.100000
"2025-10-28 09:40:28.475 +0000",1761644428.475395,10.811997,106.633337,15.500000,5.000000,9.500000,0.000000,342.100000
"2025-10-28 09:40:29.475 +0000",1761644429.475396,10.811997,106.633337,15.500000,5.000000,9.500000,0.000000,342.100000
"2025-10-28 09:40:30.487 +0000",1761644430.487189,10.811997,106.633337,15.500000,5.000000,9.500000,0.000000,342.100000
"2025-10-28 09:40:31.478 +0000",1761644431.478094,10.811997,106.633337,15.500000,5.000000,9.500000,0.000000,342.100000
"2025-10-28 09:40:32.488 +0000",1761644432.487775,10.811997,106.633337,15.500000,5.000000,9.500000,0.000000,342.100000
"2025-10-28 09:40:33.471 +0000",1761644433.471058,10.811997,106.633337,15.500000,5.000000,9.500000,0.000000,342.100000
"2025-10-28 09:40:34.470 +0000",1761644434.469952,10.811997,106.633337,15.500000,5.000000,9.500000,0.000000,342.100000
"2025-10-28 09:40:35.482 +0000",1761644435.482427,10.811997,106.633337,15.500000,5.000000,9.500000,0.000000,342.100000
"2025-10-28 09:40:36.482 +0000",1761644436.481589,10.811997,106.633337,15.500000,5.000000,9.500000,0.000000,342.100000
"2025-10-28 09:40:37.478 +0000",1761644437.477869,10.811997,106.633337,15.500000,5.000000,9.500000,0.000000,342.100000
"2025-10-28 09:40:38.470 +0000",1761644438.469897,10.811997,106.633337,15.500000,5.000000,9.500000,0.000000,342.100000
"2025-10-28 09:40:39.480 +0000",1761644439.479959,10.811997,106.633337,15.500000,5.000000,9.500000,0.000000,342.100000
"2025-10-28 09:40:40.470 +0000",1761644440.469742,10.811997,106.633337,15.500000,5.000000,9.500000,0.000000,342.100000
"2025-10-28 09:40:41.490 +0000",1761644441.489620,10.811997,106.633337,15.500000,5.000000,9.500000,0.000000,342.100000
"2025-10-28 09:40:42.483 +0000",1761644442.482815,10.811997,106.633337,15.500000,5.000000,9.500000,0.000000,342.100000
"2025-10-28 09:40:43.477 +0000",1761644443.476832,10.811997,106.633337,15.500000,5.000000,9.500000,0.000000,342.100000
"2025-10-28 09:40:44.481 +0000",1761644444.480836,10.811997,106.633337,15.500000,5.000000,9.500000,0.000000,342.100000
"2025-10-28 09:40:45.470 +0000",1761644445.470443,10.811997,106.633337,15.500000,5.000000,9.500000,0.000000,342.100000
"2025-10-28 09:40:46.478 +0000",1761644446.478493,10.811997,106.633337,15.500000,5.000000,9.500000,0.000000,342.100000
"2025-10-28 09:40:47.460 +0000",1761644447.460182,10.811997,106.633337,15.500000,5.000000,9.500000,0.000000,342.100000
"2025-10-28 09:40:48.461 +0000",1761644448.460617,10.811997,106.633337,15.500000,5.000000,9.500000,0.000000,342.100000
"2025-10-28 09:40:49.475 +0000",1761644449.475409,10.811997,106.633337,15.500000,5.000000,9.500000,0.000000,342.100000
"2025-10-28 09:40:50.483 +0000",1761644450.483268,10.811997,106.633337,15.500000,5.000000,9.500000,0.000000,342.100000
"2025-10-28 09:40:51.000 +0000",1761644451.000414,10.811997,106.633337,15.500000,5.000000,9.500000,0.000000,342.304555
"2025-10-28 09:40:51.472 +0000",1761644451.471825,10.811997,106.633337,15.500000,5.000000,9.500000,0.000000,342.100000
"2025-10-28 09:40:52.481 +0000",1761644452.480887,10.811997,106.633337,15.500000,5.000000,9.500000,0.000000,342.100000
"2025-10-28 09:40:53.476 +0000",1761644453.476334,10.811997,106.633337,15.500000,5.000000,9.500000,0.000000,342.100000
"2025-10-28 09:40:54.461 +0000",1761644454.460664,10.811997,106.633337,15.500000,5.000000,9.500000,0.000000,342.100000
"2025-10-28 09:40:55.470 +0000",1761644455.469813,10.811997,106.633337,15.500000,5.000000,9.500000,0.000000,342.100000
"2025-10-28 09:40:56.471 +0000",1761644456.470812,10.811997,106.633337,15.500000,5.000000,9.500000,0.000000,342.100000
"2025-10-28 09:40:57.467 +0000",1761644457.466950,10.811997,106.633337,15.500000,5.000000,9.500000,0.000000,342.100000
"2025-10-28 09:40:58.466 +0000",1761644458.465502,10.811997,106.633337,15.500000,5.000000,9.500000,0.000000,342.100000
"2025-10-28 09:40:59.471 +0000",1761644459.470680,10.811997,106.633337,15.500000,5.000000,9.500000,0.000000,342.100000
"2025-10-28 09:41:00.461 +0000",1761644460.460545,10.811997,106.633337,15.500000,5.000000,9.500000,0.000000,342.100000
"2025-10-28 09:41:01.465 +0000",1761644461.464890,10.811997,106.633337,15.500000,5.000000,9.500000,0.000000,342.100000
"2025-10-28 09:41:02.471 +0000",1761644462.470558,10.811997,106.633337,15.500000,5.000000,9.500000,0.000000,342.100000
"2025-10-28 09:41:03.476 +0000",1761644463.476031,10.811997,106.633337,15.500000,5.000000,9.500000,0.000000,342.100000
"2025-10-28 09:41:04.475 +0000",1761644464.475379,10.811997,106.633337,15.500000,5.000000,9.500000,0.000000,342.100000
"2025-10-28 09:41:05.480 +0000",1761644465.480357,10.811997,106.633337,15.500000,5.000000,9.500000,0.000000,342.100000
"2025-10-28 09:41:06.483 +0000",1761644466.482712,10.811997,106.633337,15.500000,5.000000,9.500000,0.000000,342.100000
"2025-10-28 09:41:07.476 +0000",1761644467.476491,10.811997,106.633337,15.500000,5.000000,9.500000,0.000000,342.100000
"2025-10-28 09:41:08.481 +0000",1761644468.481466,10.811997,106.633337,15.500000,5.000000,9.500000,0.000000,342.100000
"2025-10-28 09:41:09.490 +0000",1761644469.490084,10.811997,106.633337,15.500000,5.000000,9.500000,0.000000,342.100000
"2025-10-28 09:41:10.475 +0000",1761644470.475138,10.811997,106.633337,15.500000,5.000000,9.500000,0.000000,342.100000
"2025-10-28 09:41:11.488 +0000",1761644471.488474,10.811997,106.633337,15.500000,5.000000,9.500000,0.000000,342.100000
"2025-10-28 09:41:12.488 +0000",1761644472.487893,10.811997,106.633337,15.500000,5.000000,9.500000,0.000000,342.100000
"2025-10-28 09:41:13.467 +0000",1761644473.466775,10.811997,106.633337,15.500000,5.000000,9.500000,0.000000,342.100000
"2025-10-28 09:41:14.477 +0000",1761644474.477045,10.811997,106.633337,15.500000,5.000000,9.500000,0.000000,342.100000
"2025-10-28 09:41:15.480 +0000",1761644475.479808,10.811997,106.633337,15.500000,5.000000,9.500000,0.000000,342.100000
"2025-10-28 09:41:16.477 +0000",1761644476.477004,10.811997,106.633337,15.500000,5.000000,9.500000,0.000000,342.100000
"2025-10-28 09:41:17.471 +0000",1761644477.471429,10.811997,106.633337,15.500000,5.000000,9.500000,0.000000,342.100000
"2025-10-28 09:41:18.485 +0000",1761644478.485062,10.811997,106.633337,15.500000,5.000000,9.500000,0.000000,342.100000
"2025-10-28 09:41:19.490 +0000",1761644479.490223,10.811997,106.633337,15.500000,5.000000,9.500000,0.000000,342.100000
"2025-10-28 09:41:20.477 +0000",1761644480.476949,10.811997,106.633337,15.500000,5.000000,9.500000,0.000000,342.100000
"2025-10-28 09:41:21.482 +0000",1761644481.481634,10.811997,106.633337,15.500000,5.000000,9.500000,0.000000,342.100000
"2025-10-28 09:41:22.478 +0000",1761644482.477817,10.811997,106.633337,15.500000,5.000000,9.500000,0.000000,342.100000
"2025-10-28 09:41:23.492 +0000",1761644483.491787,10.811997,106.633337,15.500000,5.000000,9.500000,0.000000,342.100000
"2025-10-28 09:41:24.482 +0000",1761644484.482102,10.811997,106.633337,15.500000,5.000000,9.500000,0.000000,342.100000
"2025-10-28 09:41:25.482 +0000",1761644485.482434,10.811997,106.633337,15.500000,5.000000,9.500000,0.000000,342.100000
"2025-10-28 09:41:26.466 +0000",1761644486.465852,10.811997,106.633337,15.500000,5.000000,9.500000,0.000000,342.100000
"2025-10-28 09:41:27.457 +0000",1761644487.456538,10.811997,106.633337,15.500000,5.000000,9.500000,0.000000,342.100000
"2025-10-28 09:41:28.474 +0000",1761644488.473610,10.811997,106.633337,15.500000,5.000000,9.500000,0.000000,342.100000
"2025-10-28 09:41:29.480 +0000",1761644489.479927,10.811997,106.633337,15.500000,5.000000,9.500000,0.000000,342.100000
"2025-10-28 09:41:30.490 +0000",1761644490.489738,10.811997,106.633337,15.500000,5.000000,9.500000,0.000000,342.100000
"2025-10-28 09:41:31.491 +0000",1761644491.490547,10.811997,106.633337,15.500000,5.000000,9.500000,0.000000,342.100000
"2025-10-28 09:41:32.492 +0000",1761644492.492263,10.811997,106.633337,15.500000,5.000000,9.500000,0.000000,342.100000
"2025-10-28 09:41:33.478 +0000",1761644493.478062,10.811997,106.633337,15.500000,5.000000,9.500000,0.000000,342.979218
"2025-10-28 09:41:34.483 +0000",1761644494.483087,10.811997,106.633337,15.500000,5.000000,9.500000,0.000000,342.100000
"2025-10-28 09:41:35.476 +0000",1761644495.475849,10.811997,106.633337,15.500000,5.000000,9.500000,0.000000,342.100000
"2025-10-28 09:41:36.487 +0000",1761644496.486856,10.811997,106.633337,15.500000,5.000000,9.500000,0.000000,342.100000
"2025-10-28 09:41:37.480 +0000",1761644497.480332,10.811997,106.633337,15.500000,5.000000,9.500000,0.000000,342.100000
"2025-10-28 09:41:38.470 +0000",1761644498.469565,10.811997,106.633337,15.500000,5.000000,9.500000,0.000000,342.100000
"2025-10-28 09:41:39.471 +0000",1761644499.470943,10.811997,106.633337,15.500000,5.000000,9.500000,0.000000,342.100000
"2025-10-28 09:41:40.484 +0000",1761644500.484377,10.811997,106.633337,15.500000,5.000000,9.500000,0.000000,342.100000
"2025-10-28 09:41:41.470 +0000",1761644501.470317,10.811997,106.633337,15.500000,5.000000,9.500000,0.000000,342.100000
"2025-10-28 09:41:42.466 +0000",1761644502.466409,10.811997,106.633337,15.500000,5.000000,9.500000,0.000000,342.100000
"2025-10-28 09:41:43.475 +0000",1761644503.475467,10.811997,106.633337,15.500000,5.000000,9.500000,0.000000,342.100000
"2025-10-28 09:41:44.479 +0000",1761644504.479049,10.811997,106.633337,15.500000,5.000000,9.500000,0.000000,342.100000
"2025-10-28 09:41:45.471 +0000",1761644505.470863,10.811997,106.633337,15.500000,5.000000,9.500000,0.000000,342.100000
"2025-10-28 09:41:46.475 +0000",1761644506.475169,10.811997,106.633337,15.500000,5.000000,9.500000,0.000000,342.100000
"2025-10-28 09:41:47.477 +0000",1761644507.476729,10.811997,106.633337,15.500000,5.000000,9.500000,0.000000,342.100000
"2025-10-28 09:41:48.477 +0000",1761644508.477202,10.811997,106.633337,15.500000,5.000000,9.500000,0.000000,342.100000
"2025-10-28 09:41:49.471 +0000",1761644509.471134,10.811997,106.633337,15.500000,5.000000,9.500000,0.000000,342.100000
"2025-10-28 09:41:50.472 +0000",1761644510.471954,10.811997,106.633337,15.500000,5.000000,9.500000,0.000000,342.100000
"2025-10-28 09:41:51.471 +0000",1761644511.471276,10.811997,106.633337,15.500000,5.000000,9.500000,0.000000,342.100000
"2025-10-28 09:41:52.000 +0000",1761644512.000453,10.811997,106.633337,15.500000,5.000000,9.500000,0.000000,342.304555
"2025-10-28 09:41:52.460 +0000",1761644512.460108,10.811997,106.633337,15.500000,5.000000,9.500000,0.000000,342.100000
"2025-10-28 09:41:53.465 +0000",1761644513.465328,10.811997,106.633337,15.500000,5.000000,9.500000,0.000000,342.100000
"2025-10-28 09:41:54.475 +0000",1761644514.475206,10.811997,106.633337,15.500000,5.000000,9.500000,0.000000,342.100000
"2025-10-28 09:41:55.473 +0000",1761644515.472897,10.811997,106.633337,15.500000,5.000000,9.500000,0.000000,342.100000
"2025-10-28 09:41:56.457 +0000",1761644516.457109,10.811997,106.633337,15.500000,5.000000,9.500000,0.000000,342.100000
"2025-10-28 09:41:57.467 +0000",1761644517.467434,10.811997,106.633337,15.500000,5.000000,9.500000,0.000000,342.100000
"2025-10-28 09:41:58.475 +0000",1761644518.474983,10.811997,106.633337,15.500000,5.000000,9.500000,0.000000,342.100000
"2025-10-28 09:41:59.476 +0000",1761644519.476261,10.811997,106.633337,15.500000,5.000000,9.500000,0.000000,342.100000
"2025-10-28 09:42:00.461 +0000",1761644520.461207,10.811997,106.633337,15.500000,5.000000,9.500000,0.000000,342.100000
"2025-10-28 09:42:01.470 +0000",1761644521.470058,10.811997,106.633337,15.500000,5.000000,9.500000,0.000000,342.100000
"2025-10-28 09:42:02.998 +0000",1761644522.997586,10.811997,106.633337,15.500000,5.000000,9.500000,0.000000,342.100000
"2025-10-28 09:42:04.476 +0000",1761644524.476144,10.811997,106.633337,15.500000,5.000000,9.500000,0.000000,342.100000
"2025-10-28 09:42:05.465 +0000",1761644525.464569,10.811997,106.633337,15.500000,5.000000,9.500000,0.000000,342.100000
"2025-10-28 09:42:06.476 +0000",1761644526.476060,10.811997,106.633337,15.500000,5.000000,9.500000,0.000000,342.100000
"2025-10-28 09:42:07.471 +0000",1761644527.470600,10.811997,106.633337,15.500000,5.000000,9.500000,0.000000,342.100000
"2025-10-28 09:42:08.472 +0000",1761644528.472063,10.811997,106.633337,15.500000,5.000000,9.500000,0.000000,342.100000
"2025-10-28 09:42:09.467 +0000",1761644529.466734,10.811997,106.633337,15.500000,5.000000,9.500000,0.000000,342.100000
"2025-10-28 09:42:10.491 +0000",1761644530.490761,10.811997,106.633337,15.500000,5.000000,9.500000,0.000000,342.100000
"2025-10-28 09:42:11.472 +0000",1761644531.471993,10.811997,106.633337,15.500000,5.000000,9.500000,0.000000,342.100000
"2025-10-28 09:42:12.471 +0000",1761644532.470979,10.811997,106.633337,15.500000,5.000000,9.500000,0.000000,342.100000
"2025-10-28 09:42:13.476 +0000",1761644533.476335,10.811997,106.633337,15.500000,5.000000,9.500000,0.000000,342.100000
"2025-10-28 09:42:14.467 +0000",1761644534.466535,10.811997,106.633337,15.500000,5.000000,9.500000,0.000000,342.100000
"2025-10-28 09:42:15.467 +0000",1761644535.466756,10.811997,106.633337,15.500000,5.000000,9.500000,0.000000,342.100000
"2025-10-28 09:42:16.467 +0000",1761644536.466947,10.811997,106.633337,15.500000,5.000000,9.500000,0.000000,342.100000
"2025-10-28 09:42:17.478 +0000",1761644537.477600,10.811997,106.633337,15.500000,5.000000,9.500000,0.000000,342.100000
"2025-10-28 09:42:18.458 +0000",1761644538.457750,10.811997,106.633337,15.500000,5.000000,9.500000,0.000000,342.100000
"2025-10-28 09:42:19.470 +0000",1761644539.469973,10.811997,106.633337,15.500000,5.000000,9.500000,0.000000,342.100000
"2025-10-28 09:42:20.461 +0000",1761644540.461166,10.811997,106.633337,15.500000,5.000000,9.500000,0.000000,342.100000
"2025-10-28 09:42:21.471 +0000",1761644541.471438,10.811997,106.633337,15.500000,5.000000,9.500000,0.000000,342.100000
"2025-10-28 09:42:22.001 +0000",1761644542.000527,10.811997,106.633337,15.500000,5.000000,9.500000,0.000000,342.304555
"2025-10-28 09:42:22.465 +0000",1761644542.464662,10.811997,106.633337,15.500000,5.000000,9.500000,0.000000,342.100000
"2025-10-28 09:42:23.489 +0000",1761644543.488583,10.811997,106.633337,15.500000,5.000000,9.500000,0.000000,342.100000
"2025-10-28 09:42:24.480 +0000",1761644544.480058,10.811997,106.633337,15.500000,5.000000,9.500000,0.000000,342.100000
"2025-10-28 09:42:25.477 +0000",1761644545.477449,10.811997,106.633337,15.500000,5.000000,9.500000,0.000000,342.100000
"2025-10-28 09:42:26.476 +0000",1761644546.476009,10.811997,106.633337,15.500000,5.000000,9.500000,0.000000,342.100000
"2025-10-28 09:42:27.479 +0000",1761644547.478697,10.811997,106.633337,15.500000,5.000000,9.500000,0.000000,342.100000
"2025-10-28 09:42:28.478 +0000",1761644548.477870,10.811997,106.633337,15.500000,5.000000,9.500000,0.000000,342.100000
"2025-10-28 09:42:29.480 +0000",1761644549.480475,10.811997,106.633337,15.500000,5.000000,9.500000,0.000000,342.979218
"2025-10-28 09:42:30.502 +0000",1761644550.501571,10.811997,106.633337,15.500000,5.000000,9.500000,0.000000,342.979218
"2025-10-28 09:42:31.476 +0000",1761644551.475873,10.811997,106.633337,15.500000,5.000000,9.500000,0.000000,342.100000
"2025-10-28 09:42:32.480 +0000",1761644552.480246,10.811997,106.633337,15.500000,5.000000,9.500000,0.000000,342.100000
"2025-10-28 09:42:33.480 +0000",1761644553.479832,10.811997,106.633337,15.500000,5.000000,9.500000,0.000000,342.100000
"2025-10-28 09:42:34.483 +0000",1761644554.482787,10.811997,106.633337,15.500000,5.000000,9.500000,0.000000,342.100000
"2025-10-28 09:42:35.476 +0000",1761644555.476452,10.811997,106.633337,15.500000,5.000000,9.500000,0.000000,342.100000
"2025-10-28 09:42:36.483 +0000",1761644556.483085,10.811997,106.633337,15.500000,5.000000,9.500000,0.000000,342.100000
"2025-10-28 09:42:37.487 +0000",1761644557.486525,10.811997,106.633337,15.500000,5.000000,9.500000,0.000000,342.100000
"2025-10-28 09:42:38.481 +0000",1761644558.480916,10.811997,106.633337,15.500000,5.000000,9.500000,0.051444,342.200000
"2025-10-28 09:42:39.000 +0000",1761644559.000370,10.811997,106.633337,15.500000,5.000000,9.500000,0.928354,343.177029
"2025-10-28 09:42:39.478 +0000",1761644559.478001,10.812002,106.633335,15.500000,5.000000,9.500000,0.926000,342.400000
"2025-10-28 09:42:40.488 +0000",1761644560.488001,10.812011,106.633332,15.500000,5.000000,9.500000,1.028889,342.500000
"2025-10-28 09:42:41.475 +0000",1761644561.475195,10.812019,106.633330,15.400000,5.000000,9.500000,0.720222,342.500000
"2025-10-28 09:42:42.477 +0000",1761644562.477127,10.812025,106.633328,15.400000,5.000000,9.500000,0.720222,342.500000
"2025-10-28 09:42:43.480 +0000",1761644563.479878,10.812030,106.633326,15.400000,5.000000,9.500000,0.411556,342.600000
"2025-10-28 09:42:44.477 +0000",1761644564.476756,10.812034,106.633325,15.400000,5.000000,9.500000,0.463000,342.600000
"2025-10-28 09:42:45.476 +0000",1761644565.475995,10.812038,106.633324,15.400000,5.000000,9.500000,0.360111,342.600000
"2025-10-28 09:42:46.479 +0000",1761644566.478533,10.812041,106.633323,15.400000,5.000000,9.500000,0.154333,342.600000
"2025-10-28 09:42:47.477 +0000",1761644567.477294,10.812041,106.633323,15.400000,5.000000,9.500000,0.000000,342.600000
"2025-10-28 09:42:48.466 +0000",1761644568.466217,10.812041,106.633323,15.400000,5.000000,9.500000,0.000000,342.600000
"2025-10-28 09:42:49.474 +0000",1761644569.474490,10.812041,106.633323,15.400000,5.000000,9.500000,0.051444,342.700000
"2025-10-28 09:42:50.473 +0000",1761644570.473383,10.812045,106.633321,15.400000,5.000000,9.500000,0.565889,342.700000
"2025-10-28 09:42:51.476 +0000",1761644571.475688,10.812050,106.633319,15.300000,5.000000,9.500000,0.720222,342.700000
"2025-10-28 09:42:52.477 +0000",1761644572.477379,10.812057,106.633317,15.300000,5.000000,9.500000,0.823111,342.700000
"2025-10-28 09:42:53.468 +0000",1761644573.467740,10.812066,106.633314,15.300000,5.000000,9.500000,1.234667,342.700000
"2025-10-28 09:42:54.473 +0000",1761644574.472772,10.812078,106.633310,15.300000,5.000000,9.500000,1.543333,342.800000
"2025-10-28 09:42:55.481 +0000",1761644575.481065,10.812093,106.633305,15.300000,5.000000,9.500000,1.852000,343.100000
"2025-10-28 09:42:56.476 +0000",1761644576.476434,10.812111,106.633300,15.300000,5.000000,9.500000,2.160667,343.400000
"2025-10-28 09:42:57.458 +0000",1761644577.458086,10.812129,106.633294,15.300000,5.000000,9.500000,2.057778,343.600000
"2025-10-28 09:42:58.474 +0000",1761644578.474354,10.812148,106.633289,15.200000,5.000000,9.500000,2.160667,343.700000
"2025-10-28 09:42:59.442 +0000",1761644579.441510,10.812168,106.633283,15.300000,5.000000,9.500000,2.366444,343.800000
"2025-10-28 09:43:00.453 +0000",1761644580.452825,10.812188,106.633277,15.200000,5.000000,9.500000,2.366444,343.700000
"2025-10-28 09:43:01.454 +0000",1761644581.453655,10.812209,106.633271,15.200000,5.000000,9.500000,2.263556,343.500000
"2025-10-28 09:43:02.467 +0000",1761644582.467324,10.812228,106.633265,15.200000,5.000000,9.500000,2.212111,343.200000
"2025-10-28 09:43:03.471 +0000",1761644583.471171,10.812247,106.633259,15.200000,5.000000,9.500000,2.109222,343.000000
"2025-10-28 09:43:04.462 +0000",1761644584.462195,10.812265,106.633253,15.200000,5.000000,9.500000,2.006333,343.000000
"2025-10-28 09:43:05.468 +0000",1761644585.467700,10.812282,106.633248,15.200000,5.000000,9.500000,2.006333,342.900000
"2025-10-28 09:43:06.469 +0000",1761644586.469301,10.812302,106.633242,15.100000,5.000000,9.500000,2.366444,343.300000
"2025-10-28 09:43:07.466 +0000",1761644587.466065,10.812324,106.633235,15.100000,5.000000,9.500000,2.572222,343.700000
"2025-10-28 09:43:08.455 +0000",1761644588.454968,10.812347,106.633228,15.100000,5.000000,9.500000,2.623667,343.700000
"2025-10-28 09:43:09.471 +0000",1761644589.471076,10.812370,106.633221,15.000000,5.000000,9.500000,2.520778,343.700000
"2025-10-28 09:43:10.467 +0000",1761644590.466948,10.812391,106.633215,15.100000,5.000000,9.500000,2.417889,343.700000
"2025-10-28 09:43:11.466 +0000",1761644591.466312,10.812412,106.633208,15.000000,5.000000,9.500000,2.315000,343.500000
"2025-10-28 09:43:12.455 +0000",1761644592.454501,10.812432,106.633202,15.000000,5.000000,9.500000,2.263556,343.100000
"2025-10-28 09:43:13.453 +0000",1761644593.452967,10.812451,106.633196,15.000000,5.000000,9.500000,2.109222,342.800000
"2025-10-28 09:43:14.446 +0000",1761644594.446110,10.812469,106.633190,15.000000,5.000000,9.500000,2.057778,342.800000
"2025-10-28 09:43:15.463 +0000",1761644595.463086,10.812486,106.633185,14.900000,5.000000,9.500000,1.954889,342.700000
"2025-10-28 09:43:16.475 +0000",1761644596.474956,10.812503,106.633179,14.900000,5.000000,9.500000,1.800556,342.600000
"2025-10-28 09:43:17.485 +0000",1761644597.485123,10.812518,106.633175,14.900000,5.000000,9.500000,1.697667,342.500000
"2025-10-28 09:43:18.460 +0000",1761644598.460292,10.812534,106.633169,14.900000,5.000000,9.500000,2.057778,342.500000
"2025-10-28 09:43:19.456 +0000",1761644599.456390,10.812554,106.633163,15.000000,5.000000,9.500000,2.417889,342.600000
"2025-10-28 09:43:20.468 +0000",1761644600.467627,10.812577,106.633156,14.900000,5.000000,9.500000,2.623667,343.000000
"2025-10-28 09:43:21.470 +0000",1761644601.470483,10.812599,106.633149,14.900000,5.000000,9.500000,2.623667,343.400000
"2025-10-28 09:43:22.477 +0000",1761644602.477067,10.812623,106.633141,14.900000,5.000000,9.500000,2.726556,343.600000
"2025-10-28 09:43:23.000 +0000",1761644603.000165,10.812623,106.633141,14.900000,5.000000,9.500000,2.677186,345.396182
"2025-10-28 09:43:23.457 +0000",1761644603.456808,10.812646,106.633135,14.900000,5.000000,9.500000,2.675111,343.600000
"2025-10-28 09:43:24.467 +0000",1761644604.466882,10.812670,106.633128,14.800000,5.000000,9.500000,2.572222,343.600000
"2025-10-28 09:43:25.477 +0000",1761644605.476889,10.812692,106.633121,14.800000,5.000000,9.500000,2.520778,343.100000
"2025-10-28 09:43:26.462 +0000",1761644606.461894,10.812713,106.633114,14.800000,5.000000,9.500000,2.263556,341.900000
"2025-10-28 09:43:27.457 +0000",1761644607.456779,10.812731,106.633108,14.700000,5.000000,9.500000,2.006333,339.900000
"2025-10-28 09:43:28.467 +0000",1761644608.467410,10.812748,106.633101,14.700000,5.000000,9.500000,1.954889,337.700000
"2025-10-28 09:43:29.463 +0000",1761644609.463270,10.812764,106.633094,14.700000,5.000000,9.500000,1.749111,335.600000
"2025-10-28 09:43:30.468 +0000",1761644610.467597,10.812777,106.633088,14.700000,5.000000,9.500000,1.389000,333.800000
"2025-10-28 09:43:31.476 +0000",1761644611.476201,10.812788,106.633083,14.700000,5.000000,9.500000,1.080333,343.172150
"2025-10-28 09:43:32.458 +0000",1761644612.458016,10.812797,106.633078,14.700000,5.000000,9.500000,1.131778,343.172150
"2025-10-28 09:43:33.469 +0000",1761644613.468874,10.812806,106.633073,14.700000,5.000000,9.500000,1.028889,343.172150
"2025-10-28 09:43:34.460 +0000",1761644614.460074,10.812815,106.633069,14.700000,5.000000,9.500000,1.080333,343.172150
"2025-10-28 09:43:35.456 +0000",1761644615.456156,10.812823,106.633064,14.700000,5.000000,9.500000,0.926000,343.172150
"2025-10-28 09:43:36.448 +0000",1761644616.447999,10.812830,106.633061,14.700000,5.000000,9.500000,0.823111,343.172150
"2025-10-28 09:43:37.466 +0000",1761644617.465791,10.812837,106.633057,14.700000,5.000000,9.500000,0.926000,343.172150
"2025-10-28 09:43:38.461 +0000",1761644618.461295,10.812846,106.633054,14.700000,5.000000,9.500000,1.131778,343.172150
"2025-10-28 09:43:39.513 +0000",1761644619.513491,10.812856,106.633049,14.700000,5.000000,9.500000,1.337556,343.172150
"2025-10-28 09:43:40.444 +0000",1761644620.443795,10.812868,106.633044,14.700000,5.000000,9.500000,1.440444,343.172150
"2025-10-28 09:43:41.453 +0000",1761644621.452876,10.812881,106.633040,14.700000,5.000000,9.500000,1.594778,343.172150
"2025-10-28 09:43:42.438 +0000",1761644622.437625,10.812900,106.633051,14.700000,5.000000,9.500000,1.646222,343.172150
"2025-10-28 09:43:43.467 +0000",1761644623.467340,10.812915,106.633047,14.700000,5.000000,9.500000,1.594778,343.172150
"2025-10-28 09:43:44.477 +0000",1761644624.476608,10.812928,106.633043,14.700000,5.000000,9.500000,1.594778,343.172150
"2025-10-28 09:43:45.474 +0000",1761644625.473865,10.812941,106.633039,14.600000,5.000000,9.500000,1.183222,343.172150
"2025-10-28 09:43:46.473 +0000",1761644626.472937,10.812951,106.633036,14.600000,5.000000,9.500000,0.874556,343.172150
"2025-10-28 09:43:47.440 +0000",1761644627.439762,10.812959,106.633034,14.600000,5.000000,9.500000,0.977444,343.172150
"2025-10-28 09:43:48.461 +0000",1761644628.460588,10.812967,106.633031,14.600000,5.000000,9.500000,0.823111,343.172150
"2025-10-28 09:43:49.440 +0000",1761644629.439580,10.812974,106.633029,14.600000,5.000000,9.500000,0.771667,343.172150
"2025-10-28 09:43:50.472 +0000",1761644630.472289,10.812979,106.633027,14.600000,5.000000,9.500000,0.411556,343.172150
"2025-10-28 09:43:51.454 +0000",1761644631.453677,10.812983,106.633026,14.600000,5.000000,9.500000,0.463000,343.172150
"2025-10-28 09:43:52.458 +0000",1761644632.457857,10.812986,106.633025,14.600000,5.000000,9.500000,0.154333,343.172150
"2025-10-28 09:43:53.448 +0000",1761644633.447767,10.812987,106.633025,14.600000,5.000000,9.500000,0.000000,343.172150
"2025-10-28 09:43:54.454 +0000",1761644634.454147,10.812987,106.633025,14.600000,5.000000,9.500000,0.000000,343.172150
"2025-10-28 09:43:55.460 +0000",1761644635.460425,10.812987,106.633025,14.600000,5.000000,9.500000,0.000000,343.172150
"2025-10-28 09:43:56.449 +0000",1761644636.448816,10.812987,106.633025,14.600000,5.000000,9.500000,0.000000,343.172150
"2025-10-28 09:43:57.437 +0000",1761644637.436760,10.812987,106.633025,14.600000,5.000000,9.500000,0.000000,343.172150
"2025-10-28 09:43:58.000 +0000",1761644638.000204,10.812987,106.633025,14.600000,5.000000,9.500000,0.000000,343.172150
"2025-10-28 09:43:58.448 +0000",1761644638.448280,10.812987,106.633025,14.600000,5.000000,9.500000,0.000000,343.172150
"2025-10-28 09:43:59.446 +0000",1761644639.446314,10.812987,106.633025,14.600000,5.000000,9.500000,0.000000,343.172150
"2025-10-28 09:44:00.436 +0000",1761644640.436469,10.812987,106.633025,14.600000,5.000000,9.500000,0.000000,343.172150
"2025-10-28 09:44:01.489 +0000",1761644641.489283,10.812987,106.633025,14.600000,5.000000,9.500000,0.000000,343.172150
"2025-10-28 09:44:02.430 +0000",1761644642.430459,10.812987,106.633025,14.600000,5.000000,9.500000,0.000000,343.172150
"2025-10-28 09:44:03.436 +0000",1761644643.436497,10.812987,106.633025,14.600000,5.000000,9.500000,0.000000,343.172150
"2025-10-28 09:44:04.441 +0000",1761644644.440666,10.812987,106.633025,14.600000,5.000000,9.500000,0.000000,343.172150
"2025-10-28 09:44:05.450 +0000",1761644645.450486,10.812987,106.633025,14.600000,5.000000,9.500000,0.000000,343.172150
"2025-10-28 09:44:06.439 +0000",1761644646.438836,10.812987,106.633025,14.600000,5.000000,9.500000,0.000000,343.172150
"2025-10-28 09:44:07.445 +0000",1761644647.445053,10.812987,106.633025,14.600000,5.000000,9.500000,0.000000,343.172150
"2025-10-28 09:44:08.458 +0000",1761644648.457999,10.812987,106.633025,14.600000,5.000000,9.500000,0.000000,343.172150
"2025-10-28 09:44:09.485 +0000",1761644649.485103,10.812987,106.633025,14.600000,5.000000,9.500000,0.000000,343.172150
"2025-10-28 09:44:10.469 +0000",1761644650.468760,10.812987,106.633025,14.600000,5.000000,9.500000,0.000000,343.172150
"2025-10-28 09:44:11.488 +0000",1761644651.487981,10.812987,106.633025,14.600000,5.000000,9.500000,0.000000,343.172150
"2025-10-28 09:44:12.471 +0000",1761644652.470951,10.812987,106.633025,14.600000,5.000000,9.500000,0.000000,343.172150
"2025-10-28 09:44:13.451 +0000",1761644653.451330,10.812987,106.633025,14.600000,5.000000,9.500000,0.000000,343.172150
"2025-10-28 09:44:14.525 +0000",1761644654.524771,10.812987,106.633025,14.600000,5.000000,9.500000,0.000000,343.172150
"2025-10-28 09:44:15.448 +0000",1761644655.448322,10.812987,106.633025,14.600000,5.000000,9.500000,0.000000,343.172150
"2025-10-28 09:44:16.480 +0000",1761644656.479563,10.812987,106.633025,14.600000,5.000000,9.500000,0.000000,343.172150
"2025-10-28 09:44:17.454 +0000",1761644657.454330,10.812987,106.633025,14.600000,5.000000,9.500000,0.000000,343.172150
"2025-10-28 09:44:18.477 +0000",1761644658.477035,10.812987,106.633025,14.600000,5.000000,9.500000,0.000000,343.172150
"2025-10-28 09:44:19.477 +0000",1761644659.476580,10.812987,106.633025,14.600000,5.000000,9.500000,0.000000,343.172150
"2025-10-28 09:44:20.470 +0000",1761644660.470345,10.812987,106.633025,14.600000,5.000000,9.500000,0.000000,343.172150
"2025-10-28 09:44:21.467 +0000",1761644661.466581,10.812987,106.633025,14.600000,5.000000,9.500000,0.000000,343.172150
"2025-10-28 09:44:22.000 +0000",1761644662.000237,10.812987,106.633025,14.600000,5.000000,9.500000,0.000000,343.172150
"2025-10-28 09:44:22.452 +0000",1761644662.452279,10.812987,106.633025,14.600000,5.000000,9.500000,0.000000,343.172150
"2025-10-28 09:44:23.452 +0000",1761644663.451586,10.812987,106.633025,14.600000,5.000000,9.500000,0.000000,343.172150
"2025-10-28 09:44:24.458 +0000",1761644664.458491,10.812987,106.633025,14.600000,5.000000,9.500000,0.000000,343.172150
"2025-10-28 09:44:25.441 +0000",1761644665.441348,10.812987,106.633025,14.600000,5.000000,9.500000,0.000000,343.172150
"2025-10-28 09:44:26.445 +0000",1761644666.445289,10.812987,106.633025,14.600000,5.000000,9.500000,0.000000,343.172150
"2025-10-28 09:44:27.437 +0000",1761644667.437349,10.812987,106.633025,14.600000,5.000000,9.500000,0.000000,343.172150
"2025-10-28 09:44:28.443 +0000",1761644668.442923,10.812987,106.633025,14.600000,5.000000,9.500000,0.000000,343.172150
"2025-10-28 09:44:29.451 +0000",1761644669.451282,10.812987,106.633025,14.600000,5.000000,9.500000,0.000000,343.172150
"2025-10-28 09:44:30.450 +0000",1761644670.450183,10.812987,106.633025,14.600000,5.000000,9.500000,0.000000,343.172150
"2025-10-28 09:44:31.445 +0000",1761644671.445391,10.812987,106.633025,14.600000,5.000000,9.500000,0.000000,343.172150
"2025-10-28 09:44:32.437 +0000",1761644672.437290,10.812987,106.633025,14.600000,5.000000,9.500000,0.000000,343.172150
"2025-10-28 09:44:33.454 +0000",1761644673.454129,10.812987,106.633025,14.600000,5.000000,9.500000,0.000000,343.172150
"2025-10-28 09:44:34.450 +0000",1761644674.450072,10.812987,106.633025,14.600000,5.000000,9.500000,0.000000,343.172150
"2025-10-28 09:44:35.437 +0000",1761644675.436546,10.812987,106.633025,14.600000,5.000000,9.500000,0.000000,343.172150
"2025-10-28 09:44:36.454 +0000",1761644676.454260,10.812987,106.633025,14.600000,5.000000,9.500000,0.000000,343.172150
"2025-10-28 09:44:37.460 +0000",1761644677.460080,10.812987,106.633025,14.600000,5.000000,9.500000,0.000000,343.172150
"2025-10-28 09:44:38.450 +0000",1761644678.449790,10.812987,106.633025,14.600000,5.000000,9.500000,0.000000,343.172150
"2025-10-28 09:44:39.478 +0000",1761644679.478198,10.812987,106.633025,14.600000,5.000000,9.500000,0.000000,343.172150
"2025-10-28 09:44:40.465 +0000",1761644680.465283,10.812987,106.633025,14.600000,5.000000,9.500000,0.000000,343.172150
"2025-10-28 09:44:41.460 +0000",1761644681.460174,10.812987,106.633025,14.600000,5.000000,9.500000,0.000000,343.172150
"2025-10-28 09:44:42.460 +0000",1761644682.460100,10.812987,106.633025,14.600000,5.000000,9.500000,0.000000,343.172150
"2025-10-28 09:44:43.459 +0000",1761644683.459302,10.812987,106.633025,14.600000,5.000000,9.500000,0.000000,343.172150
"2025-10-28 09:45:01.476 +0000",1761644701.475514,10.812987,106.633025,14.600000,5.000000,9.500000,0.000000,343.172150
"2025-10-28 09:45:02.437 +0000",1761644702.437470,10.812987,106.633025,14.600000,5.000000,9.500000,0.000000,343.172150
"2025-10-28 09:45:03.466 +0000",1761644703.465990,10.812987,106.633025,14.600000,5.000000,9.500000,0.000000,343.172150
"2025-10-28 09:45:04.461 +0000",1761644704.460711,10.812987,106.633025,14.600000,5.000000,9.500000,0.000000,343.172150
"2025-10-28 09:45:05.488 +0000",1761644705.487811,10.812987,106.633025,14.600000,5.000000,9.500000,0.000000,343.172150
"2025-10-28 09:45:06.464 +0000",1761644706.464198,10.812987,106.633025,14.600000,5.000000,9.500000,0.000000,343.172150
"2025-10-28 09:45:07.452 +0000",1761644707.452075,10.812987,106.633025,14.600000,5.000000,9.500000,0.000000,343.172150
"2025-10-28 09:45:08.463 +0000",1761644708.463079,10.812987,106.633025,14.600000,5.000000,9.500000,0.000000,343.172150
"2025-10-28 09:45:09.459 +0000",1761644709.459463,10.812987,106.633025,14.600000,5.000000,9.500000,0.000000,343.172150
"2025-10-28 09:45:10.444 +0000",1761644710.444453,10.812987,106.633025,14.600000,5.000000,9.500000,0.000000,343.172150
"2025-10-28 09:45:11.429 +0000",1761644711.429439,10.812987,106.633025,14.600000,5.000000,9.500000,0.000000,343.172150
"2025-10-28 09:45:12.435 +0000",1761644712.434670,10.812987,106.633025,14.600000,5.000000,9.500000,0.000000,343.172150
"2025-10-28 09:45:13.474 +0000",1761644713.474261,10.812987,106.633025,14.600000,5.000000,9.500000,0.000000,343.172150
"2025-10-28 09:45:14.469 +0000",1761644714.468539,10.812987,106.633025,14.600000,5.000000,9.500000,0.000000,343.172150
"2025-10-28 09:45:15.444 +0000",1761644715.444221,10.812987,106.633025,14.600000,5.000000,9.500000,0.000000,343.172150
"2025-10-28 09:45:16.444 +0000",1761644716.443875,10.812987,106.633025,14.600000,5.000000,9.500000,0.000000,343.172150
"2025-10-28 09:45:17.450 +0000",1761644717.449527,10.812987,106.633025,14.600000,5.000000,9.500000,0.000000,343.172150
"2025-10-28 09:45:18.479 +0000",1761644718.478821,10.812987,106.633025,14.600000,5.000000,9.500000,0.000000,343.172150
"2025-10-28 09:45:19.461 +0000",1761644719.460668,10.812987,106.633025,14.600000,5.000000,9.500000,0.000000,343.172150
"2025-10-28 09:45:20.437 +0000",1761644720.437484,10.812987,106.633025,14.600000,5.000000,9.500000,0.000000,343.172150
"2025-10-28 09:45:21.461 +0000",1761644721.461382,10.812987,106.633025,14.600000,5.000000,9.500000,0.000000,343.172150
"2025-10-28 09:45:22.443 +0000",1761644722.443176,10.812987,106.633025,14.600000,5.000000,9.500000,0.000000,343.172150
"2025-10-28 09:45:23.000 +0000",1761644723.000261,10.812987,106.633025,14.600000,5.000000,9.500000,0.000000,343.172150
"2025-10-28 09:45:23.439 +0000",1761644723.439019,10.812987,106.633025,14.600000,5.000000,9.500000,0.000000,343.172150
"2025-10-28 09:45:24.430 +0000",1761644724.430476,10.812987,106.633025,14.600000,5.000000,9.500000,0.000000,343.172150
"2025-10-28 09:45:25.470 +0000",1761644725.470349,10.812987,106.633025,14.600000,5.000000,9.500000,0.000000,343.172150
"2025-10-28 09:45:26.461 +0000",1761644726.461254,10.812987,106.633025,14.600000,5.000000,9.500000,0.000000,343.172150
"2025-10-28 09:45:27.441 +0000",1761644727.441407,10.812987,106.633025,14.600000,5.000000,9.500000,0.000000,343.172150
"2025-10-28 09:45:28.440 +0000",1761644728.440332,10.812987,106.633025,14.600000,5.000000,9.500000,0.000000,343.172150
"2025-10-28 09:45:29.447 +0000",1761644729.447158,10.812987,106.633025,14.600000,5.000000,9.500000,0.000000,343.172150
"2025-10-28 09:45:30.458 +0000",1761644730.458332,10.812987,106.633025,14.600000,5.000000,9.500000,0.000000,343.172150
"2025-10-28 09:45:31.423 +0000",1761644731.423470,10.812987,106.633025,14.600000,5.000000,9.500000,0.000000,343.172150
"2025-10-28 09:45:32.430 +0000",1761644732.430070,10.812987,106.633025,14.600000,5.000000,9.500000,0.000000,343.172150
"2025-10-28 09:45:33.425 +0000",1761644733.425422,10.812987,106.633025,14.600000,5.000000,9.500000,0.000000,343.172150
"2025-10-28 09:45:34.451 +0000",1761644734.451259,10.812987,106.633025,14.600000,5.000000,9.500000,0.000000,343.172150
"2025-10-28 09:45:35.428 +0000",1761644735.428287,10.812987,106.633025,14.600000,5.000000,9.500000,0.000000,343.172150
"2025-10-28 09:45:36.438 +0000",1761644736.438313,10.812987,106.633025,14.600000,5.000000,9.500000,0.000000,343.172150
"2025-10-28 09:45:37.448 +0000",1761644737.448034,10.812987,106.633025,14.600000,5.000000,9.500000,0.000000,343.172150
"2025-10-28 09:45:38.455 +0000",1761644738.454524,10.812987,106.633025,14.600000,5.000000,9.500000,0.000000,343.172150
"2025-10-28 09:45:39.438 +0000",1761644739.438243,10.812987,106.633025,14.600000,5.000000,9.500000,0.000000,343.172150
"2025-10-28 09:45:40.454 +0000",1761644740.454249,10.812987,106.633025,14.600000,5.000000,9.500000,0.000000,343.172150
"2025-10-28 09:45:41.429 +0000",1761644741.429417,10.812987,106.633025,14.600000,5.000000,9.500000,0.000000,343.172150
"2025-10-28 09:45:42.444 +0000",1761644742.443818,10.812987,106.633025,14.600000,5.000000,9.500000,0.000000,343.172150
"2025-10-28 09:45:43.461 +0000",1761644743.461028,10.812987,106.633025,14.600000,5.000000,9.500000,0.000000,343.172150
"2025-10-28 09:45:44.438 +0000",1761644744.437691,10.812987,106.633025,14.600000,5.000000,9.500000,0.000000,343.172150
"2025-10-28 09:45:45.447 +0000",1761644745.447025,10.812987,106.633025,14.600000,5.000000,9.500000,0.000000,343.172150
"2025-10-28 09:45:46.459 +0000",1761644746.458664,10.812987,106.633025,14.600000,5.000000,9.500000,0.000000,343.172150
"2025-10-28 09:45:47.432 +0000",1761644747.432293,10.812987,106.633025,14.600000,5.000000,9.500000,0.000000,343.172150
"2025-10-28 09:45:48.000 +0000",1761644748.000243,10.812987,106.633025,14.600000,5.000000,9.500000,0.000000,343.172150
"2025-10-28 09:45:48.440 +0000",1761644748.440110,10.812987,106.633025,14.600000,5.000000,9.500000,0.000000,343.172150
"2025-10-28 09:45:49.453 +0000",1761644749.452529,10.812987,106.633025,14.600000,5.000000,9.500000,0.000000,343.172150
"2025-10-28 09:45:50.000 +0000",1761644750.000243,10.812987,106.633025,14.600000,5.000000,9.500000,0.000000,343.172150
"2025-10-28 09:45:50.445 +0000",1761644750.444543,10.812987,106.633025,14.600000,5.000000,9.500000,0.000000,343.172150
"2025-10-28 09:45:51.473 +0000",1761644751.472867,10.812987,106.633025,14.600000,5.000000,9.500000,0.000000,343.172150
"2025-10-28 09:45:52.000 +0000",1761644752.000242,10.812987,106.633025,14.600000,5.000000,9.500000,0.000000,343.172150
"2025-10-28 09:45:52.467 +0000",1761644752.467468,10.812987,106.633025,14.600000,5.000000,9.500000,0.000000,343.172150
"2025-10-28 09:45:53.454 +0000",1761644753.453641,10.812987,106.633025,14.600000,5.000000,9.500000,0.000000,343.172150
"2025-10-28 09:45:54.000 +0000",1761644754.000243,10.812987,106.633025,14.600000,5.000000,9.500000,0.000000,343.172150
"2025-10-28 09:45:54.462 +0000",1761644754.461576,10.812987,106.633025,14.600000,5.000000,9.500000,0.000000,343.172150
"2025-10-28 09:45:55.471 +0000",1761644755.470745,10.812987,106.633025,14.600000,5.000000,9.500000,0.000000,343.172150
"2025-10-28 09:45:56.479 +0000",1761644756.479032,10.812987,106.633025,14.600000,5.000000,9.500000,0.000000,343.172150
"2025-10-28 09:45:57.431 +0000",1761644757.430507,10.812987,106.633025,14.600000,5.000000,9.500000,0.000000,343.172150
"2025-10-28 09:45:58.439 +0000",1761644758.438622,10.812987,106.633025,14.600000,5.000000,9.500000,0.000000,343.172150
"2025-10-28 09:45:59.442 +0000",1761644759.442391,10.812987,106.633025,14.600000,5.000000,9.500000,0.000000,343.172150
"2025-10-28 09:46:00.462 +0000",1761644760.462160,10.812987,106.633025,14.600000,5.000000,9.500000,0.000000,343.172150
"2025-10-28 09:46:01.460 +0000",1761644761.460039,10.812987,106.633025,14.600000,5.000000,9.500000,0.000000,343.172150
"2025-10-28 09:46:02.447 +0000",1761644762.446809,10.812987,106.633025,14.600000,5.000000,9.500000,0.000000,343.172150
"2025-10-28 09:46:03.441 +0000",1761644763.441266,10.812987,106.633025,14.600000,5.000000,9.500000,0.000000,343.172150
"2025-10-28 09:46:04.457 +0000",1761644764.457288,10.812987,106.633025,14.600000,5.000000,9.500000,0.000000,343.172150
"2025-10-28 09:46:05.443 +0000",1761644765.443287,10.812987,106.633025,14.600000,5.000000,9.500000,0.000000,343.172150
"2025-10-28 09:46:06.443 +0000",1761644766.443267,10.812988,106.633025,14.600000,5.000000,9.500000,0.308667,343.172150
"2025-10-28 09:46:07.440 +0000",1761644767.440410,10.812993,106.633023,14.600000,5.000000,9.500000,0.823111,343.172150
"2025-10-28 09:46:08.000 +0000",1761644768.000241,10.812993,106.633023,14.600000,5.000000,9.500000,0.000000,343.172150
"2025-10-28 09:46:08.442 +0000",1761644768.441999,10.813003,106.633020,14.600000,5.000000,9.500000,1.286111,343.172150
"2025-10-28 09:46:09.433 +0000",1761644769.432925,10.813016,106.633016,14.600000,5.000000,9.500000,1.491889,343.172150
"2025-10-28 09:46:10.441 +0000",1761644770.440871,10.813028,106.633012,14.500000,5.000000,9.500000,1.440444,343.172150
"2025-10-28 09:46:11.440 +0000",1761644771.440227,10.813042,106.633008,14.500000,5.000000,9.500000,1.594778,343.172150
"2025-10-28 09:46:12.447 +0000",1761644772.446949,10.813057,106.633004,14.500000,5.000000,9.500000,1.852000,343.172150
"2025-10-28 09:46:13.446 +0000",1761644773.445663,10.813076,106.632998,14.500000,5.000000,9.500000,2.572222,343.172150
"2025-10-28 09:46:14.471 +0000",1761644774.471480,10.813101,106.632990,14.500000,5.000000,9.500000,3.138111,343.172150
"2025-10-28 09:46:15.461 +0000",1761644775.460537,10.813128,106.632982,14.500000,5.000000,9.500000,2.829444,343.172150
"2025-10-28 09:46:16.430 +0000",1761644776.430204,10.813151,106.632975,14.400000,5.000000,9.500000,2.572222,343.172150
"2025-10-28 09:46:17.449 +0000",1761644777.449315,10.813173,106.632968,14.400000,5.000000,9.500000,2.366444,343.172150
"2025-10-28 09:46:18.459 +0000",1761644778.458862,10.813193,106.632962,14.400000,5.000000,9.500000,2.263556,343.172150
"2025-10-28 09:46:19.451 +0000",1761644779.451092,10.813212,106.632956,14.400000,5.000000,9.500000,2.160667,343.172150
"2025-10-28 09:46:20.443 +0000",1761644780.443308,10.813231,106.632950,14.400000,5.000000,9.500000,2.263556,343.172150
"2025-10-28 09:46:21.454 +0000",1761644781.453652,10.813248,106.632928,14.400000,5.000000,9.500000,2.675111,343.172150
"2025-10-28 09:46:22.452 +0000",1761644782.451717,10.813271,106.632921,14.400000,5.000000,9.500000,2.778000,343.172150
"2025-10-28 09:46:23.436 +0000",1761644783.435771,10.813295,106.632913,14.300000,5.000000,9.500000,2.675111,343.172150
"2025-10-28 09:46:24.473 +0000",1761644784.472572,10.813322,106.632922,14.300000,5.000000,9.500000,2.520778,343.172150
"2025-10-28 09:46:25.441 +0000",1761644785.441086,10.813342,106.632916,14.200000,5.000000,9.500000,2.366444,343.172150
"2025-10-28 09:46:26.441 +0000",1761644786.440607,10.813356,106.632908,14.200000,5.000000,9.500000,2.263556,290.400000
"2025-10-28 09:46:27.435 +0000",1761644787.434529,10.813364,106.632904,14.200000,5.000000,9.500000,2.057778,269.300000
"2025-10-28 09:46:28.448 +0000",1761644788.448193,10.813365,106.632901,14.100000,7.902638,9.500000,2.109222,249.500000
"2025-10-28 09:46:29.000 +0000",1761644789.000243,10.813367,106.632909,14.100000,8.780709,9.500000,2.107193,343.172150
"2025-10-28 09:46:29.467 +0000",1761644789.466790,10.813363,106.632910,14.200000,10.858660,9.500000,2.006333,343.172150
"2025-10-28 09:46:30.461 +0000",1761644790.461186,10.813353,106.632913,14.200000,12.569408,9.500000,2.109222,343.172150
"2025-10-28 09:46:31.470 +0000",1761644791.469737,10.813341,106.632917,14.100000,14.095048,9.500000,2.006333,343.172150
"2025-10-28 09:46:32.463 +0000",1761644792.463144,10.813326,106.632921,14.100000,15.482339,9.500000,2.109222,343.172150
"2025-10-28 09:46:33.481 +0000",1761644793.480675,10.813310,106.632926,14.100000,16.701756,9.500000,2.057778,343.172150
"2025-10-28 09:46:34.468 +0000",1761644794.468250,10.813292,106.632932,14.000000,17.767097,9.500000,2.623667,343.172150
"2025-10-28 09:46:35.463 +0000",1761644795.463197,10.813270,106.632939,14.000000,18.700779,9.500000,2.726556,343.172150
"2025-10-28 09:46:36.453 +0000",1761644796.452581,10.813247,106.632946,14.000000,19.401929,9.500000,2.726556,343.172150
"2025-10-28 09:46:37.459 +0000",1761644797.458908,10.813224,106.632952,14.000000,20.031314,9.500000,2.675111,343.172150
"2025-10-28 09:46:38.460 +0000",1761644798.459931,10.813199,106.632960,14.000000,20.660278,9.500000,3.189556,343.172150
"2025-10-28 09:46:39.469 +0000",1761644799.468682,10.813170,106.632969,14.000000,21.348958,9.500000,3.704000,343.172150
"2025-10-28 09:46:40.473 +0000",1761644800.473241,10.813137,106.632979,14.000000,22.032696,9.500000,4.012667,343.172150
"2025-10-28 09:46:41.476 +0000",1761644801.475774,10.813104,106.632989,13.900000,22.592306,9.500000,3.806889,343.172150
"2025-10-28 09:46:42.463 +0000",1761644802.462541,10.813072,106.632999,13.900000,23.012905,9.500000,3.601111,343.172150
"2025-10-28 09:46:43.463 +0000",1761644803.462897,10.813042,106.633008,13.900000,23.364749,9.500000,3.446778,343.172150
"2025-10-28 09:46:44.000 +0000",1761644804.000081,10.813042,106.633008,13.900000,23.364749,9.500000,3.447341,343.172150
"2025-10-28 09:46:44.476 +0000",1761644804.475522,10.813012,106.633017,13.900000,23.598490,9.500000,3.343889,343.172150
"2025-10-28 09:46:45.466 +0000",1761644805.465961,10.812982,106.633026,13.800000,23.805298,9.500000,3.601111,343.172150
"2025-10-28 09:46:46.479 +0000",1761644806.479469,10.812950,106.633036,13.900000,24.048319,9.500000,3.755444,343.172150
"2025-10-28 09:46:47.469 +0000",1761644807.469491,10.812918,106.633046,13.800000,24.371724,9.500000,3.601111,343.172150
"2025-10-28 09:46:48.000 +0000",1761644808.000068,10.812918,106.633046,13.800000,24.371724,9.500000,3.639296,343.172150
"2025-10-28 09:46:48.470 +0000",1761644808.470446,10.812888,106.633055,13.800000,24.624868,9.500000,3.601111,343.172150
"2025-10-28 09:46:49.479 +0000",1761644809.479377,10.812856,106.633065,13.800000,24.979304,9.500000,3.601111,343.172150
"2025-10-28 09:46:50.477 +0000",1761644810.477056,10.812826,106.633074,13.700000,25.597303,9.500000,3.549667,343.172150
"2025-10-28 09:46:51.463 +0000",1761644811.463462,10.812797,106.633083,13.700000,26.583168,9.500000,3.395333,343.172150
"2025-10-28 09:46:52.468 +0000",1761644812.468296,10.812770,106.633091,13.700000,28.055423,9.500000,3.343889,343.172150
"2025-10-28 09:46:53.470 +0000",1761644813.469592,10.812746,106.633099,13.700000,29.814078,9.500000,3.189556,343.172150
"2025-10-28 09:46:54.000 +0000",1761644814.000051,10.812746,106.633099,13.700000,29.814078,9.500000,3.870760,343.172150
"2025-10-28 09:46:54.470 +0000",1761644814.469910,10.812724,106.633106,13.800000,32.019476,9.500000,3.498222,343.172150
"2025-10-28 09:46:55.469 +0000",1761644815.469340,10.812703,106.633104,13.900000,34.094992,9.500000,3.601111,223.400000
"2025-10-28 09:46:56.468 +0000",1761644816.468228,10.812597,106.632792,14.000000,5.000000,9.500000,3.909778,241.700000
"2025-10-28 09:46:57.470 +0000",1761644817.470474,10.812584,106.632757,14.000000,5.000000,9.500000,4.527111,253.400000
"2025-10-28 09:46:58.476 +0000",1761644818.475989,10.812574,106.632714,14.100000,5.000000,9.500000,5.195889,259.200000
"2025-10-28 09:46:59.494 +0000",1761644819.493731,10.812566,106.632663,14.100000,5.000000,9.500000,5.967556,260.800000
"2025-10-28 09:47:00.479 +0000",1761644820.479117,10.812558,106.632606,14.200000,5.000000,9.500000,6.687778,262.100000
"2025-10-28 09:47:01.488 +0000",1761644821.488439,10.812550,106.632540,14.200000,5.000000,9.500000,7.613778,262.300000
"2025-10-28 09:47:02.465 +0000",1761644822.464567,10.812539,106.632468,14.100000,5.000000,9.500000,8.282556,262.000000
"2025-10-28 09:47:03.470 +0000",1761644823.470188,10.812528,106.632393,14.100000,5.000000,9.500000,8.179667,262.100000
"2025-10-28 09:47:04.463 +0000",1761644824.463343,10.812517,106.632320,14.000000,5.000000,9.500000,7.973889,261.900000
"2025-10-28 09:47:05.460 +0000",1761644825.459823,10.812506,106.632249,13.800000,5.000000,9.500000,7.768111,261.800000
"2025-10-28 09:47:06.464 +0000",1761644826.463586,10.812496,106.632179,13.800000,5.000000,9.500000,7.665222,261.700000
"2025-10-28 09:47:07.459 +0000",1761644827.458646,10.812485,106.632110,13.900000,5.000000,9.500000,7.510889,260.700000
"2025-10-28 09:47:08.444 +0000",1761644828.443885,10.812474,106.632044,13.900000,5.000000,9.500000,7.150778,259.900000
"2025-10-28 09:47:09.459 +0000",1761644829.459002,10.812462,106.631981,13.800000,5.000000,9.500000,6.842111,260.000000
"2025-10-28 09:47:10.458 +0000",1761644830.457869,10.812452,106.631921,13.800000,5.000000,9.500000,6.482000,261.000000
"2025-10-28 09:47:11.474 +0000",1761644831.473966,10.812446,106.631861,13.900000,5.000000,9.500000,6.687778,261.700000
"2025-10-28 09:47:12.470 +0000",1761644832.470167,10.812438,106.631799,14.000000,5.000000,9.500000,6.996444,262.100000
"2025-10-28 09:47:13.477 +0000",1761644833.477108,10.812431,106.631734,14.100000,5.000000,9.500000,7.202222,262.300000
"2025-10-28 09:47:14.457 +0000",1761644834.456505,10.812422,106.631669,14.000000,5.000000,9.500000,7.099333,262.200000
"2025-10-28 09:47:15.470 +0000",1761644835.470463,10.812412,106.631604,14.000000,5.000000,9.500000,7.202222,261.900000
"2025-10-28 09:47:16.451 +0000",1761644836.450926,10.812404,106.631538,14.000000,5.000000,9.500000,7.305111,261.800000
"2025-10-28 09:47:17.454 +0000",1761644837.453903,10.812395,106.631471,14.100000,5.000000,9.500000,7.356556,262.100000
"2025-10-28 09:47:18.451 +0000",1761644838.451210,10.812439,106.631394,14.200000,5.000000,9.500000,7.613778,260.793610
"2025-10-28 09:47:19.461 +0000",1761644839.461390,10.812428,106.631324,14.100000,5.000000,9.500000,7.768111,260.793610
"2025-10-28 09:47:20.559 +0000",1761644840.559189,10.812417,106.631254,14.100000,5.000000,9.500000,7.716667,260.793610
"2025-10-28 09:47:21.441 +0000",1761644841.441133,10.812407,106.631185,14.100000,5.000000,9.500000,7.768111,262.297882
"2025-10-28 09:47:22.462 +0000",1761644842.461704,10.812397,106.631112,14.200000,5.000000,9.500000,8.385444,262.297882
"2025-10-28 09:47:23.458 +0000",1761644843.458052,10.812387,106.631035,14.200000,5.000000,9.500000,8.436889,262.297882
"2025-10-28 09:47:24.465 +0000",1761644844.464736,10.812377,106.630959,14.100000,5.000000,9.500000,8.282556,262.200806
"2025-10-28 09:47:25.472 +0000",1761644845.472447,10.812367,106.630883,14.100000,5.000000,9.500000,8.591222,262.200806
"2025-10-28 09:47:26.462 +0000",1761644846.461976,10.812356,106.630802,14.200000,5.000000,9.500000,9.054222,262.200806
"2025-10-28 09:47:27.000 +0000",1761644846.999979,10.812356,106.630802,14.200000,5.000000,9.500000,8.947997,262.200806
"2025-10-28 09:47:27.470 +0000",1761644847.470138,10.812345,106.630720,14.100000,5.000000,9.500000,9.002778,262.200806
"2025-10-28 09:47:28.462 +0000",1761644848.461887,10.812334,106.630639,13.900000,5.000000,9.500000,8.797000,262.399597
"2025-10-28 09:47:29.465 +0000",1761644849.465326,10.812323,106.630559,13.800000,5.000000,9.500000,8.694111,262.399597
"2025-10-28 09:47:30.460 +0000",1761644850.460459,10.812313,106.630481,13.800000,5.000000,9.500000,8.539778,262.399597
"2025-10-28 09:47:31.457 +0000",1761644851.457225,10.812303,106.630403,13.700000,5.000000,9.500000,8.436889,262.399597
"2025-10-28 09:47:32.476 +0000",1761644852.476295,10.812293,106.630327,13.700000,5.000000,9.500000,8.282556,262.399597
"2025-10-28 09:47:33.473 +0000",1761644853.473281,10.812283,106.630253,13.700000,5.000000,9.500000,8.179667,262.399597
"2025-10-28 09:47:34.451 +0000",1761644854.450919,10.812273,106.630179,13.800000,5.000000,9.500000,8.025333,262.399597
"2025-10-28 09:47:35.462 +0000",1761644855.462216,10.812264,106.630106,13.800000,5.000000,9.500000,8.025333,262.399597
"2025-10-28 09:47:36.458 +0000",1761644856.457662,10.812254,106.630032,13.800000,5.000000,9.500000,8.231111,262.399597
"2025-10-28 09:47:37.471 +0000",1761644857.471104,10.812244,106.629956,13.700000,5.000000,9.500000,8.436889,262.399597
"2025-10-28 09:47:38.471 +0000",1761644858.471071,10.812234,106.629878,13.700000,5.000000,9.500000,8.642667,262.399597
"2025-10-28 09:47:39.476 +0000",1761644859.476105,10.812223,106.629799,13.600000,5.000000,9.500000,8.848444,262.399597
"2025-10-28 09:47:40.477 +0000",1761644860.477004,10.812209,106.629717,13.500000,5.000000,9.500000,8.951333,260.914520
"2025-10-28 09:47:41.560 +0000",1761644861.559600,10.812196,106.629635,13.500000,5.000000,9.500000,9.054222,260.914520
"2025-10-28 09:47:42.470 +0000",1761644862.470049,10.812183,106.629552,13.400000,5.000000,9.500000,9.208556,260.914520
"2025-10-28 09:47:43.473 +0000",1761644863.472845,10.812170,106.629469,13.300000,5.000000,9.500000,9.311444,260.914520
"2025-10-28 09:47:44.483 +0000",1761644864.483066,10.812156,106.629384,13.300000,5.000000,9.500000,9.362889,260.914520
"2025-10-28 09:47:45.469 +0000",1761644865.468799,10.812143,106.629300,13.200000,5.000000,9.500000,9.208556,260.873901
"2025-10-28 09:47:46.470 +0000",1761644866.470151,10.812130,106.629219,13.000000,5.000000,9.500000,8.848444,260.873901
"2025-10-28 09:47:47.456 +0000",1761644867.456194,10.812118,106.629141,12.900000,5.000000,9.500000,8.385444,260.873901
"2025-10-28 09:47:48.468 +0000",1761644868.467768,10.812106,106.629067,12.700000,5.000000,9.500000,7.922444,260.873901
"2025-10-28 09:47:49.572 +0000",1761644869.572040,10.812095,106.628998,12.800000,5.000000,9.500000,7.459444,260.873901
"2025-10-28 09:47:50.475 +0000",1761644870.474986,10.812085,106.628933,12.800000,5.000000,9.500000,6.945000,260.764496
"2025-10-28 09:47:51.476 +0000",1761644871.475525,10.812075,106.628872,12.700000,5.000000,9.500000,6.533444,260.764496
"2025-10-28 09:47:52.481 +0000",1761644872.480648,10.812065,106.628813,12.700000,5.000000,9.500000,6.636333,260.764496
"2025-10-28 09:47:53.476 +0000",1761644873.475647,10.812055,106.628751,12.800000,5.000000,9.500000,7.047889,260.764496
"2025-10-28 09:47:54.000 +0000",1761644873.999963,10.812055,106.628751,12.800000,5.000000,9.500000,7.134779,260.764496
"2025-10-28 09:47:54.463 +0000",1761644874.463254,10.812045,106.628684,12.900000,5.000000,9.500000,7.510889,260.764496
"2025-10-28 09:47:55.477 +0000",1761644875.477216,10.812033,106.628614,13.000000,5.000000,9.500000,7.871000,260.764496
"2025-10-28 09:47:56.000 +0000",1761644875.999963,10.812033,106.628614,13.000000,5.000000,9.500000,7.998247,260.764496
"2025-10-28 09:47:56.460 +0000",1761644876.460200,10.812022,106.628542,13.100000,5.000000,9.500000,8.025333,260.764496
"2025-10-28 09:47:57.470 +0000",1761644877.470477,10.811987,106.628470,13.000000,5.000000,9.500000,7.973889,250.721832
"2025-10-28 09:47:58.473 +0000",1761644878.473081,10.811963,106.628402,13.000000,5.000000,9.500000,7.922444,250.721832
"2025-10-28 09:47:59.477 +0000",1761644879.476648,10.811924,106.628339,13.000000,5.000000,9.500000,7.819556,250.721832
"2025-10-28 09:48:00.474 +0000",1761644880.473700,10.811917,106.628267,13.000000,5.000000,9.500000,7.613778,250.721832
"2025-10-28 09:48:01.477 +0000",1761644881.476795,10.811894,106.628202,13.000000,5.000000,9.500000,7.305111,250.721832
"2025-10-28 09:48:02.466 +0000",1761644882.466402,10.811873,106.628141,12.900000,5.000000,9.500000,6.893556,250.721832
"2025-10-28 09:48:03.466 +0000",1761644883.466176,10.811853,106.628083,12.900000,5.000000,9.500000,6.533444,250.787643
"2025-10-28 09:48:04.465 +0000",1761644884.464904,10.811834,106.628027,12.800000,5.000000,9.500000,6.482000,250.787643
"2025-10-28 09:48:05.464 +0000",1761644885.464002,10.811815,106.627971,12.800000,5.000000,9.500000,6.327667,250.787643
"2025-10-28 09:48:06.477 +0000",1761644886.476542,10.811796,106.627916,12.700000,5.000000,9.500000,6.430556,250.787643
"2025-10-28 09:48:07.483 +0000",1761644887.482843,10.811777,106.627861,12.700000,5.000000,9.500000,6.430556,250.787643
"2025-10-28 09:48:08.481 +0000",1761644888.481066,10.811758,106.627806,12.700000,5.000000,9.500000,6.379111,250.787643
"2025-10-28 09:48:09.484 +0000",1761644889.483748,10.811735,106.627745,12.800000,5.000000,9.500000,6.327667,244.033310
"2025-10-28 09:48:10.475 +0000",1761644890.474723,10.811717,106.627697,12.700000,5.000000,9.500000,5.916111,248.145950
"2025-10-28 09:48:11.470 +0000",1761644891.469916,10.811698,106.627649,12.700000,7.929022,9.500000,5.350222,248.145950
"2025-10-28 09:48:12.469 +0000",1761644892.468758,10.811681,106.627607,12.600000,8.153666,9.500000,4.475667,248.071411
"2025-10-28 09:48:13.453 +0000",1761644893.453400,10.811668,106.627574,12.500000,8.361663,9.500000,3.138111,248.071411
"2025-10-28 09:48:14.461 +0000",1761644894.460821,10.811659,106.627552,12.400000,8.448959,9.500000,2.109222,248.071411
"2025-10-28 09:48:15.455 +0000",1761644895.454941,10.811654,106.627539,12.400000,8.505517,9.500000,0.874556,248.071411
"2025-10-28 09:48:16.462 +0000",1761644896.462405,10.811653,106.627536,12.300000,8.495424,9.500000,0.000000,248.071411
"2025-10-28 09:48:17.534 +0000",1761644897.533711,10.811653,106.627536,12.400000,8.459510,9.500000,0.000000,248.071411
"2025-10-28 09:48:18.540 +0000",1761644898.540477,10.811653,106.627536,12.400000,8.459510,9.500000,0.000000,248.071411
"2025-10-28 09:48:19.530 +0000",1761644899.530122,10.811653,106.627536,12.400000,8.459510,9.500000,0.000000,248.071411
"2025-10-28 09:48:20.540 +0000",1761644900.539712,10.811653,106.627536,12.400000,8.459510,9.500000,0.000000,248.071411
"2025-10-28 09:48:21.537 +0000",1761644901.536661,10.811653,106.627536,12.400000,8.459510,9.500000,0.000000,248.071411
"2025-10-28 09:48:22.528 +0000",1761644902.527820,10.811653,106.627536,12.400000,8.459510,9.500000,0.000000,248.071411
"2025-10-28 09:48:23.545 +0000",1761644903.545151,10.811653,106.627536,12.400000,8.459510,9.500000,0.000000,248.071411
"2025-10-28 09:48:24.532 +0000",1761644904.532206,10.811653,106.627536,12.400000,8.459510,9.500000,0.000000,248.071411
"2025-10-28 09:48:25.000 +0000",1761644904.999953,10.811653,106.627536,12.400000,8.459510,9.500000,0.000000,248.071411
"2025-10-28 09:48:25.540 +0000",1761644905.540067,10.811653,106.627536,12.400000,8.459510,9.500000,0.000000,248.071411
"2025-10-28 09:48:26.543 +0000",1761644906.543429,10.811653,106.627536,12.400000,8.459510,9.500000,0.000000,248.071411
"2025-10-28 09:48:27.543 +0000",1761644907.542592,10.811653,106.627536,12.400000,8.459510,9.500000,0.000000,248.071411
"2025-10-28 09:48:28.554 +0000",1761644908.553593,10.811653,106.627536,12.400000,8.459510,9.500000,0.000000,248.071411
"2025-10-28 09:48:29.555 +0000",1761644909.555005,10.811653,106.627536,12.400000,8.459510,9.500000,0.000000,248.071411
"2025-10-28 09:48:30.536 +0000",1761644910.535848,10.811652,106.627535,12.400000,8.423955,9.500000,0.411556,248.071411
"2025-10-28 09:48:31.538 +0000",1761644911.537641,10.811651,106.627532,12.400000,8.385095,9.500000,0.205778,248.071411
"2025-10-28 09:48:32.547 +0000",1761644912.546929,10.811651,106.627530,12.400000,8.360349,9.500000,0.102889,248.071411
"2025-10-28 09:48:33.547 +0000",1761644913.546829,10.811651,106.627530,12.400000,8.317289,9.500000,0.000000,248.071411
"2025-10-28 09:48:34.531 +0000",1761644914.531093,10.811650,106.627528,12.400000,8.303353,9.500000,0.514444,248.071411
"2025-10-28 09:48:35.540 +0000",1761644915.540419,10.811647,106.627521,12.400000,8.279683,9.500000,1.028889,248.071411
"2025-10-28 09:48:36.542 +0000",1761644916.542483,10.811642,106.627510,12.400000,8.293001,9.500000,1.749111,248.071411
"2025-10-28 09:48:37.541 +0000",1761644917.540571,10.811635,106.627491,12.400000,8.329194,9.500000,2.417889,248.071411
"2025-10-28 09:48:38.560 +0000",1761644918.560379,10.811626,106.627467,12.400000,8.327243,9.500000,3.292444,248.071411
"2025-10-28 09:48:39.542 +0000",1761644919.541728,10.811612,106.627433,12.500000,8.391943,9.500000,4.630000,248.071411
"2025-10-28 09:48:40.539 +0000",1761644920.538752,10.811595,106.627390,12.500000,8.473087,9.500000,5.504556,248.071411
"2025-10-28 09:48:41.563 +0000",1761644921.563274,10.811576,106.627343,12.300000,8.497415,9.500000,5.350222,248.071411
"2025-10-28 09:48:42.554 +0000",1761644922.554026,10.811559,106.627299,12.200000,8.524867,9.500000,4.938667,248.071411
"2025-10-28 09:48:43.560 +0000",1761644923.559555,10.811543,106.627259,12.100000,8.558571,9.500000,4.372778,248.071411
"2025-10-28 09:48:44.565 +0000",1761644924.565355,10.811529,106.627223,12.000000,8.641583,9.500000,3.909778,248.071411
"2025-10-28 09:48:45.561 +0000",1761644925.561087,10.811516,106.627192,12.100000,8.824116,9.500000,3.395333,248.071411
"2025-10-28 09:48:46.557 +0000",1761644926.556663,10.811504,106.627163,12.100000,9.004568,9.500000,3.343889,247.816605
"2025-10-28 09:48:47.562 +0000",1761644927.562333,10.811493,106.627136,12.100000,9.304081,9.500000,3.138111,247.816605
"2025-10-28 09:48:48.553 +0000",1761644928.553479,10.811483,106.627110,12.100000,9.485628,9.500000,2.932333,247.816605
"2025-10-28 09:48:49.556 +0000",1761644929.555543,10.811474,106.627088,12.100000,9.729294,9.500000,2.315000,247.816605
"2025-10-28 09:48:50.551 +0000",1761644930.550702,10.811467,106.627071,12.100000,9.892243,9.500000,1.697667,247.816605
"2025-10-28 09:48:51.555 +0000",1761644931.555202,10.811461,106.627058,12.100000,10.095912,9.500000,1.286111,247.816605
"2025-10-28 09:48:52.524 +0000",1761644932.524023,10.811458,106.627048,12.100000,10.243455,9.500000,0.977444,247.816605
"2025-10-28 09:48:53.559 +0000",1761644933.559163,10.811454,106.627039,12.100000,10.437826,9.500000,1.131778,247.816605
"2025-10-28 09:48:54.000 +0000",1761644934.000204,10.811454,106.627039,12.100000,10.437826,9.500000,0.991085,247.816605
"2025-10-28 09:48:54.557 +0000",1761644934.556787,10.811450,106.627030,12.200000,10.639423,9.500000,0.823111,247.816605
"2025-10-28 09:48:55.569 +0000",1761644935.569409,10.811448,106.627024,12.100000,10.788085,9.500000,0.720222,247.816605
"2025-10-28 09:48:56.000 +0000",1761644936.000192,10.811448,106.627024,12.100000,10.788085,9.500000,0.776900,247.816605
"2025-10-28 09:48:56.563 +0000",1761644936.563275,10.811446,106.627018,12.200000,10.969124,9.500000,0.668778,247.816605
"2025-10-28 09:48:57.548 +0000",1761644937.547824,10.811443,106.627011,12.200000,11.171280,9.500000,1.028889,247.816605
"2025-10-28 09:48:58.564 +0000",1761644938.563908,10.811439,106.627001,12.200000,11.487370,9.500000,1.491889,247.816605
"2025-10-28 09:48:59.565 +0000",1761644939.565169,10.811433,106.626986,12.200000,12.218076,9.500000,2.315000,247.816605
"2025-10-28 09:49:00.556 +0000",1761644940.556382,10.811425,106.626967,12.300000,13.711751,9.500000,2.829444,207.700000
"2025-10-28 09:49:01.557 +0000",1761644941.556919,10.811286,106.626946,12.200000,5.000000,9.500000,3.395333,176.762939
"2025-10-28 09:49:02.542 +0000",1761644942.541922,10.811253,106.626948,12.200000,5.000000,9.500000,4.012667,176.762939
"2025-10-28 09:49:03.000 +0000",1761644943.000143,10.811253,106.626948,12.200000,5.000000,9.500000,4.460635,176.762939
"2025-10-28 09:49:03.539 +0000",1761644943.538670,10.811214,106.626950,12.300000,5.000000,9.500000,4.475667,176.762939
"2025-10-28 09:49:04.541 +0000",1761644944.541039,10.811172,106.626953,12.200000,5.000000,9.500000,4.835778,176.762939
"2025-10-28 09:49:05.000 +0000",1761644945.000128,10.811172,106.626953,12.200000,5.000000,9.500000,5.709787,176.762939
"2025-10-28 09:49:05.537 +0000",1761644945.536866,10.811125,106.626956,12.200000,5.000000,9.500000,5.504556,176.762939
"2025-10-28 09:49:06.531 +0000",1761644946.530693,10.811073,106.626958,12.200000,5.000000,9.500000,5.813222,176.762939
"2025-10-28 09:49:07.527 +0000",1761644947.527254,10.811021,106.626961,12.200000,5.000000,9.500000,5.658889,176.762939
"2025-10-28 09:49:08.524 +0000",1761644948.524321,10.810969,106.626964,12.200000,5.000000,9.500000,5.761778,176.762939
"2025-10-28 09:49:09.517 +0000",1761644949.517032,10.810916,106.626968,12.300000,5.000000,9.500000,6.070444,176.762939
"2025-10-28 09:49:10.505 +0000",1761644950.505084,10.810858,106.626971,12.300000,5.000000,9.500000,6.739222,176.762939
"2025-10-28 09:49:11.510 +0000",1761644951.510219,10.810795,106.626974,12.400000,5.000000,9.500000,7.150778,176.762939
"2025-10-28 09:49:12.511 +0000",1761644952.511279,10.810731,106.626978,12.400000,5.000000,9.500000,7.047889,176.762939
"2025-10-28 09:49:13.543 +0000",1761644953.543339,10.810669,106.626982,12.300000,5.000000,9.500000,6.739222,176.762939
"2025-10-28 09:49:14.676 +0000",1761644954.676087,10.810609,106.626985,12.300000,5.000000,9.500000,6.482000,176.762939
"2025-10-28 09:49:15.531 +0000",1761644955.530723,10.810552,106.626987,12.300000,5.000000,9.500000,6.276222,176.907028
"2025-10-28 09:49:16.516 +0000",1761644956.516253,10.810495,106.626991,12.300000,5.000000,9.500000,6.276222,176.907028
"2025-10-28 09:49:17.538 +0000",1761644957.538246,10.810439,106.626994,12.200000,5.000000,9.500000,6.224778,176.907028
"2025-10-28 09:49:18.538 +0000",1761644958.538075,10.810381,106.626997,12.300000,5.000000,9.500000,6.276222,176.783096
"2025-10-28 09:49:19.526 +0000",1761644959.525676,10.810324,106.627000,12.300000,5.000000,9.500000,6.379111,176.783096
"2025-10-28 09:49:20.524 +0000",1761644960.523692,10.810264,106.627004,12.300000,5.000000,9.500000,6.893556,176.783096
"2025-10-28 09:49:21.525 +0000",1761644961.525074,10.810197,106.627007,12.300000,5.000000,9.500000,7.768111,176.783096
"2025-10-28 09:49:22.544 +0000",1761644962.544213,10.810124,106.627013,12.300000,5.000000,9.500000,7.973889,175.817307
"2025-10-28 09:49:23.555 +0000",1761644963.554755,10.810054,106.627018,12.200000,5.000000,9.500000,7.613778,175.817307
"2025-10-28 09:49:24.552 +0000",1761644964.551864,10.809986,106.627023,12.200000,5.000000,9.500000,7.253667,175.817307
"2025-10-28 09:49:25.000 +0000",1761644965.000037,10.809986,106.627023,12.200000,5.000000,9.500000,7.198889,175.817307
"2025-10-28 09:49:25.564 +0000",1761644965.564197,10.809922,106.627028,12.100000,5.000000,9.500000,7.047889,175.817307
"2025-10-28 09:49:26.542 +0000",1761644966.541540,10.809858,106.627032,12.200000,5.000000,9.500000,7.047889,175.817307
"2025-10-28 09:49:27.526 +0000",1761644967.525802,10.809793,106.627037,12.200000,5.000000,9.500000,7.356556,175.817307
"2025-10-28 09:49:28.526 +0000",1761644968.526193,10.809725,106.627043,12.300000,5.000000,9.500000,7.716667,175.413284
"2025-10-28 09:49:29.560 +0000",1761644969.560439,10.809654,106.627049,12.300000,5.000000,9.500000,7.871000,175.413284
"2025-10-28 09:49:30.560 +0000",1761644970.560130,10.809582,106.627055,12.300000,5.000000,9.500000,8.076778,175.413284
"2025-10-28 09:49:31.508 +0000",1761644971.507787,10.809508,106.627061,12.300000,5.000000,9.500000,8.282556,175.413528
"2025-10-28 09:49:32.472 +0000",1761644972.472473,10.809434,106.627066,12.100000,5.000000,9.500000,8.179667,175.848038
"2025-10-28 09:49:33.467 +0000",1761644973.467423,10.809361,106.627072,12.000000,5.000000,9.500000,7.871000,175.848038
"2025-10-28 09:49:34.465 +0000",1761644974.465063,10.809292,106.627077,11.900000,5.000000,9.500000,7.613778,175.848038
"2025-10-28 09:49:35.451 +0000",1761644975.451268,10.809224,106.627082,11.900000,5.000000,9.500000,7.510889,175.848038
"2025-10-28 09:49:36.462 +0000",1761644976.461697,10.809155,106.627088,12.000000,5.000000,9.500000,7.665222,175.465866
"2025-10-28 09:49:37.446 +0000",1761644977.446458,10.809084,106.627093,12.000000,5.000000,9.500000,7.973889,175.465866
"2025-10-28 09:49:38.460 +0000",1761644978.459933,10.809011,106.627099,11.900000,5.000000,9.500000,8.231111,175.465866
"2025-10-28 09:49:39.438 +0000",1761644979.438457,10.808936,106.627105,11.800000,5.000000,9.500000,8.334000,175.465866
"2025-10-28 09:49:40.451 +0000",1761644980.450731,10.808862,106.627111,11.700000,5.000000,9.500000,8.231111,175.585617
"2025-10-28 09:49:41.466 +0000",1761644981.466427,10.808788,106.627117,11.600000,5.000000,9.500000,8.025333,175.585617
"2025-10-28 09:49:42.473 +0000",1761644982.472822,10.808715,106.627122,11.600000,5.000000,9.500000,8.179667,175.585617
"2025-10-28 09:49:43.458 +0000",1761644983.457620,10.808639,106.627128,11.700000,5.000000,9.500000,8.591222,175.585617
"2025-10-28 09:49:44.444 +0000",1761644984.444422,10.808559,106.627135,11.800000,5.000000,9.500000,9.105667,175.585617
"2025-10-28 09:49:45.447 +0000",1761644985.446894,10.808479,106.627141,11.700000,5.000000,9.500000,8.282556,175.585617
"2025-10-28 09:49:46.468 +0000",1761644986.468493,10.808408,106.627146,11.400000,5.000000,9.500000,7.510889,175.585617
"2025-10-28 09:49:47.458 +0000",1761644987.457585,10.808342,106.627152,11.200000,5.000000,9.500000,7.099333,175.426895
"2025-10-28 09:49:48.476 +0000",1761644988.476353,10.808280,106.627157,11.200000,5.000000,9.500000,6.584889,175.426895
"2025-10-28 09:49:49.477 +0000",1761644989.476766,10.808221,106.627161,11.200000,5.000000,9.500000,6.533444,175.426895
"2025-10-28 09:49:50.463 +0000",1761644990.463339,10.808159,106.627166,11.400000,5.000000,9.500000,7.047889,175.426895
"2025-10-28 09:49:51.468 +0000",1761644991.467773,10.808090,106.627171,11.400000,5.000000,9.500000,8.025333,175.786850
"2025-10-28 09:49:52.476 +0000",1761644992.476261,10.808015,106.627177,11.400000,5.000000,9.500000,8.797000,175.786850
"2025-10-28 09:49:53.451 +0000",1761644993.450538,10.807934,106.627183,11.300000,5.000000,9.500000,9.002778,175.786850
"2025-10-28 09:49:54.464 +0000",1761644994.463697,10.807853,106.627189,11.100000,5.000000,9.500000,8.797000,175.681900
"2025-10-28 09:49:55.455 +0000",1761644995.454662,10.807776,106.627195,10.900000,5.000000,9.500000,8.385444,175.681900
"2025-10-28 09:49:56.460 +0000",1761644996.460157,10.807702,106.627201,10.800000,5.000000,9.500000,8.128222,175.681900
"2025-10-28 09:49:57.000 +0000",1761644996.999985,10.807702,106.627201,10.800000,5.000000,9.500000,7.943148,175.681900
"2025-10-28 09:49:57.429 +0000",1761644997.429071,10.807629,106.627206,10.900000,5.000000,9.500000,7.871000,175.681900
"2025-10-28 09:49:58.451 +0000",1761644998.450573,10.807555,106.627216,10.900000,5.000000,9.500000,8.231111,173.885086
"2025-10-28 09:49:59.445 +0000",1761644999.444604,10.807479,106.627225,11.100000,5.000000,9.500000,8.642667,173.885086
"2025-10-28 09:50:00.463 +0000",1761645000.462720,10.807401,106.627233,11.100000,5.000000,9.500000,8.488333,173.885086
"2025-10-28 09:50:01.000 +0000",1761645000.999980,10.807401,106.627233,11.100000,5.000000,9.500000,8.361522,173.885086
"2025-10-28 09:50:01.451 +0000",1761645001.451382,10.807326,106.627241,11.000000,5.000000,9.500000,8.282556,173.885086
"2025-10-28 09:50:02.000 +0000",1761645001.999979,10.807326,106.627241,11.000000,5.000000,9.500000,8.204218,173.885086
"2025-10-28 09:50:02.452 +0000",1761645002.451975,10.807252,106.627249,11.000000,5.000000,9.500000,8.076778,173.885086
"2025-10-28 09:50:03.469 +0000",1761645003.469383,10.807181,106.627257,10.800000,5.000000,9.500000,7.613778,173.885086
"2025-10-28 09:50:04.000 +0000",1761645003.999978,10.807181,106.627257,10.800000,5.000000,9.500000,7.104872,173.885086
"2025-10-28 09:50:04.465 +0000",1761645004.465062,10.807115,106.627264,10.700000,5.000000,9.500000,6.996444,173.885086
"2025-10-28 09:50:05.461 +0000",1761645005.460971,10.807051,106.627273,10.700000,5.000000,9.500000,6.893556,171.557556
"2025-10-28 09:50:06.445 +0000",1761645006.445498,10.806990,106.627283,10.600000,5.000000,9.500000,6.636333,171.233139
"2025-10-28 09:50:07.467 +0000",1761645007.467041,10.806930,106.627292,10.700000,5.000000,9.500000,6.687778,171.233139
"2025-10-28 09:50:08.470 +0000",1761645008.469977,10.806871,106.627301,10.600000,5.000000,9.500000,6.482000,171.233139
"2025-10-28 09:50:09.453 +0000",1761645009.452750,10.806816,106.627310,10.500000,5.000000,9.500000,5.710333,171.233139
"2025-10-28 09:50:10.454 +0000",1761645010.454347,10.806768,106.627317,10.500000,5.000000,9.500000,4.990111,171.233139
"2025-10-28 09:50:11.453 +0000",1761645011.452924,10.806725,106.627324,10.600000,5.000000,9.500000,4.424222,171.233139
"2025-10-28 09:50:12.452 +0000",1761645012.451761,10.806687,106.627330,10.600000,5.000000,9.500000,4.012667,171.233139
"2025-10-28 09:50:13.445 +0000",1761645013.445092,10.806655,106.627335,10.500000,5.000000,9.500000,3.035222,171.233139
"2025-10-28 09:50:14.466 +0000",1761645014.466273,10.806631,106.627339,10.500000,5.000000,9.500000,2.315000,171.233139
"2025-10-28 09:50:15.468 +0000",1761645015.468045,10.806614,106.627341,10.600000,5.000000,9.500000,1.389000,171.233139
"2025-10-28 09:50:16.446 +0000",1761645016.446349,10.806606,106.627343,10.600000,5.000000,9.500000,0.463000,171.233139
"2025-10-28 09:50:17.472 +0000",1761645017.472028,10.806604,106.627343,10.600000,5.000000,9.500000,0.000000,171.233139
"2025-10-28 09:50:18.455 +0000",1761645018.454812,10.806604,106.627343,10.600000,5.000000,9.500000,0.000000,171.233139
"2025-10-28 09:50:19.453 +0000",1761645019.453094,10.806604,106.627343,10.600000,5.000000,9.500000,0.000000,171.233139
"2025-10-28 09:50:20.467 +0000",1761645020.467083,10.806604,106.627343,10.600000,5.000000,9.500000,0.000000,171.233139
"2025-10-28 09:50:21.463 +0000",1761645021.462601,10.806604,106.627343,10.600000,5.000000,9.500000,0.000000,171.233139
"2025-10-28 09:50:22.464 +0000",1761645022.463600,10.806604,106.627343,10.600000,5.000000,9.500000,0.000000,171.233139
"2025-10-28 09:50:23.000 +0000",1761645022.999958,10.806604,106.627343,10.600000,5.000000,9.500000,0.000000,171.233139
"2025-10-28 09:50:23.457 +0000",1761645023.456769,10.806604,106.627343,10.600000,5.000000,9.500000,0.000000,171.233139
"2025-10-28 09:50:24.453 +0000",1761645024.453409,10.806604,106.627343,10.600000,5.000000,9.500000,0.000000,171.233139
"2025-10-28 09:50:25.462 +0000",1761645025.461982,10.806604,106.627343,10.600000,5.000000,9.500000,0.000000,171.233139
"2025-10-28 09:50:26.447 +0000",1761645026.447074,10.806604,106.627343,10.600000,5.000000,9.500000,0.000000,171.233139
"2025-10-28 09:50:27.000 +0000",1761645026.999954,10.806604,106.627343,10.600000,5.000000,9.500000,0.000000,171.233139
"2025-10-28 09:50:27.454 +0000",1761645027.454042,10.806604,106.627343,10.600000,5.000000,9.500000,0.000000,171.233139
"2025-10-28 09:50:28.456 +0000",1761645028.456040,10.806604,106.627343,10.600000,5.000000,9.500000,0.000000,171.233139
"2025-10-28 09:50:29.457 +0000",1761645029.456744,10.806604,106.627343,10.600000,5.000000,9.500000,0.000000,171.233139
"2025-10-28 09:50:30.455 +0000",1761645030.455316,10.806604,106.627343,10.600000,5.000000,9.500000,0.000000,171.233139
"2025-10-28 09:50:31.454 +0000",1761645031.453796,10.806604,106.627343,10.600000,5.000000,9.500000,0.000000,171.233139
"2025-10-28 09:50:32.446 +0000",1761645032.446092,10.806604,106.627343,10.600000,5.000000,9.500000,0.000000,171.233139
"2025-10-28 09:50:33.460 +0000",1761645033.459580,10.806604,106.627343,10.600000,5.000000,9.500000,0.000000,171.233139
"2025-10-28 09:50:34.449 +0000",1761645034.448544,10.806604,106.627343,10.600000,5.000000,9.500000,0.000000,171.233139
"2025-10-28 09:50:35.456 +0000",1761645035.455811,10.806604,106.627343,10.600000,5.000000,9.500000,0.000000,171.233139
"2025-10-28 09:50:36.432 +0000",1761645036.431851,10.806604,106.627343,10.600000,5.000000,9.500000,0.000000,171.233139
"2025-10-28 09:50:37.443 +0000",1761645037.443471,10.806604,106.627343,10.600000,5.000000,9.500000,0.000000,171.233139
"2025-10-28 09:50:38.447 +0000",1761645038.447428,10.806604,106.627343,10.600000,5.000000,9.500000,0.000000,171.233139
"2025-10-28 09:50:39.446 +0000",1761645039.446346,10.806604,106.627343,10.600000,5.000000,9.500000,0.000000,171.233139
"2025-10-28 09:50:40.443 +0000",1761645040.442764,10.806604,106.627343,10.600000,5.000000,9.500000,0.000000,171.233139
"2025-10-28 09:50:41.454 +0000",1761645041.453699,10.806604,106.627343,10.600000,5.000000,9.500000,0.000000,171.233139
"2025-10-28 09:50:42.458 +0000",1761645042.457890,10.806604,106.627343,10.600000,5.000000,9.500000,0.000000,171.233139
"2025-10-28 09:50:43.455 +0000",1761645043.454957,10.806604,106.627343,10.600000,5.000000,9.500000,0.000000,171.233139
"2025-10-28 09:50:44.444 +0000",1761645044.444294,10.806604,106.627343,10.600000,5.000000,9.500000,0.000000,171.233139
"2025-10-28 09:50:45.432 +0000",1761645045.431526,10.806604,106.627343,10.600000,5.000000,9.500000,0.000000,171.233139
"2025-10-28 09:50:46.444 +0000",1761645046.444496,10.806604,106.627343,10.600000,5.000000,9.500000,0.000000,171.233139
"2025-10-28 09:50:47.458 +0000",1761645047.457938,10.806604,106.627343,10.600000,5.000000,9.500000,0.000000,171.233139
"2025-10-28 09:50:48.458 +0000",1761645048.457758,10.806604,106.627343,10.600000,5.000000,9.500000,0.000000,171.233139
"2025-10-28 09:50:49.444 +0000",1761645049.444425,10.806604,106.627343,10.600000,5.000000,9.500000,0.000000,171.233139
"2025-10-28 09:50:50.452 +0000",1761645050.452246,10.806604,106.627343,10.600000,5.000000,9.500000,0.257222,171.233139
"2025-10-28 09:50:51.444 +0000",1761645051.443562,10.806599,106.627344,10.700000,5.000000,9.500000,0.771667,171.233139
"2025-10-28 09:50:52.447 +0000",1761645052.446905,10.806590,106.627345,10.600000,5.000000,9.500000,1.183222,171.233139
"2025-10-28 09:50:53.447 +0000",1761645053.447431,10.806578,106.627347,10.600000,5.000000,9.500000,1.440444,171.233139
"2025-10-28 09:50:54.451 +0000",1761645054.450601,10.806564,106.627349,10.600000,5.000000,9.500000,1.749111,171.233139
"2025-10-28 09:50:55.458 +0000",1761645055.458428,10.806546,106.627352,10.700000,5.000000,9.500000,2.212111,171.233139
"2025-10-28 09:50:56.447 +0000",1761645056.446848,10.806525,106.627355,10.700000,5.000000,9.500000,2.417889,171.233139
"2025-10-28 09:50:57.459 +0000",1761645057.458694,10.806502,106.627359,10.700000,5.000000,9.500000,2.520778,171.233139
"2025-10-28 09:50:58.446 +0000",1761645058.446376,10.806479,106.627362,10.800000,5.000000,9.500000,2.417889,171.233139
"2025-10-28 09:50:59.457 +0000",1761645059.456983,10.806458,106.627366,10.800000,5.000000,9.500000,2.212111,171.233139
"2025-10-28 09:51:00.460 +0000",1761645060.459808,10.806437,106.627372,10.800000,5.000000,9.500000,2.006333,165.882751
"2025-10-28 09:51:01.000 +0000",1761645061.000178,10.806437,106.627372,10.800000,5.000000,9.500000,2.079850,165.882751
"2025-10-28 09:51:01.457 +0000",1761645061.457482,10.806419,106.627377,10.800000,5.000000,9.500000,2.160667,165.882751
"2025-10-28 09:51:02.445 +0000",1761645062.444738,10.806400,106.627381,10.900000,5.000000,9.500000,2.366444,165.882751
"2025-10-28 09:51:03.000 +0000",1761645063.000169,10.806400,106.627381,10.900000,5.000000,9.500000,2.467730,196.085925
"2025-10-28 09:51:03.447 +0000",1761645063.446844,10.806386,106.627401,11.000000,5.000000,9.500000,2.417889,203.700000
"2025-10-28 09:51:04.000 +0000",1761645064.000160,10.806386,106.627401,11.000000,5.000000,9.500000,2.969614,214.157420
"2025-10-28 09:51:04.451 +0000",1761645064.450811,10.806366,106.627388,11.200000,5.000000,9.500000,2.778000,223.500000
"2025-10-28 09:51:05.461 +0000",1761645065.461012,10.806351,106.627368,11.200000,5.000000,9.500000,2.829444,245.400000
"2025-10-28 09:51:06.000 +0000",1761645066.000147,10.806351,106.627368,11.200000,5.000000,9.500000,3.610506,282.310913
"2025-10-28 09:51:06.467 +0000",1761645066.466770,10.806345,106.627339,11.300000,5.000000,9.500000,3.498222,282.310913
"2025-10-28 09:51:07.463 +0000",1761645067.463492,10.806349,106.627302,11.400000,5.000000,9.500000,4.578556,282.310913
"2025-10-28 09:51:08.000 +0000",1761645068.000129,10.806349,106.627302,11.400000,5.000000,9.500000,5.737418,282.310913
"2025-10-28 09:51:08.507 +0000",1761645068.506732,10.806360,106.627255,11.500000,5.000000,9.500000,5.813222,282.310913
"2025-10-28 09:51:09.479 +0000",1761645069.478819,10.806375,106.627197,11.500000,5.000000,9.500000,6.996444,282.310913
"2025-10-28 09:51:10.489 +0000",1761645070.488974,10.806387,106.627132,11.500000,5.000000,9.500000,7.768111,282.310913
"2025-10-28 09:51:11.462 +0000",1761645071.462340,10.806399,106.627056,11.500000,5.000000,9.500000,8.951333,282.310913
"2025-10-28 09:51:12.491 +0000",1761645072.491155,10.806412,106.626971,11.500000,5.000000,9.500000,9.980222,282.310913
"2025-10-28 09:51:13.487 +0000",1761645073.486943,10.806428,106.626876,11.500000,5.000000,9.500000,10.751889,282.310913
"2025-10-28 09:51:14.467 +0000",1761645074.466846,10.806447,106.626780,11.400000,5.000000,9.500000,10.649000,282.310913
"2025-10-28 09:51:15.477 +0000",1761645075.476844,10.806465,106.626685,11.200000,5.000000,9.500000,10.494667,282.344696
"2025-10-28 09:51:16.486 +0000",1761645076.485627,10.806485,106.626593,11.000000,5.000000,9.500000,10.031667,282.344696
"2025-10-28 09:51:17.484 +0000",1761645077.483908,10.806505,106.626509,10.700000,5.000000,9.500000,8.797000,282.344696
"2025-10-28 09:51:18.475 +0000",1761645078.475077,10.806521,106.626436,10.500000,5.000000,9.500000,7.305111,282.344696
"2025-10-28 09:51:19.474 +0000",1761645079.473859,10.806533,106.626375,10.300000,5.000000,9.500000,6.327667,282.344696
"2025-10-28 09:51:20.463 +0000",1761645080.462684,10.806545,106.626322,10.200000,5.000000,9.500000,5.504556,282.344696
"2025-10-28 09:51:21.483 +0000",1761645081.482524,10.806555,106.626275,10.100000,5.000000,9.500000,4.784333,282.344696
"2025-10-28 09:51:22.477 +0000",1761645082.476930,10.806564,106.626235,10.100000,5.000000,9.500000,4.269889,282.344696
"2025-10-28 09:51:23.473 +0000",1761645083.472866,10.806572,106.626199,10.000000,5.000000,9.500000,3.601111,282.344696
"2025-10-28 09:51:24.466 +0000",1761645084.466243,10.806578,106.626171,10.000000,5.000000,9.500000,2.520778,282.344696
"2025-10-28 09:51:25.471 +0000",1761645085.470507,10.806582,106.626151,10.000000,5.000000,9.500000,2.057778,282.344696
"2025-10-28 09:51:26.000 +0000",1761645086.000022,10.806582,106.626151,10.000000,5.000000,9.500000,2.216623,282.344696
"2025-10-28 09:51:26.487 +0000",1761645086.486833,10.806586,106.626131,10.100000,5.000000,9.500000,2.212111,282.344696
"2025-10-28 09:51:27.454 +0000",1761645087.453794,10.806591,106.626110,10.100000,5.000000,9.500000,2.417889,282.344696
"2025-10-28 09:51:28.000 +0000",1761645088.000015,10.806591,106.626110,10.100000,5.000000,9.500000,2.687152,282.344696
"2025-10-28 09:51:28.460 +0000",1761645088.460087,10.806596,106.626087,10.100000,5.000000,9.500000,2.623667,282.344696
"2025-10-28 09:51:29.471 +0000",1761645089.471070,10.806602,106.626060,10.100000,5.000000,9.500000,3.395333,282.344696
"2025-10-28 09:51:30.477 +0000",1761645090.476661,10.806609,106.626024,10.100000,5.000000,9.500000,4.578556,281.407990
"2025-10-28 09:51:31.474 +0000",1761645091.474042,10.806619,106.625976,10.200000,5.000000,9.500000,6.121889,281.407990
"2025-10-28 09:51:32.474 +0000",1761645092.473929,10.806633,106.625915,10.300000,5.000000,9.500000,7.459444,281.407990
"2025-10-28 09:51:33.468 +0000",1761645093.467966,10.806648,106.625844,10.200000,5.000000,9.500000,8.179667,281.407990
"2025-10-28 09:51:34.469 +0000",1761645094.468628,10.806664,106.625768,10.000000,5.000000,9.500000,8.848444,281.407990
"2025-10-28 09:51:35.486 +0000",1761645095.486282,10.806682,106.625685,10.000000,5.000000,9.500000,9.671556,281.407990
"2025-10-28 09:51:36.485 +0000",1761645096.484810,10.806702,106.625594,10.000000,5.000000,9.500000,10.700444,281.830902
"2025-10-28 09:51:37.463 +0000",1761645097.462918,10.806726,106.625494,10.000000,5.000000,9.500000,11.575000,281.830902
"2025-10-28 09:51:38.473 +0000",1761645098.473490,10.806753,106.625387,9.900000,5.000000,9.500000,12.501000,281.830902
"2025-10-28 09:51:39.447 +0000",1761645099.447119,10.806783,106.625272,9.800000,5.000000,9.500000,13.272667,281.830902
"2025-10-28 09:51:40.485 +0000",1761645100.485106,10.806813,106.625151,9.700000,5.000000,9.500000,13.838556,281.830902
"2025-10-28 09:51:41.470 +0000",1761645101.469520,10.806843,106.625027,9.500000,5.000000,9.500000,14.095778,282.365265
"2025-10-28 09:51:42.465 +0000",1761645102.464621,10.806870,106.624900,9.300000,5.000000,9.500000,14.147222,282.365265
"2025-10-28 09:51:43.457 +0000",1761645103.457276,10.806895,106.624773,9.000000,5.000000,9.500000,14.044333,282.365265
"2025-10-28 09:51:44.460 +0000",1761645104.459684,10.806923,106.624648,8.900000,5.000000,9.500000,13.941444,282.365265
"2025-10-28 09:51:45.450 +0000",1761645105.449879,10.806949,106.624526,8.900000,5.000000,9.500000,13.529889,282.365265
"2025-10-28 09:51:46.464 +0000",1761645106.463660,10.806975,106.624406,8.800000,5.000000,9.500000,13.324111,282.365265
"2025-10-28 09:51:47.463 +0000",1761645107.463441,10.806999,106.624287,8.700000,5.000000,9.500000,13.118333,282.255707
"2025-10-28 09:51:48.463 +0000",1761645108.462652,10.807020,106.624170,8.700000,5.000000,9.500000,12.809667,282.255707
"2025-10-28 09:51:49.524 +0000",1761645109.523736,10.807043,106.624056,8.600000,5.000000,9.500000,12.552444,282.255707
"2025-10-28 09:51:50.441 +0000",1761645110.441065,10.807065,106.623945,8.500000,5.000000,9.500000,12.140889,282.355225
"2025-10-28 09:51:51.458 +0000",1761645111.458162,10.807087,106.623839,8.600000,5.000000,9.500000,11.780778,282.355225
"2025-10-28 09:51:52.457 +0000",1761645112.456521,10.807108,106.623734,8.500000,5.000000,9.500000,11.626444,282.296661
"2025-10-28 09:51:53.445 +0000",1761645113.445442,10.807128,106.623629,8.600000,5.000000,9.500000,11.523556,282.296661
"2025-10-28 09:51:54.429 +0000",1761645114.429340,10.807149,106.623524,8.700000,5.000000,9.500000,11.832222,282.296661
"2025-10-28 09:51:55.449 +0000",1761645115.449040,10.807174,106.623418,8.700000,5.000000,9.500000,11.935111,282.296661
"2025-10-28 09:51:56.456 +0000",1761645116.456370,10.807197,106.623312,8.500000,5.000000,9.500000,11.626444,282.296661
"2025-10-28 09:51:57.000 +0000",1761645116.999946,10.807197,106.623312,8.500000,5.000000,9.500000,11.330803,282.296661
"2025-10-28 09:51:57.436 +0000",1761645117.436205,10.807216,106.623210,8.500000,5.000000,9.500000,11.163444,282.296661
"2025-10-28 09:51:58.442 +0000",1761645118.441677,10.807227,106.623109,8.600000,5.000000,9.500000,10.803333,282.296661
"2025-10-28 09:51:59.000 +0000",1761645118.999942,10.807227,106.623109,8.600000,5.000000,9.500000,10.579482,282.296661
"2025-10-28 09:51:59.451 +0000",1761645119.450831,10.807261,106.623018,8.800000,5.000000,9.500000,10.340333,283.312073
"2025-10-28 09:52:00.451 +0000",1761645120.451156,10.807283,106.622927,8.800000,5.000000,9.500000,10.031667,283.312073
"2025-10-28 09:52:01.451 +0000",1761645121.450699,10.807303,106.622839,8.900000,5.000000,9.500000,9.774444,283.312073
"2025-10-28 09:52:02.421 +0000",1761645122.421235,10.807324,106.622750,8.900000,5.000000,9.500000,10.083111,283.312073
"2025-10-28 09:52:03.425 +0000",1761645123.425427,10.807345,106.622659,9.000000,5.000000,9.500000,10.288889,283.312073
"2025-10-28 09:52:04.000 +0000",1761645123.999934,10.807345,106.622659,9.000000,5.000000,9.500000,10.353659,283.312073
"2025-10-28 09:52:04.447 +0000",1761645124.446762,10.807367,106.622567,9.000000,5.000000,9.500000,10.391778,283.069153
"2025-10-28 09:52:05.423 +0000",1761645125.423176,10.807388,106.622475,8.900000,5.000000,9.500000,10.186000,283.069153
"2025-10-28 09:52:06.469 +0000",1761645126.469369,10.807408,106.622388,8.700000,5.000000,9.500000,9.362889,283.069153
"2025-10-28 09:52:07.441 +0000",1761645127.441129,10.807426,106.622310,8.500000,5.000000,9.500000,8.231111,283.294159
"2025-10-28 09:52:08.440 +0000",1761645128.439514,10.807442,106.622242,8.400000,5.000000,9.500000,7.099333,283.294159
"2025-10-28 09:52:09.452 +0000",1761645129.451727,10.807455,106.622183,8.300000,5.000000,9.500000,5.916111,283.294159
"2025-10-28 09:52:10.444 +0000",1761645130.443938,10.807466,106.622137,8.300000,5.000000,9.500000,4.578556,283.294159
"2025-10-28 09:52:11.454 +0000",1761645131.454119,10.807474,106.622101,8.300000,5.000000,9.500000,3.241000,283.294159
"2025-10-28 09:52:12.443 +0000",1761645132.442956,10.807480,106.622079,8.200000,5.000000,9.500000,1.800556,283.294159
"2025-10-28 09:52:13.448 +0000",1761645133.448104,10.807482,106.622070,8.200000,5.000000,9.500000,0.411556,283.294159
"2025-10-28 09:52:14.000 +0000",1761645133.999918,10.807482,106.622070,8.200000,5.000000,9.500000,0.078458,283.294159
"2025-10-28 09:52:14.441 +0000",1761645134.441396,10.807482,106.622068,8.200000,5.000000,9.500000,0.000000,283.294159
"2025-10-28 09:52:15.430 +0000",1761645135.430329,10.807482,106.622068,8.300000,5.000000,9.500000,0.000000,283.294159
"2025-10-28 09:52:16.437 +0000",1761645136.436561,10.807482,106.622068,8.300000,5.000000,9.500000,0.000000,283.294159
"2025-10-28 09:52:17.428 +0000",1761645137.428078,10.807482,106.622068,8.300000,5.000000,9.500000,0.000000,283.294159
"2025-10-28 09:52:18.446 +0000",1761645138.445999,10.807482,106.622068,8.300000,5.000000,9.500000,0.000000,283.294159
"2025-10-28 09:52:19.456 +0000",1761645139.456129,10.807482,106.622068,8.300000,5.000000,9.500000,0.000000,283.294159
"2025-10-28 09:52:20.439 +0000",1761645140.439169,10.807482,106.622068,8.300000,5.000000,9.500000,0.000000,283.294159
"2025-10-28 09:52:21.436 +0000",1761645141.435798,10.807482,106.622068,8.300000,5.000000,9.500000,0.000000,283.294159
"2025-10-28 09:52:22.443 +0000",1761645142.443306,10.807482,106.622068,8.300000,5.000000,9.500000,0.000000,283.294159
"2025-10-28 09:52:23.468 +0000",1761645143.467861,10.807482,106.622068,8.300000,5.000000,9.500000,0.000000,283.294159
"2025-10-28 09:52:24.000 +0000",1761645143.999903,10.807482,106.622068,8.300000,5.000000,9.500000,0.000000,283.294159
"2025-10-28 09:52:24.443 +0000",1761645144.443422,10.807482,106.622068,8.300000,5.000000,9.500000,0.000000,283.294159
"2025-10-28 09:52:25.000 +0000",1761645144.999900,10.807482,106.622068,8.300000,5.000000,9.500000,0.000000,283.294159
"2025-10-28 09:52:25.458 +0000",1761645145.457902,10.807482,106.622068,8.300000,5.000000,9.500000,0.000000,283.294159
"2025-10-28 09:52:26.449 +0000",1761645146.449069,10.807482,106.622068,8.300000,5.000000,9.500000,0.000000,283.294159
"2025-10-28 09:52:27.458 +0000",1761645147.458326,10.807482,106.622068,8.300000,5.000000,9.500000,0.000000,283.294159
"2025-10-28 09:52:28.457 +0000",1761645148.457180,10.807482,106.622068,8.300000,5.000000,9.500000,0.000000,283.294159
"2025-10-28 09:52:29.440 +0000",1761645149.440026,10.807482,106.622068,8.300000,5.000000,9.500000,0.000000,283.294159
"2025-10-28 09:52:30.465 +0000",1761645150.465390,10.807482,106.622068,8.300000,5.000000,9.500000,0.000000,283.294159
"2025-10-28 09:52:31.462 +0000",1761645151.462018,10.807482,106.622068,8.300000,5.000000,9.500000,0.000000,283.294159
"2025-10-28 09:52:32.454 +0000",1761645152.453509,10.807482,106.622068,8.300000,5.000000,9.500000,0.000000,283.294159
"2025-10-28 09:52:33.445 +0000",1761645153.445074,10.807482,106.622068,8.300000,5.000000,9.500000,0.000000,283.294159
"2025-10-28 09:52:34.448 +0000",1761645154.448069,10.807482,106.622068,8.300000,5.000000,9.500000,0.000000,283.294159
"2025-10-28 09:52:35.450 +0000",1761645155.449571,10.807482,106.622068,8.300000,5.000000,9.500000,0.000000,283.294159
"2025-10-28 09:52:36.450 +0000",1761645156.449523,10.807482,106.622068,8.300000,5.000000,9.500000,0.000000,283.294159
"2025-10-28 09:52:37.452 +0000",1761645157.452016,10.807482,106.622068,8.300000,5.000000,9.500000,0.000000,283.294159
"2025-10-28 09:52:38.465 +0000",1761645158.464739,10.807482,106.622068,8.300000,5.000000,9.500000,0.000000,283.294159
"2025-10-28 09:52:39.463 +0000",1761645159.462659,10.807482,106.622068,8.300000,5.000000,9.500000,0.000000,283.294159
"2025-10-28 09:52:40.465 +0000",1761645160.465444,10.807482,106.622068,8.300000,5.000000,9.500000,0.000000,283.294159
"2025-10-28 09:52:41.464 +0000",1761645161.463521,10.807482,106.622068,8.300000,5.000000,9.500000,0.000000,283.294159
"2025-10-28 09:52:42.455 +0000",1761645162.454678,10.807482,106.622068,8.300000,5.000000,9.500000,0.000000,283.294159
"2025-10-28 09:52:43.465 +0000",1761645163.464524,10.807482,106.622068,8.300000,5.000000,9.500000,0.000000,283.294159
"2025-10-28 09:52:44.474 +0000",1761645164.473701,10.807482,106.622068,8.300000,5.000000,9.500000,0.000000,283.294159
"2025-10-28 09:52:45.466 +0000",1761645165.465580,10.807482,106.622068,8.300000,5.000000,9.500000,0.000000,283.294159
"2025-10-28 09:52:46.444 +0000",1761645166.443797,10.807482,106.622068,8.300000,5.000000,9.500000,0.000000,283.294159
"2025-10-28 09:52:47.452 +0000",1761645167.451609,10.807482,106.622068,8.300000,5.000000,9.500000,0.205778,283.294159
"2025-10-28 09:52:48.463 +0000",1761645168.462563,10.807483,106.622063,8.300000,5.000000,9.500000,0.617333,283.294159
"2025-10-28 09:52:49.465 +0000",1761645169.465346,10.807485,106.622055,8.300000,5.000000,9.500000,1.234667,283.294159
"2025-10-28 09:52:50.470 +0000",1761645170.469820,10.807489,106.622037,8.400000,5.000000,9.500000,2.880889,283.294159
"2025-10-28 09:52:51.460 +0000",1761645171.459505,10.807497,106.622003,8.400000,5.000000,9.500000,4.835778,283.294159
"2025-10-28 09:52:52.464 +0000",1761645172.463813,10.807509,106.621952,8.500000,5.000000,9.500000,6.636333,283.294159
"2025-10-28 09:52:53.570 +0000",1761645173.570004,10.807525,106.621884,8.600000,5.000000,9.500000,8.282556,283.294159
"2025-10-28 09:52:54.479 +0000",1761645174.478962,10.807543,106.621809,8.600000,5.000000,9.500000,8.694111,283.294159
"2025-10-28 09:52:55.464 +0000",1761645175.463755,10.807562,106.621725,8.600000,5.000000,9.500000,10.134556,283.294159
"2025-10-28 09:52:56.466 +0000",1761645176.466178,10.807584,106.621628,8.700000,5.000000,9.500000,11.523556,282.397522
"2025-10-28 09:52:57.468 +0000",1761645177.468050,10.807607,106.621519,8.900000,5.000000,9.500000,12.912556,282.397522
"2025-10-28 09:52:58.000 +0000",1761645177.999853,10.807607,106.621519,8.900000,5.000000,9.500000,13.566828,282.397522
"2025-10-28 09:52:58.462 +0000",1761645178.461893,10.807633,106.621400,8.800000,5.000000,9.500000,13.581333,282.397522
"2025-10-28 09:52:59.449 +0000",1761645179.448978,10.807660,106.621276,8.800000,5.000000,9.500000,13.890000,282.397522
"2025-10-28 09:53:00.462 +0000",1761645180.462431,10.807687,106.621151,8.800000,5.000000,9.500000,14.147222,282.397522
"2025-10-28 09:53:01.456 +0000",1761645181.456273,10.807715,106.621024,8.800000,5.000000,9.500000,14.198667,282.397522
"2025-10-28 09:53:02.474 +0000",1761645182.474032,10.807745,106.620898,8.800000,5.000000,9.500000,14.353000,283.130096
"2025-10-28 09:53:03.470 +0000",1761645183.470474,10.807774,106.620770,8.700000,5.000000,9.500000,14.353000,283.130096
"2025-10-28 09:53:04.000 +0000",1761645184.000354,10.807774,106.620770,8.700000,5.000000,9.500000,14.355150,283.130096
"2025-10-28 09:53:04.464 +0000",1761645184.463948,10.807804,106.620642,8.800000,5.000000,9.500000,14.353000,283.130096
"2025-10-28 09:53:05.466 +0000",1761645185.466174,10.807833,106.620514,8.800000,5.000000,9.500000,14.353000,283.130096
"2025-10-28 09:53:06.460 +0000",1761645186.460077,10.807863,106.620386,8.800000,5.000000,9.500000,14.301556,283.048370
"2025-10-28 09:53:07.472 +0000",1761645187.472164,10.807892,106.620258,8.700000,5.000000,9.500000,14.198667,283.048370
"2025-10-28 09:53:08.445 +0000",1761645188.444816,10.807920,106.620134,8.600000,5.000000,9.500000,13.787111,283.048370
"2025-10-28 09:53:09.454 +0000",1761645189.454236,10.807948,106.620012,8.500000,5.000000,9.500000,13.478444,283.048370
"2025-10-28 09:53:10.460 +0000",1761645190.460432,10.807976,106.619893,8.400000,5.000000,9.500000,13.169778,283.048370
"2025-10-28 09:53:11.472 +0000",1761645191.472409,10.808002,106.619777,8.400000,5.000000,9.500000,12.809667,283.048370
"2025-10-28 09:53:12.473 +0000",1761645192.473337,10.808028,106.619664,8.400000,5.000000,9.500000,12.552444,283.048370
"2025-10-28 09:53:13.470 +0000",1761645193.469571,10.808056,106.619556,8.400000,5.000000,9.500000,12.140889,285.031281
"2025-10-28 09:53:14.449 +0000",1761645194.449350,10.808084,106.619452,8.300000,5.000000,9.500000,11.317778,285.031281
"2025-10-28 09:53:15.454 +0000",1761645195.453797,10.808109,106.619356,8.000000,5.000000,9.500000,10.288889,285.031281
"2025-10-28 09:53:16.471 +0000",1761645196.470784,10.808132,106.619269,8.000000,5.000000,9.500000,9.260000,285.031281
"2025-10-28 09:53:17.474 +0000",1761645197.474380,10.808153,106.619193,8.000000,5.000000,9.500000,8.128222,285.333801
"2025-10-28 09:53:18.495 +0000",1761645198.494612,10.808171,106.619126,7.900000,5.000000,9.500000,6.996444,285.333801
"2025-10-28 09:53:19.495 +0000",1761645199.494980,10.808187,106.619068,7.800000,5.000000,9.500000,6.482000,285.333801
"2025-10-28 09:53:20.496 +0000",1761645200.495748,10.808202,106.619011,8.000000,5.000000,9.500000,6.276222,285.333801
"2025-10-28 09:53:21.489 +0000",1761645201.488685,10.808217,106.618956,7.900000,5.000000,9.500000,6.224778,285.333801
"2025-10-28 09:53:22.498 +0000",1761645202.498246,10.808232,106.618901,8.000000,5.000000,9.500000,6.379111,285.333801
"2025-10-28 09:53:23.473 +0000",1761645203.472531,10.808247,106.618844,8.000000,5.000000,9.500000,6.379111,285.333801
"2025-10-28 09:53:24.452 +0000",1761645204.452432,10.808263,106.618787,8.100000,5.000000,9.500000,6.636333,285.333801
"2025-10-28 09:53:25.455 +0000",1761645205.454657,10.808279,106.618729,8.100000,5.000000,9.500000,6.430556,285.333801
"2025-10-28 09:53:26.466 +0000",1761645206.466489,10.808293,106.618675,8.100000,5.000000,9.500000,5.864667,285.333801
"2025-10-28 09:53:27.465 +0000",1761645207.464717,10.808306,106.618627,8.100000,5.000000,9.500000,5.093000,285.333801
"2025-10-28 09:53:28.000 +0000",1761645208.000175,10.808306,106.618627,8.100000,5.000000,9.500000,4.193782,285.333801
"2025-10-28 09:53:28.464 +0000",1761645208.464332,10.808317,106.618586,8.000000,5.000000,9.500000,4.167000,285.333801
"2025-10-28 09:53:29.460 +0000",1761645209.459725,10.808326,106.618556,7.800000,5.000000,9.500000,3.138111,252.100000
"2025-10-28 09:53:30.459 +0000",1761645210.458747,10.808324,106.618538,7.700000,5.000000,9.500000,1.594778,233.400000
"2025-10-28 09:53:31.461 +0000",1761645211.460614,10.808332,106.618534,7.700000,8.656829,9.500000,1.131778,220.200000
"2025-10-28 09:53:32.441 +0000",1761645212.440786,10.808332,106.618530,7.800000,9.865770,9.500000,1.183222,285.333801
"2025-10-28 09:53:33.430 +0000",1761645213.430378,10.808333,106.618530,7.900000,11.241486,9.500000,1.440444,186.900000
"2025-10-28 09:53:34.450 +0000",1761645214.450110,10.808321,106.618532,7.900000,11.496774,9.500000,1.697667,164.900000
"2025-10-28 09:53:35.485 +0000",1761645215.485204,10.808317,106.618542,7.800000,12.664976,9.500000,1.903444,164.900000
"2025-10-28 09:53:36.487 +0000",1761645216.486901,10.808200,106.618528,7.800000,5.000000,9.500000,2.417889,119.200000
"2025-10-28 09:53:37.485 +0000",1761645217.485355,10.808192,106.618553,7.900000,5.000000,9.500000,3.498222,106.200000
"2025-10-28 09:53:38.452 +0000",1761645218.452261,10.808182,106.618590,7.900000,5.000000,9.500000,4.835778,105.500000
"2025-10-28 09:53:39.474 +0000",1761645219.473837,10.808191,106.618646,8.000000,5.000000,9.500000,6.276222,105.956421
"2025-10-28 09:53:40.456 +0000",1761645220.455603,10.808174,106.618707,8.100000,5.000000,9.500000,7.408000,105.956421
"2025-10-28 09:53:41.477 +0000",1761645221.477239,10.808154,106.618778,8.100000,5.000000,9.500000,8.899889,105.956421
"2025-10-28 09:53:42.586 +0000",1761645222.585518,10.808132,106.618861,8.300000,5.000000,9.500000,9.928778,104.793396
"2025-10-28 09:53:43.482 +0000",1761645223.481966,10.808095,106.618946,8.300000,5.000000,9.500000,9.980222,104.793396
"2025-10-28 09:53:44.477 +0000",1761645224.476871,10.808075,106.619034,8.100000,5.000000,9.500000,9.620111,104.793396
"2025-10-28 09:53:45.451 +0000",1761645225.451479,10.808057,106.619119,8.000000,5.000000,9.500000,9.208556,104.793396
"2025-10-28 09:53:46.478 +0000",1761645226.478497,10.808038,106.619200,8.000000,5.000000,9.500000,8.899889,104.793396
"2025-10-28 09:53:47.447 +0000",1761645227.446634,10.808018,106.619278,8.200000,5.000000,9.500000,8.899889,104.793396
"2025-10-28 09:53:48.477 +0000",1761645228.477315,10.808000,106.619358,8.300000,5.000000,9.500000,8.797000,104.793396
"2025-10-28 09:53:49.489 +0000",1761645229.488739,10.807982,106.619435,8.100000,5.000000,9.500000,8.488333,104.793396
"2025-10-28 09:53:50.471 +0000",1761645230.470653,10.807964,106.619510,8.000000,5.000000,9.500000,8.282556,104.793396
"2025-10-28 09:53:51.478 +0000",1761645231.477848,10.807946,106.619584,8.000000,5.000000,9.500000,8.282556,104.793396
"2025-10-28 09:53:52.475 +0000",1761645232.474575,10.807931,106.619659,8.000000,5.000000,9.500000,8.282556,104.793396
"2025-10-28 09:53:53.461 +0000",1761645233.460605,10.807913,106.619733,8.100000,5.000000,9.500000,8.334000,104.793396
"2025-10-28 09:53:54.467 +0000",1761645234.467356,10.807895,106.619808,8.100000,5.000000,9.500000,8.591222,103.083618
"2025-10-28 09:53:55.482 +0000",1761645235.482273,10.807878,106.619886,8.200000,5.000000,9.500000,8.848444,103.083618
"2025-10-28 09:53:56.484 +0000",1761645236.484077,10.807858,106.619965,8.400000,5.000000,9.500000,8.899889,103.083618
"2025-10-28 09:53:57.495 +0000",1761645237.494827,10.807841,106.620044,8.300000,5.000000,9.500000,8.797000,103.083618
"2025-10-28 09:53:58.000 +0000",1761645238.000052,10.807841,106.620044,8.300000,5.000000,9.500000,8.601328,103.083618
"2025-10-28 09:54:04.463 +0000",1761645244.462568,10.807734,106.620533,8.200000,5.000000,9.500000,7.356556,102.862190
"2025-10-28 09:54:05.471 +0000",1761645245.471252,10.807722,106.620598,8.200000,5.000000,9.500000,7.099333,102.862190
"2025-10-28 09:54:06.450 +0000",1761645246.450296,10.807709,106.620660,8.300000,5.000000,9.500000,6.687778,102.459671
"2025-10-28 09:54:07.457 +0000",1761645247.456986,10.807697,106.620718,8.100000,5.000000,9.500000,6.224778,102.459671
"2025-10-28 09:54:08.570 +0000",1761645248.569672,10.807685,106.620770,8.000000,5.000000,9.500000,5.298778,102.459671
"2025-10-28 09:54:09.470 +0000",1761645249.469648,10.807675,106.620812,7.900000,5.000000,9.500000,4.012667,102.459671
"2025-10-28 09:54:10.465 +0000",1761645250.464854,10.807668,106.620843,7.900000,5.000000,9.500000,2.932333,102.459671
"2025-10-28 09:54:11.486 +0000",1761645251.485775,10.807663,106.620865,7.900000,5.000000,9.500000,2.006333,102.459671
"2025-10-28 09:54:12.470 +0000",1761645252.470373,10.807660,106.620880,7.900000,5.000000,9.500000,1.234667,102.459671
"2025-10-28 09:54:13.474 +0000",1761645253.473672,10.807659,106.620889,7.900000,5.000000,9.500000,0.514444,102.459671
"2025-10-28 09:54:14.471 +0000",1761645254.471427,10.807658,106.620891,8.000000,5.000000,9.500000,0.000000,102.459671
"2025-10-28 09:54:15.477 +0000",1761645255.477395,10.807658,106.620891,8.000000,5.000000,9.500000,0.154333,102.459671
"2025-10-28 09:54:16.490 +0000",1761645256.489713,10.807658,106.620893,8.000000,5.000000,9.500000,0.205778,102.459671
"2025-10-28 09:54:17.484 +0000",1761645257.484420,10.807658,106.620894,8.000000,5.000000,9.500000,0.000000,102.459671
"2025-10-28 09:54:18.477 +0000",1761645258.477269,10.807658,106.620894,8.000000,5.000000,9.500000,0.000000,102.459671
"2025-10-28 09:54:19.464 +0000",1761645259.464422,10.807658,106.620894,8.100000,5.000000,9.500000,0.051444,102.459671
"2025-10-28 09:54:20.464 +0000",1761645260.463539,10.807658,106.620897,8.100000,5.000000,9.500000,0.565889,102.459671
"2025-10-28 09:54:21.475 +0000",1761645261.475289,10.807656,106.620905,8.100000,5.000000,9.500000,1.028889,102.459671
"2025-10-28 09:54:22.461 +0000",1761645262.461412,10.807653,106.620916,8.100000,5.000000,9.500000,1.389000,102.459671
"2025-10-28 09:54:23.462 +0000",1761645263.462396,10.807650,106.620931,8.100000,5.000000,9.500000,1.954889,102.459671
"2025-10-28 09:54:24.461 +0000",1761645264.460526,10.807646,106.620949,8.100000,5.000000,9.500000,1.903444,102.459671
"2025-10-28 09:54:25.449 +0000",1761645265.449468,10.807643,106.620966,8.100000,5.000000,9.500000,1.852000,102.459671
"2025-10-28 09:54:26.455 +0000",1761645266.455371,10.807638,106.620984,8.100000,5.000000,9.500000,2.212111,102.459671
"2025-10-28 09:54:27.476 +0000",1761645267.475863,10.807634,106.621006,8.200000,5.000000,9.500000,2.623667,102.459671
"2025-10-28 09:54:28.568 +0000",1761645268.567750,10.807629,106.621031,8.200000,5.000000,9.500000,2.829444,102.459671
"2025-10-28 09:54:29.469 +0000",1761645269.469247,10.807624,106.621055,8.200000,5.000000,9.500000,2.572222,102.459671
"2025-10-28 09:54:30.450 +0000",1761645270.449748,10.807619,106.621076,8.100000,5.000000,9.500000,1.954889,102.459671
"2025-10-28 09:54:31.457 +0000",1761645271.457284,10.807616,106.621092,8.100000,5.000000,9.500000,1.543333,102.459671
"2025-10-28 09:54:32.473 +0000",1761645272.472940,10.807613,106.621106,8.200000,5.000000,9.500000,1.389000,102.459671
"2025-10-28 09:54:33.471 +0000",1761645273.470844,10.807610,106.621118,8.100000,5.000000,9.500000,1.183222,102.459671
"2025-10-28 09:54:34.467 +0000",1761645274.466691,10.807608,106.621129,8.200000,5.000000,9.500000,1.183222,102.459671
"2025-10-28 09:54:35.453 +0000",1761645275.452558,10.807606,106.621139,8.200000,5.000000,9.500000,1.080333,102.459671
"2025-10-28 09:54:36.464 +0000",1761645276.464470,10.807604,106.621149,8.200000,5.000000,9.500000,1.234667,102.459671
"2025-10-28 09:54:37.464 +0000",1761645277.463710,10.807602,106.621160,8.200000,5.000000,9.500000,1.028889,102.459671
"2025-10-28 09:54:38.480 +0000",1761645278.479555,10.807600,106.621168,8.200000,5.000000,9.500000,0.720222,102.459671
"2025-10-28 09:54:39.453 +0000",1761645279.453459,10.807599,106.621175,8.200000,5.000000,9.500000,0.668778,102.459671
"2025-10-28 09:54:40.000 +0000",1761645279.999948,10.807599,106.621175,8.200000,5.000000,9.500000,0.562136,102.459671
"2025-10-28 09:54:40.463 +0000",1761645280.463257,10.807598,106.621181,8.200000,5.000000,9.500000,0.514444,102.459671
"2025-10-28 09:54:41.000 +0000",1761645280.999946,10.807598,106.621181,8.200000,5.000000,9.500000,0.093516,102.459671
"2025-10-28 09:54:41.486 +0000",1761645281.486307,10.807598,106.621183,8.200000,5.000000,9.500000,0.000000,102.459671
"2025-10-28 09:54:42.473 +0000",1761645282.473019,10.807598,106.621183,8.200000,5.000000,9.500000,0.000000,102.459671
"2025-10-28 09:54:43.474 +0000",1761645283.474346,10.807598,106.621183,8.200000,5.000000,9.500000,0.000000,102.459671
"2025-10-28 09:54:44.478 +0000",1761645284.477551,10.807598,106.621183,8.200000,5.000000,9.500000,0.000000,102.459671
"2025-10-28 09:54:45.472 +0000",1761645285.472069,10.807598,106.621183,8.200000,5.000000,9.500000,0.000000,102.459671
"2025-10-28 09:54:46.469 +0000",1761645286.468536,10.807598,106.621183,8.200000,5.000000,9.500000,0.000000,102.459671
"2025-10-28 09:54:47.467 +0000",1761645287.466787,10.807598,106.621183,8.200000,5.000000,9.500000,0.000000,102.459671
"2025-10-28 09:55:14.485 +0000",1761645314.485425,10.807598,106.621183,8.200000,5.000000,9.500000,0.000000,102.459671
"2025-10-28 09:55:15.477 +0000",1761645315.476617,10.807598,106.621183,8.200000,5.000000,9.500000,0.000000,102.459671
"2025-10-28 09:55:16.470 +0000",1761645316.470167,10.807598,106.621183,8.200000,5.000000,9.500000,0.000000,102.459671
"2025-10-28 09:55:17.502 +0000",1761645317.502049,10.807598,106.621183,8.200000,5.000000,9.500000,0.000000,102.459671
"2025-10-28 09:55:18.466 +0000",1761645318.465623,10.807598,106.621183,8.200000,5.000000,9.500000,0.000000,102.459671
"2025-10-28 09:55:19.488 +0000",1761645319.488326,10.807598,106.621183,8.200000,5.000000,9.500000,0.000000,102.459671
"2025-10-28 09:55:20.494 +0000",1761645320.494135,10.807598,106.621183,8.200000,5.000000,9.500000,0.000000,102.459671
"2025-10-28 09:55:21.484 +0000",1761645321.484082,10.807598,106.621183,8.200000,5.000000,9.500000,0.000000,102.459671
"2025-10-28 09:55:22.478 +0000",1761645322.477943,10.807598,106.621183,8.200000,5.000000,9.500000,0.000000,102.459671
"2025-10-28 09:55:23.493 +0000",1761645323.493030,10.807598,106.621183,8.200000,5.000000,9.500000,0.000000,102.459671
"2025-10-28 09:55:24.485 +0000",1761645324.484950,10.807598,106.621183,8.200000,5.000000,9.500000,0.000000,102.459671
"2025-10-28 09:55:25.478 +0000",1761645325.477591,10.807598,106.621184,8.200000,5.000000,9.500000,0.257222,102.459671
"2025-10-28 09:55:26.474 +0000",1761645326.474035,10.807596,106.621189,8.200000,5.000000,9.500000,0.823111,102.459671
"2025-10-28 09:55:27.488 +0000",1761645327.487719,10.807595,106.621199,8.300000,5.000000,9.500000,1.337556,102.459671
"2025-10-28 09:55:28.495 +0000",1761645328.494694,10.807592,106.621213,8.300000,5.000000,9.500000,1.491889,102.459671
"2025-10-28 09:55:29.482 +0000",1761645329.481510,10.807589,106.621227,8.300000,5.000000,9.500000,1.594778,102.459671
"2025-10-28 09:55:30.000 +0000",1761645330.000250,10.807589,106.621227,8.300000,5.000000,9.500000,1.598240,102.459671
"2025-10-28 09:55:30.476 +0000",1761645330.475762,10.807587,106.621242,8.300000,5.000000,9.500000,1.646222,102.459671
"2025-10-28 09:55:31.463 +0000",1761645331.463073,10.807584,106.621256,8.300000,5.000000,9.500000,1.594778,102.459671
"2025-10-28 09:55:32.484 +0000",1761645332.483683,10.807580,106.621271,8.300000,5.000000,9.500000,1.646222,102.459671
"2025-10-28 09:55:33.464 +0000",1761645333.464072,10.807578,106.621285,8.300000,5.000000,9.500000,1.491889,102.459671
"2025-10-28 09:55:34.457 +0000",1761645334.456663,10.807575,106.621298,8.300000,5.000000,9.500000,1.389000,102.459671
"2025-10-28 09:55:35.447 +0000",1761645335.446633,10.807571,106.621310,8.300000,5.000000,9.500000,1.286111,102.459671
"2025-10-28 09:55:36.460 +0000",1761645336.460090,10.807568,106.621322,8.300000,5.000000,9.500000,1.389000,102.459671
"2025-10-28 09:55:37.465 +0000",1761645337.464889,10.807566,106.621334,8.400000,5.000000,9.500000,1.183222,102.459671
"2025-10-28 09:55:38.477 +0000",1761645338.476869,10.807564,106.621346,8.400000,5.000000,9.500000,1.286111,102.459671
"2025-10-28 09:55:39.479 +0000",1761645339.479497,10.807561,106.621357,8.400000,5.000000,9.500000,1.080333,102.459671
"2025-10-28 09:55:40.000 +0000",1761645340.000167,10.807561,106.621357,8.400000,5.000000,9.500000,0.476553,102.459671
"2025-10-28 09:55:40.469 +0000",1761645340.468992,10.807559,106.621364,8.300000,5.000000,9.500000,0.411556,102.459671
"2025-10-28 09:55:41.000 +0000",1761645341.000161,10.807559,106.621364,8.300000,5.000000,9.500000,0.653629,102.459671
"2025-10-28 09:55:41.461 +0000",1761645341.461321,10.807558,106.621369,8.400000,5.000000,9.500000,0.668778,102.459671
"2025-10-28 09:55:42.460 +0000",1761645342.459806,10.807556,106.621375,8.400000,5.000000,9.500000,0.720222,102.459671
"2025-10-28 09:55:43.000 +0000",1761645343.000148,10.807556,106.621375,8.400000,5.000000,9.500000,0.905331,102.459671
"2025-10-28 09:55:43.466 +0000",1761645343.466442,10.807555,106.621383,8.300000,5.000000,9.500000,0.874556,102.459671
"2025-10-28 09:55:44.466 +0000",1761645344.466201,10.807553,106.621391,8.300000,5.000000,9.500000,0.874556,102.459671
"2025-10-28 09:55:45.467 +0000",1761645345.467089,10.807552,106.621396,8.300000,5.000000,9.500000,0.360111,102.459671
"2025-10-28 09:55:46.470 +0000",1761645346.469690,10.807551,106.621400,8.300000,5.000000,9.500000,0.411556,102.459671
"2025-10-28 09:55:47.475 +0000",1761645347.474695,10.807550,106.621405,8.300000,5.000000,9.500000,0.720222,102.459671
"2025-10-28 09:55:48.450 +0000",1761645348.450192,10.807548,106.621412,8.300000,5.000000,9.500000,0.617333,102.459671
"2025-10-28 09:55:49.478 +0000",1761645349.477808,10.807547,106.621416,8.300000,5.000000,9.500000,0.411556,102.459671
"2025-10-28 09:55:50.480 +0000",1761645350.480421,10.807546,106.621421,8.300000,5.000000,9.500000,0.514444,102.459671
"2025-10-28 09:55:51.000 +0000",1761645351.000103,10.807546,106.621421,8.300000,5.000000,9.500000,0.117136,102.459671
"2025-10-28 09:55:51.485 +0000",1761645351.484752,10.807546,106.621424,8.300000,5.000000,9.500000,0.000000,102.459671
"2025-10-28 09:55:52.484 +0000",1761645352.484185,10.807546,106.621424,8.300000,5.000000,9.500000,0.000000,102.459671
"2025-10-28 09:55:53.000 +0000",1761645353.000093,10.807546,106.621424,8.300000,5.000000,9.500000,0.000000,102.459671
"2025-10-28 09:55:53.478 +0000",1761645353.477990,10.807546,106.621424,8.300000,5.000000,9.500000,0.000000,102.459671
"2025-10-28 09:55:54.465 +0000",1761645354.464841,10.807546,106.621424,8.300000,5.000000,9.500000,0.000000,102.459671
"2025-10-28 09:55:55.483 +0000",1761645355.483375,10.807546,106.621424,8.300000,5.000000,9.500000,0.000000,102.459671
"2025-10-28 09:55:56.474 +0000",1761645356.473661,10.807546,106.621424,8.300000,5.000000,9.500000,0.000000,102.459671
"2025-10-28 09:55:57.467 +0000",1761645357.466861,10.807546,106.621424,8.300000,5.000000,9.500000,0.000000,102.459671
"2025-10-28 09:55:58.472 +0000",1761645358.472181,10.807546,106.621424,8.300000,5.000000,9.500000,0.000000,102.459671
"2025-10-28 09:55:59.477 +0000",1761645359.476650,10.807546,106.621424,8.300000,5.000000,9.500000,0.000000,102.459671
"2025-10-28 09:56:00.000 +0000",1761645360.000062,10.807546,106.621424,8.300000,5.000000,9.500000,0.000000,102.459671
"2025-10-28 09:56:00.483 +0000",1761645360.483335,10.807546,106.621424,8.300000,5.000000,9.500000,0.000000,102.459671
"2025-10-28 10:18:34.999 +0000",1761646714.999459,10.801221,106.618620,5.887091,7.999999,6.863529,6.222155,67.270511
"2025-10-28 10:18:35.142 +0000",1761646715.142385,10.801218,106.618612,5.887091,7.795014,6.863529,6.222155,67.270511
