timestamp,timeIntervalSince1970,x,y,z
"2025-11-04 10:08:00.218 +0000",1762250880.218019,-0.059982,-0.704224,-0.656586
"2025-11-04 10:08:00.228 +0000",1762250880.228000,-0.099716,-0.679871,-0.649002
"2025-11-04 10:08:00.238 +0000",1762250880.237982,-0.085953,-0.658554,-0.704651
"2025-11-04 10:08:00.248 +0000",1762250880.247962,-0.059174,-0.659882,-0.791458
"2025-11-04 10:08:00.258 +0000",1762250880.257942,-0.060150,-0.671677,-0.839752
"2025-11-04 10:08:00.268 +0000",1762250880.267924,-0.069214,-0.663498,-0.793396
"2025-11-04 10:08:00.278 +0000",1762250880.277905,-0.079529,-0.636459,-0.695831
"2025-11-04 10:08:00.288 +0000",1762250880.287886,-0.073105,-0.623230,-0.631409
"2025-11-04 10:08:00.298 +0000",1762250880.297868,-0.057343,-0.638840,-0.601364
"2025-11-04 10:08:00.308 +0000",1762250880.307847,-0.044952,-0.671936,-0.574783
"2025-11-04 10:08:00.318 +0000",1762250880.317828,-0.045898,-0.698807,-0.570648
"2025-11-04 10:08:00.328 +0000",1762250880.327810,-0.044525,-0.706711,-0.581055
"2025-11-04 10:08:00.338 +0000",1762250880.337791,-0.038681,-0.710754,-0.622421
"2025-11-04 10:08:00.348 +0000",1762250880.347773,-0.038330,-0.722458,-0.686310
"2025-11-04 10:08:00.358 +0000",1762250880.357754,-0.033951,-0.744629,-0.734558
"2025-11-04 10:08:00.368 +0000",1762250880.367735,-0.021347,-0.764481,-0.756409
"2025-11-04 10:08:00.378 +0000",1762250880.377716,-0.007675,-0.755814,-0.774643
"2025-11-04 10:08:00.388 +0000",1762250880.387697,-0.003464,-0.731354,-0.784622
"2025-11-04 10:08:00.398 +0000",1762250880.397679,-0.013962,-0.705612,-0.784225
"2025-11-04 10:08:00.408 +0000",1762250880.407660,-0.025894,-0.668198,-0.769592
"2025-11-04 10:08:00.418 +0000",1762250880.417640,-0.031738,-0.617401,-0.761749
"2025-11-04 10:08:00.428 +0000",1762250880.427622,-0.041031,-0.584579,-0.774673
"2025-11-04 10:08:00.438 +0000",1762250880.437602,-0.053299,-0.578323,-0.769867
"2025-11-04 10:08:00.448 +0000",1762250880.447585,-0.055832,-0.592056,-0.756332
"2025-11-04 10:08:00.458 +0000",1762250880.457566,-0.060501,-0.632828,-0.720459
"2025-11-04 10:08:00.468 +0000",1762250880.467546,-0.060196,-0.696091,-0.673035
"2025-11-04 10:08:00.478 +0000",1762250880.477529,-0.050812,-0.740082,-0.637573
"2025-11-04 10:08:00.488 +0000",1762250880.487509,-0.043579,-0.738480,-0.645844
"2025-11-04 10:08:00.497 +0000",1762250880.497491,-0.034821,-0.719589,-0.714828
"2025-11-04 10:08:00.507 +0000",1762250880.507471,-0.016205,-0.701859,-0.791428
"2025-11-04 10:08:00.517 +0000",1762250880.517453,-0.008240,-0.682816,-0.844559
"2025-11-04 10:08:00.527 +0000",1762250880.527434,-0.015106,-0.668457,-0.866608
"2025-11-04 10:08:00.537 +0000",1762250880.537415,-0.017838,-0.655502,-0.855118
"2025-11-04 10:08:00.547 +0000",1762250880.547396,-0.010422,-0.655197,-0.816559
"2025-11-04 10:08:00.557 +0000",1762250880.557377,-0.001373,-0.666794,-0.752914
"2025-11-04 10:08:00.567 +0000",1762250880.567359,0.003113,-0.678253,-0.694839
"2025-11-04 10:08:00.577 +0000",1762250880.577340,0.003433,-0.683426,-0.653229
"2025-11-04 10:08:00.587 +0000",1762250880.587321,0.003525,-0.680389,-0.633850
"2025-11-04 10:08:00.597 +0000",1762250880.597302,-0.004761,-0.663345,-0.644470
"2025-11-04 10:08:00.607 +0000",1762250880.607283,-0.032181,-0.637909,-0.677048
"2025-11-04 10:08:00.617 +0000",1762250880.617265,-0.060516,-0.620438,-0.731964
"2025-11-04 10:08:00.627 +0000",1762250880.627246,-0.066605,-0.601685,-0.786346
"2025-11-04 10:08:00.637 +0000",1762250880.637227,-0.069260,-0.591721,-0.811996
"2025-11-04 10:08:00.647 +0000",1762250880.647209,-0.066895,-0.597794,-0.817276
"2025-11-04 10:08:00.657 +0000",1762250880.657189,-0.053757,-0.616287,-0.825180
"2025-11-04 10:08:00.667 +0000",1762250880.667171,-0.045303,-0.629807,-0.838333
"2025-11-04 10:08:00.677 +0000",1762250880.677150,-0.029831,-0.637405,-0.798920
"2025-11-04 10:08:00.687 +0000",1762250880.687133,-0.039841,-0.642700,-0.731079
"2025-11-04 10:08:00.697 +0000",1762250880.697114,-0.076889,-0.620392,-0.723907
"2025-11-04 10:08:00.707 +0000",1762250880.707095,-0.018387,-0.611984,-0.818588
"2025-11-04 10:08:00.717 +0000",1762250880.717076,0.229156,-0.730270,-0.809433
"2025-11-04 10:08:00.727 +0000",1762250880.727056,0.152893,-0.713333,-0.793472
"2025-11-04 10:08:00.737 +0000",1762250880.737038,-0.005005,-0.653885,-0.811844
"2025-11-04 10:08:00.747 +0000",1762250880.747020,-0.040039,-0.620346,-0.792770
"2025-11-04 10:08:00.757 +0000",1762250880.757001,-0.084213,-0.657501,-0.784805
"2025-11-04 10:08:00.767 +0000",1762250880.766982,-0.117615,-0.694626,-0.795166
"2025-11-04 10:08:00.777 +0000",1762250880.776962,-0.115143,-0.678436,-0.763336
"2025-11-04 10:08:00.787 +0000",1762250880.786944,-0.115250,-0.661713,-0.737961
"2025-11-04 10:08:00.797 +0000",1762250880.796926,-0.124298,-0.660660,-0.730682
"2025-11-04 10:08:00.807 +0000",1762250880.806907,-0.131546,-0.665787,-0.754166
"2025-11-04 10:08:00.817 +0000",1762250880.816888,-0.130722,-0.671829,-0.803375
"2025-11-04 10:08:00.827 +0000",1762250880.826869,-0.128906,-0.668243,-0.839722
"2025-11-04 10:08:00.837 +0000",1762250880.836849,-0.117798,-0.652267,-0.838913
"2025-11-04 10:08:00.847 +0000",1762250880.846831,-0.096588,-0.625748,-0.817719
"2025-11-04 10:08:00.857 +0000",1762250880.856812,-0.074768,-0.600708,-0.791595
"2025-11-04 10:08:00.867 +0000",1762250880.866794,-0.048645,-0.583908,-0.788116
"2025-11-04 10:08:00.877 +0000",1762250880.876775,-0.023880,-0.588226,-0.812012
"2025-11-04 10:08:00.887 +0000",1762250880.886756,-0.011246,-0.616379,-0.848846
"2025-11-04 10:08:00.897 +0000",1762250880.896738,-0.010712,-0.654037,-0.868805
"2025-11-04 10:08:00.907 +0000",1762250880.906719,-0.016357,-0.683334,-0.853348
"2025-11-04 10:08:00.917 +0000",1762250880.916701,-0.023468,-0.703125,-0.793533
"2025-11-04 10:08:00.927 +0000",1762250880.926682,-0.036850,-0.710831,-0.724182
"2025-11-04 10:08:00.937 +0000",1762250880.936662,-0.037842,-0.701477,-0.682327
"2025-11-04 10:08:00.947 +0000",1762250880.946644,-0.035782,-0.680206,-0.679962
"2025-11-04 10:08:00.957 +0000",1762250880.956624,-0.040863,-0.654922,-0.702194
"2025-11-04 10:08:00.967 +0000",1762250880.966606,-0.049606,-0.633530,-0.750931
"2025-11-04 10:08:00.977 +0000",1762250880.976587,-0.059448,-0.624603,-0.795349
"2025-11-04 10:08:00.987 +0000",1762250880.986568,-0.065735,-0.620270,-0.818115
"2025-11-04 10:08:00.997 +0000",1762250880.996549,-0.066269,-0.615128,-0.815720
"2025-11-04 10:08:01.007 +0000",1762250881.006531,-0.063736,-0.610428,-0.787109
"2025-11-04 10:08:01.017 +0000",1762250881.016511,-0.053864,-0.607056,-0.743195
"2025-11-04 10:08:01.026 +0000",1762250881.026493,-0.055786,-0.612671,-0.703522
"2025-11-04 10:08:01.036 +0000",1762250881.036474,-0.074875,-0.630432,-0.669662
"2025-11-04 10:08:01.046 +0000",1762250881.046455,-0.091919,-0.653610,-0.632416
"2025-11-04 10:08:01.056 +0000",1762250881.056436,-0.093811,-0.685196,-0.597061
"2025-11-04 10:08:01.066 +0000",1762250881.066417,-0.083374,-0.705948,-0.586853
"2025-11-04 10:08:01.076 +0000",1762250881.076400,-0.074188,-0.704727,-0.610840
"2025-11-04 10:08:01.086 +0000",1762250881.086380,-0.077484,-0.697632,-0.669601
"2025-11-04 10:08:01.096 +0000",1762250881.096361,-0.083771,-0.685349,-0.738632
"2025-11-04 10:08:01.106 +0000",1762250881.106342,-0.092926,-0.670914,-0.779678
"2025-11-04 10:08:01.116 +0000",1762250881.116323,-0.108246,-0.661652,-0.786865
"2025-11-04 10:08:01.126 +0000",1762250881.126304,-0.117462,-0.653397,-0.763092
"2025-11-04 10:08:01.136 +0000",1762250881.136286,-0.111801,-0.647598,-0.721634
"2025-11-04 10:08:01.146 +0000",1762250881.146267,-0.087723,-0.654007,-0.692047
"2025-11-04 10:08:01.156 +0000",1762250881.156248,-0.063919,-0.678284,-0.699509
"2025-11-04 10:08:01.166 +0000",1762250881.166271,-0.053864,-0.716751,-0.734528
"2025-11-04 10:08:01.176 +0000",1762250881.176210,-0.052155,-0.752533,-0.779282
"2025-11-04 10:08:01.186 +0000",1762250881.186191,-0.049973,-0.764999,-0.808533
"2025-11-04 10:08:01.196 +0000",1762250881.196173,-0.041382,-0.738571,-0.820724
"2025-11-04 10:08:01.206 +0000",1762250881.206154,-0.031708,-0.696976,-0.829376
"2025-11-04 10:08:01.216 +0000",1762250881.216135,-0.026825,-0.672989,-0.838074
"2025-11-04 10:08:01.226 +0000",1762250881.226116,-0.022125,-0.671661,-0.848892
"2025-11-04 10:08:01.236 +0000",1762250881.236097,-0.008820,-0.668335,-0.856644
"2025-11-04 10:08:01.246 +0000",1762250881.246079,0.001190,-0.648392,-0.857422
"2025-11-04 10:08:01.256 +0000",1762250881.256059,-0.000412,-0.629410,-0.838898
"2025-11-04 10:08:01.266 +0000",1762250881.266041,-0.018112,-0.625168,-0.791351
"2025-11-04 10:08:01.276 +0000",1762250881.276022,-0.042160,-0.631027,-0.733841
"2025-11-04 10:08:01.286 +0000",1762250881.286003,-0.057449,-0.638718,-0.680206
"2025-11-04 10:08:01.296 +0000",1762250881.295984,-0.060043,-0.640778,-0.643875
"2025-11-04 10:08:01.306 +0000",1762250881.305967,-0.057022,-0.634949,-0.623520
"2025-11-04 10:08:01.316 +0000",1762250881.315948,-0.056473,-0.624634,-0.629883
"2025-11-04 10:08:01.326 +0000",1762250881.325929,-0.054779,-0.619843,-0.657684
"2025-11-04 10:08:01.336 +0000",1762250881.335909,-0.059082,-0.615875,-0.698563
"2025-11-04 10:08:01.346 +0000",1762250881.345891,-0.065933,-0.609085,-0.729523
"2025-11-04 10:08:01.356 +0000",1762250881.355871,-0.072250,-0.600861,-0.740692
"2025-11-04 10:08:01.366 +0000",1762250881.365853,-0.079559,-0.605469,-0.729065
"2025-11-04 10:08:01.376 +0000",1762250881.375835,-0.083450,-0.611389,-0.692993
"2025-11-04 10:08:01.386 +0000",1762250881.385816,-0.074921,-0.609467,-0.666168
"2025-11-04 10:08:01.396 +0000",1762250881.395797,-0.055145,-0.602783,-0.661270
"2025-11-04 10:08:01.406 +0000",1762250881.405777,-0.032349,-0.605713,-0.683304
"2025-11-04 10:08:01.416 +0000",1762250881.415759,-0.028778,-0.622635,-0.738556
"2025-11-04 10:08:01.426 +0000",1762250881.425741,-0.040756,-0.637589,-0.811142
"2025-11-04 10:08:01.436 +0000",1762250881.435722,-0.059036,-0.638428,-0.862228
"2025-11-04 10:08:01.446 +0000",1762250881.445703,-0.075378,-0.629807,-0.885101
"2025-11-04 10:08:01.456 +0000",1762250881.455684,-0.077835,-0.609848,-0.880219
"2025-11-04 10:08:01.466 +0000",1762250881.465665,-0.072418,-0.599701,-0.869293
"2025-11-04 10:08:01.476 +0000",1762250881.475647,-0.062119,-0.608795,-0.879700
"2025-11-04 10:08:01.486 +0000",1762250881.485628,-0.040100,-0.615875,-0.890640
"2025-11-04 10:08:01.496 +0000",1762250881.495608,-0.007019,-0.605148,-0.894073
"2025-11-04 10:08:01.506 +0000",1762250881.505589,0.007401,-0.594116,-0.899750
"2025-11-04 10:08:01.516 +0000",1762250881.515571,0.014618,-0.598480,-0.911621
"2025-11-04 10:08:01.526 +0000",1762250881.525553,0.025909,-0.603790,-0.924866
"2025-11-04 10:08:01.536 +0000",1762250881.535533,0.034348,-0.593811,-0.945526
"2025-11-04 10:08:01.546 +0000",1762250881.545515,0.028061,-0.583389,-0.940170
"2025-11-04 10:08:01.555 +0000",1762250881.555495,0.022278,-0.567749,-0.900345
"2025-11-04 10:08:01.565 +0000",1762250881.565476,-0.000031,-0.540070,-0.868271
"2025-11-04 10:08:01.575 +0000",1762250881.575459,-0.024597,-0.518707,-0.861420
"2025-11-04 10:08:01.585 +0000",1762250881.585439,-0.036728,-0.497375,-0.871948
"2025-11-04 10:08:01.595 +0000",1762250881.595423,-0.048599,-0.476990,-0.873596
"2025-11-04 10:08:01.605 +0000",1762250881.605402,-0.068863,-0.476456,-0.853424
"2025-11-04 10:08:01.615 +0000",1762250881.615382,-0.082245,-0.492004,-0.805008
"2025-11-04 10:08:01.625 +0000",1762250881.625364,-0.083466,-0.510452,-0.746185
"2025-11-04 10:08:01.635 +0000",1762250881.635345,-0.065491,-0.524963,-0.695740
"2025-11-04 10:08:01.645 +0000",1762250881.645326,-0.047897,-0.522293,-0.676025
"2025-11-04 10:08:01.655 +0000",1762250881.655308,-0.045303,-0.520889,-0.690979
"2025-11-04 10:08:01.665 +0000",1762250881.665288,-0.047409,-0.529129,-0.728485
"2025-11-04 10:08:01.675 +0000",1762250881.675270,-0.048935,-0.533020,-0.770630
"2025-11-04 10:08:01.685 +0000",1762250881.685251,-0.042633,-0.529404,-0.799408
"2025-11-04 10:08:01.695 +0000",1762250881.695232,-0.035614,-0.525314,-0.816238
"2025-11-04 10:08:01.705 +0000",1762250881.705213,-0.035629,-0.532333,-0.833298
"2025-11-04 10:08:01.715 +0000",1762250881.715194,-0.028763,-0.543198,-0.846573
"2025-11-04 10:08:01.725 +0000",1762250881.725175,-0.021027,-0.543579,-0.864975
"2025-11-04 10:08:01.735 +0000",1762250881.735157,-0.011703,-0.544312,-0.883759
"2025-11-04 10:08:01.745 +0000",1762250881.745138,-0.003311,-0.553635,-0.897995
"2025-11-04 10:08:01.755 +0000",1762250881.755120,0.004623,-0.563660,-0.911346
"2025-11-04 10:08:01.765 +0000",1762250881.765101,0.008698,-0.570053,-0.934219
"2025-11-04 10:08:01.775 +0000",1762250881.775082,0.003891,-0.574585,-0.956604
"2025-11-04 10:08:01.785 +0000",1762250881.785063,-0.011017,-0.571167,-0.968323
"2025-11-04 10:08:01.795 +0000",1762250881.795044,-0.024429,-0.563614,-0.965469
"2025-11-04 10:08:01.805 +0000",1762250881.805025,-0.031067,-0.560898,-0.966904
"2025-11-04 10:08:01.815 +0000",1762250881.815007,-0.021774,-0.564697,-0.979263
"2025-11-04 10:08:01.825 +0000",1762250881.824989,-0.010223,-0.562805,-0.987930
"2025-11-04 10:08:01.835 +0000",1762250881.834969,0.000305,-0.555710,-0.988831
"2025-11-04 10:08:01.845 +0000",1762250881.844949,0.005386,-0.544937,-0.969864
"2025-11-04 10:08:01.855 +0000",1762250881.854932,-0.005005,-0.534531,-0.945511
"2025-11-04 10:08:01.865 +0000",1762250881.864913,-0.017578,-0.525894,-0.920197
"2025-11-04 10:08:01.875 +0000",1762250881.874894,-0.020599,-0.511627,-0.895477
"2025-11-04 10:08:01.885 +0000",1762250881.884874,-0.024170,-0.494705,-0.881332
"2025-11-04 10:08:01.895 +0000",1762250881.894855,-0.027100,-0.483551,-0.884109
"2025-11-04 10:08:01.905 +0000",1762250881.904837,-0.030685,-0.487930,-0.899704
"2025-11-04 10:08:01.915 +0000",1762250881.914819,-0.040695,-0.506882,-0.919739
"2025-11-04 10:08:01.925 +0000",1762250881.924800,-0.049820,-0.527039,-0.907944
"2025-11-04 10:08:01.935 +0000",1762250881.934780,-0.053802,-0.537903,-0.867249
"2025-11-04 10:08:01.945 +0000",1762250881.944761,-0.051743,-0.541550,-0.825546
"2025-11-04 10:08:01.955 +0000",1762250881.954743,-0.039612,-0.546585,-0.801025
"2025-11-04 10:08:01.965 +0000",1762250881.964725,-0.010025,-0.558441,-0.789337
"2025-11-04 10:08:01.975 +0000",1762250881.974706,0.018997,-0.579742,-0.805481
"2025-11-04 10:08:01.985 +0000",1762250881.984687,0.021683,-0.606705,-0.845001
"2025-11-04 10:08:01.995 +0000",1762250881.994668,0.011688,-0.616577,-0.877777
"2025-11-04 10:08:02.005 +0000",1762250882.004649,0.002228,-0.602875,-0.885040
"2025-11-04 10:08:02.015 +0000",1762250882.014630,-0.004227,-0.588043,-0.865311
"2025-11-04 10:08:02.025 +0000",1762250882.024611,-0.014023,-0.580902,-0.828003
"2025-11-04 10:08:02.035 +0000",1762250882.034593,-0.025726,-0.580521,-0.786407
"2025-11-04 10:08:02.045 +0000",1762250882.044574,-0.049362,-0.590012,-0.751587
"2025-11-04 10:08:02.055 +0000",1762250882.054554,-0.056641,-0.592957,-0.736832
"2025-11-04 10:08:02.065 +0000",1762250882.064537,-0.042969,-0.583969,-0.720245
"2025-11-04 10:08:02.075 +0000",1762250882.074518,-0.049057,-0.582748,-0.719849
"2025-11-04 10:08:02.084 +0000",1762250882.084498,-0.055283,-0.593033,-0.732758
"2025-11-04 10:08:02.094 +0000",1762250882.094480,-0.063644,-0.598999,-0.748154
"2025-11-04 10:08:02.104 +0000",1762250882.104460,-0.062347,-0.585770,-0.761826
"2025-11-04 10:08:02.114 +0000",1762250882.114442,-0.067627,-0.555908,-0.781143
"2025-11-04 10:08:02.124 +0000",1762250882.124423,-0.076233,-0.528259,-0.807144
"2025-11-04 10:08:02.134 +0000",1762250882.134405,-0.067139,-0.509018,-0.832901
"2025-11-04 10:08:02.144 +0000",1762250882.144385,-0.058640,-0.507538,-0.851395
"2025-11-04 10:08:02.154 +0000",1762250882.154366,-0.050903,-0.519852,-0.869537
"2025-11-04 10:08:02.164 +0000",1762250882.164348,-0.026520,-0.532822,-0.881241
"2025-11-04 10:08:02.174 +0000",1762250882.174329,-0.006241,-0.550171,-0.878540
"2025-11-04 10:08:02.184 +0000",1762250882.184310,-0.004028,-0.576828,-0.856735
"2025-11-04 10:08:02.194 +0000",1762250882.194291,-0.019058,-0.606339,-0.825592
"2025-11-04 10:08:02.204 +0000",1762250882.204273,-0.031265,-0.619125,-0.796753
"2025-11-04 10:08:02.214 +0000",1762250882.214255,-0.034210,-0.605209,-0.773575
"2025-11-04 10:08:02.224 +0000",1762250882.224235,-0.027054,-0.579300,-0.756943
"2025-11-04 10:08:02.234 +0000",1762250882.234216,-0.019577,-0.563599,-0.762711
"2025-11-04 10:08:02.244 +0000",1762250882.244197,-0.017181,-0.557175,-0.795502
"2025-11-04 10:08:02.254 +0000",1762250882.254178,-0.017426,-0.561890,-0.828461
"2025-11-04 10:08:02.264 +0000",1762250882.264160,-0.025391,-0.571732,-0.843933
"2025-11-04 10:08:02.274 +0000",1762250882.274142,-0.035339,-0.575851,-0.836273
"2025-11-04 10:08:02.284 +0000",1762250882.284122,-0.048370,-0.567764,-0.803329
"2025-11-04 10:08:02.294 +0000",1762250882.294104,-0.051682,-0.545212,-0.760910
"2025-11-04 10:08:02.304 +0000",1762250882.304084,-0.046753,-0.527176,-0.743942
"2025-11-04 10:08:02.314 +0000",1762250882.314065,-0.045197,-0.520218,-0.775452
"2025-11-04 10:08:02.324 +0000",1762250882.324048,-0.047745,-0.524048,-0.825363
"2025-11-04 10:08:02.334 +0000",1762250882.334028,-0.057663,-0.533585,-0.865753
"2025-11-04 10:08:02.344 +0000",1762250882.344009,-0.073318,-0.539734,-0.876724
"2025-11-04 10:08:02.354 +0000",1762250882.353991,-0.089813,-0.544067,-0.838455
"2025-11-04 10:08:02.364 +0000",1762250882.363972,-0.105789,-0.548401,-0.776062
"2025-11-04 10:08:02.374 +0000",1762250882.373953,-0.130417,-0.559128,-0.726120
"2025-11-04 10:08:02.384 +0000",1762250882.383935,-0.140396,-0.580521,-0.708374
"2025-11-04 10:08:02.394 +0000",1762250882.393916,-0.125366,-0.598038,-0.715195
"2025-11-04 10:08:02.404 +0000",1762250882.403897,-0.109467,-0.604553,-0.724075
"2025-11-04 10:08:02.414 +0000",1762250882.413878,-0.106689,-0.602402,-0.737122
"2025-11-04 10:08:02.424 +0000",1762250882.423859,-0.106430,-0.585327,-0.751572
"2025-11-04 10:08:02.434 +0000",1762250882.433841,-0.102402,-0.568985,-0.784454
"2025-11-04 10:08:02.444 +0000",1762250882.443822,-0.104843,-0.557983,-0.832764
"2025-11-04 10:08:02.454 +0000",1762250882.453802,-0.102280,-0.548904,-0.862015
"2025-11-04 10:08:02.464 +0000",1762250882.463784,-0.100342,-0.551224,-0.866669
"2025-11-04 10:08:02.474 +0000",1762250882.473765,-0.091690,-0.558395,-0.864105
"2025-11-04 10:08:02.484 +0000",1762250882.483746,-0.078156,-0.567963,-0.867340
"2025-11-04 10:08:02.494 +0000",1762250882.493728,-0.075699,-0.579956,-0.880356
"2025-11-04 10:08:02.504 +0000",1762250882.503708,-0.077744,-0.587875,-0.902939
"2025-11-04 10:08:02.514 +0000",1762250882.513690,-0.069794,-0.588074,-0.922760
"2025-11-04 10:08:02.524 +0000",1762250882.523672,-0.065414,-0.592682,-0.934570
"2025-11-04 10:08:02.534 +0000",1762250882.533653,-0.070312,-0.606918,-0.936356
"2025-11-04 10:08:02.544 +0000",1762250882.543634,-0.077316,-0.614960,-0.919052
"2025-11-04 10:08:02.554 +0000",1762250882.553615,-0.072495,-0.608215,-0.884521
"2025-11-04 10:08:02.564 +0000",1762250882.563596,-0.060593,-0.595917,-0.858826
"2025-11-04 10:08:02.574 +0000",1762250882.573577,-0.043945,-0.589310,-0.853424
"2025-11-04 10:08:02.584 +0000",1762250882.583558,-0.024796,-0.595764,-0.864685
"2025-11-04 10:08:02.594 +0000",1762250882.593540,-0.011307,-0.604172,-0.878723
"2025-11-04 10:08:02.604 +0000",1762250882.603521,-0.004059,-0.599045,-0.883652
"2025-11-04 10:08:02.614 +0000",1762250882.613502,0.004776,-0.588791,-0.865921
"2025-11-04 10:08:02.623 +0000",1762250882.623483,-0.006500,-0.584091,-0.827194
"2025-11-04 10:08:02.633 +0000",1762250882.633464,-0.040070,-0.588959,-0.792648
"2025-11-04 10:08:02.643 +0000",1762250882.643445,-0.065247,-0.590332,-0.757645
"2025-11-04 10:08:02.653 +0000",1762250882.653426,-0.072083,-0.587387,-0.722366
"2025-11-04 10:08:02.663 +0000",1762250882.663408,-0.064835,-0.587906,-0.697556
"2025-11-04 10:08:02.673 +0000",1762250882.673389,-0.051529,-0.591339,-0.704208
"2025-11-04 10:08:02.683 +0000",1762250882.683370,-0.049057,-0.601959,-0.737793
"2025-11-04 10:08:02.693 +0000",1762250882.693352,-0.049759,-0.617691,-0.784317
"2025-11-04 10:08:02.703 +0000",1762250882.703332,-0.058395,-0.630814,-0.826736
"2025-11-04 10:08:02.713 +0000",1762250882.713314,-0.073578,-0.624344,-0.835220
"2025-11-04 10:08:02.723 +0000",1762250882.723295,-0.075577,-0.596130,-0.815140
"2025-11-04 10:08:02.733 +0000",1762250882.733276,-0.076431,-0.569763,-0.792145
"2025-11-04 10:08:02.743 +0000",1762250882.743258,-0.079300,-0.569382,-0.776047
"2025-11-04 10:08:02.753 +0000",1762250882.753238,-0.090118,-0.586075,-0.777039
"2025-11-04 10:08:02.763 +0000",1762250882.763219,-0.106155,-0.615845,-0.772400
"2025-11-04 10:08:02.773 +0000",1762250882.773202,-0.101044,-0.647476,-0.760681
"2025-11-04 10:08:02.783 +0000",1762250882.783182,-0.092026,-0.661758,-0.760941
"2025-11-04 10:08:02.793 +0000",1762250882.793164,-0.099365,-0.650940,-0.786362
"2025-11-04 10:08:02.803 +0000",1762250882.803144,-0.108612,-0.621140,-0.842224
"2025-11-04 10:08:02.813 +0000",1762250882.813125,-0.111694,-0.592880,-0.911438
"2025-11-04 10:08:02.823 +0000",1762250882.823107,-0.108353,-0.566269,-0.977600
"2025-11-04 10:08:02.833 +0000",1762250882.833089,-0.099808,-0.515289,-1.035217
"2025-11-04 10:08:02.843 +0000",1762250882.843070,-0.114212,-0.423325,-1.036011
"2025-11-04 10:08:02.853 +0000",1762250882.853050,-0.107956,-0.477036,-0.997314
"2025-11-04 10:08:02.863 +0000",1762250882.863031,-0.099686,-0.577866,-0.931122
"2025-11-04 10:08:02.873 +0000",1762250882.873013,-0.076263,-0.637817,-0.839966
"2025-11-04 10:08:02.883 +0000",1762250882.882994,-0.045822,-0.649261,-0.770004
"2025-11-04 10:08:02.893 +0000",1762250882.892976,-0.032791,-0.655396,-0.709229
"2025-11-04 10:08:02.903 +0000",1762250882.902957,-0.042038,-0.684006,-0.660507
"2025-11-04 10:08:02.913 +0000",1762250882.912937,-0.067429,-0.701782,-0.670776
"2025-11-04 10:08:02.923 +0000",1762250882.922919,-0.085541,-0.690079,-0.727402
"2025-11-04 10:08:02.933 +0000",1762250882.932900,-0.103836,-0.626343,-0.818008
"2025-11-04 10:08:02.943 +0000",1762250882.942881,-0.182693,-0.332748,-0.994370
"2025-11-04 10:08:02.953 +0000",1762250882.952862,-0.147003,-0.456451,-1.074982
"2025-11-04 10:08:02.963 +0000",1762250882.962845,-0.059967,-0.653366,-1.039795
"2025-11-04 10:08:02.973 +0000",1762250882.972826,-0.069504,-0.671021,-0.912811
"2025-11-04 10:08:02.983 +0000",1762250882.982807,-0.116760,-0.536362,-0.859192
"2025-11-04 10:08:02.993 +0000",1762250882.992787,-0.050812,-0.499954,-0.757141
"2025-11-04 10:08:03.003 +0000",1762250883.002769,-0.054642,-0.533859,-0.730240
"2025-11-04 10:08:03.013 +0000",1762250883.012750,-0.109009,-0.562210,-0.751144
"2025-11-04 10:08:03.023 +0000",1762250883.022732,-0.137695,-0.575745,-0.749268
"2025-11-04 10:08:03.033 +0000",1762250883.032713,-0.156326,-0.581604,-0.730164
"2025-11-04 10:08:03.043 +0000",1762250883.042694,-0.179337,-0.587387,-0.720886
"2025-11-04 10:08:03.053 +0000",1762250883.052674,-0.186066,-0.572662,-0.691818
"2025-11-04 10:08:03.063 +0000",1762250883.062656,-0.204163,-0.558258,-0.678467
"2025-11-04 10:08:03.073 +0000",1762250883.072638,-0.212265,-0.564270,-0.733246
"2025-11-04 10:08:03.083 +0000",1762250883.082618,-0.195709,-0.551743,-0.779953
"2025-11-04 10:08:03.093 +0000",1762250883.092599,-0.198776,-0.551254,-0.794785
"2025-11-04 10:08:03.103 +0000",1762250883.102580,-0.205750,-0.558289,-0.766876
"2025-11-04 10:08:03.113 +0000",1762250883.112562,-0.196823,-0.558914,-0.683945
"2025-11-04 10:08:03.123 +0000",1762250883.122544,-0.181549,-0.571854,-0.587784
"2025-11-04 10:08:03.133 +0000",1762250883.132524,-0.181992,-0.585114,-0.532196
"2025-11-04 10:08:03.143 +0000",1762250883.142505,-0.100250,-0.532379,-0.824371
"2025-11-04 10:08:03.152 +0000",1762250883.152486,-0.016968,-0.696213,-1.323380
"2025-11-04 10:08:03.162 +0000",1762250883.162469,-0.053391,-0.775787,-1.154541
"2025-11-04 10:08:03.172 +0000",1762250883.172449,-0.032272,-0.709091,-0.825912
"2025-11-04 10:08:03.182 +0000",1762250883.182431,-0.113297,-0.750732,-0.729523
"2025-11-04 10:08:03.192 +0000",1762250883.192412,-0.165161,-0.734451,-0.748901
"2025-11-04 10:08:03.202 +0000",1762250883.202393,-0.176819,-0.672958,-0.708084
"2025-11-04 10:08:03.212 +0000",1762250883.212375,-0.210922,-0.466339,-0.593246
"2025-11-04 10:08:03.222 +0000",1762250883.222355,-0.311539,-0.213120,-0.565231
"2025-11-04 10:08:03.232 +0000",1762250883.232336,-0.412827,-0.311508,-0.645767
"2025-11-04 10:08:03.242 +0000",1762250883.242317,-0.353134,-0.503220,-0.612656
"2025-11-04 10:08:03.252 +0000",1762250883.252298,-0.156815,-0.733521,-0.498215
"2025-11-04 10:08:03.262 +0000",1762250883.262280,-0.081329,-0.836472,-0.484360
"2025-11-04 10:08:03.272 +0000",1762250883.272261,-0.051392,-0.726532,-0.576492
"2025-11-04 10:08:03.282 +0000",1762250883.282242,-0.022446,-0.711578,-1.127609
"2025-11-04 10:08:03.292 +0000",1762250883.292223,-0.023880,-0.709381,-1.504440
"2025-11-04 10:08:03.302 +0000",1762250883.302204,-0.075912,-0.583664,-1.015610
"2025-11-04 10:08:03.312 +0000",1762250883.312186,-0.153442,-0.544312,-0.662292
"2025-11-04 10:08:03.322 +0000",1762250883.322167,-0.188507,-0.545486,-0.758698
"2025-11-04 10:08:03.332 +0000",1762250883.332148,-0.189545,-0.513962,-0.922455
"2025-11-04 10:08:03.342 +0000",1762250883.342129,-0.088715,-0.470886,-1.016205
"2025-11-04 10:08:03.352 +0000",1762250883.352110,-0.017487,-0.443924,-0.935043
"2025-11-04 10:08:03.362 +0000",1762250883.362092,-0.029297,-0.487534,-0.797989
"2025-11-04 10:08:03.372 +0000",1762250883.372073,-0.021164,-0.524567,-0.749756
"2025-11-04 10:08:03.382 +0000",1762250883.382054,-0.031250,-0.489105,-0.713531
"2025-11-04 10:08:03.392 +0000",1762250883.392035,0.024780,-0.490448,-0.660217
"2025-11-04 10:08:03.402 +0000",1762250883.402017,0.046707,-0.515442,-0.546768
"2025-11-04 10:08:03.412 +0000",1762250883.411997,0.031860,-0.545288,-0.502029
"2025-11-04 10:08:03.422 +0000",1762250883.421979,0.131790,-0.548630,-0.504730
"2025-11-04 10:08:03.432 +0000",1762250883.431960,0.219788,-0.500763,-0.743835
"2025-11-04 10:08:03.442 +0000",1762250883.441941,0.143784,-0.449677,-1.028229
"2025-11-04 10:08:03.452 +0000",1762250883.451923,0.114044,-0.542343,-1.003143
"2025-11-04 10:08:03.462 +0000",1762250883.461903,-0.049942,-0.533463,-0.952454
"2025-11-04 10:08:03.472 +0000",1762250883.471885,-0.014740,-0.541962,-0.990860
"2025-11-04 10:08:03.482 +0000",1762250883.481866,-0.001221,-0.528351,-1.101273
"2025-11-04 10:08:03.492 +0000",1762250883.491847,0.044296,-0.485031,-1.177582
"2025-11-04 10:08:03.502 +0000",1762250883.501829,0.114914,-0.481628,-1.154648
"2025-11-04 10:08:03.512 +0000",1762250883.511810,0.186752,-0.497330,-1.051498
"2025-11-04 10:08:03.522 +0000",1762250883.521791,0.228317,-0.507935,-0.946701
"2025-11-04 10:08:03.532 +0000",1762250883.531771,0.201279,-0.491638,-0.880966
"2025-11-04 10:08:03.542 +0000",1762250883.541754,0.135742,-0.460190,-0.817535
"2025-11-04 10:08:03.552 +0000",1762250883.551735,0.086197,-0.411636,-0.816727
"2025-11-04 10:08:03.562 +0000",1762250883.561716,0.029205,-0.407089,-0.921234
"2025-11-04 10:08:03.572 +0000",1762250883.571697,0.174133,-0.447052,-0.944595
"2025-11-04 10:08:03.582 +0000",1762250883.581677,0.412216,-0.421906,-0.847046
"2025-11-04 10:08:03.592 +0000",1762250883.591660,0.407959,-0.398224,-0.796249
"2025-11-04 10:08:03.602 +0000",1762250883.601641,0.302689,-0.377350,-0.742249
"2025-11-04 10:08:03.612 +0000",1762250883.611621,0.286438,-0.334473,-0.687469
"2025-11-04 10:08:03.622 +0000",1762250883.621603,0.340637,-0.348801,-0.687332
"2025-11-04 10:08:03.632 +0000",1762250883.631583,0.384720,-0.404907,-0.700653
"2025-11-04 10:08:03.642 +0000",1762250883.641565,0.373306,-0.428726,-0.722046
"2025-11-04 10:08:03.652 +0000",1762250883.651546,0.377960,-0.469589,-0.749252
"2025-11-04 10:08:03.662 +0000",1762250883.661527,0.393738,-0.500488,-0.822617
"2025-11-04 10:08:03.672 +0000",1762250883.671509,0.353348,-0.463623,-0.942917
"2025-11-04 10:08:03.681 +0000",1762250883.681489,0.319443,-0.428116,-1.017914
"2025-11-04 10:08:03.691 +0000",1762250883.691471,0.320572,-0.418015,-1.060364
"2025-11-04 10:08:03.701 +0000",1762250883.701452,0.335510,-0.385376,-1.049927
"2025-11-04 10:08:03.711 +0000",1762250883.711434,0.356522,-0.343765,-1.029678
"2025-11-04 10:08:03.721 +0000",1762250883.721415,0.350632,-0.353989,-1.033386
"2025-11-04 10:08:03.731 +0000",1762250883.731395,0.337448,-0.330978,-0.990036
"2025-11-04 10:08:03.741 +0000",1762250883.741378,0.323166,-0.366684,-0.968124
"2025-11-04 10:08:03.751 +0000",1762250883.751359,0.303970,-0.392548,-0.921234
"2025-11-04 10:08:03.761 +0000",1762250883.761339,0.285400,-0.377258,-0.874908
"2025-11-04 10:08:03.771 +0000",1762250883.771320,0.261414,-0.374756,-0.841080
"2025-11-04 10:08:03.781 +0000",1762250883.781302,0.242218,-0.373138,-0.813858
"2025-11-04 10:08:03.791 +0000",1762250883.791284,0.225998,-0.370499,-0.811111
"2025-11-04 10:08:03.801 +0000",1762250883.801265,0.220459,-0.376297,-0.839462
"2025-11-04 10:08:03.811 +0000",1762250883.811245,0.238113,-0.392929,-0.903275
"2025-11-04 10:08:03.821 +0000",1762250883.821228,0.253250,-0.407135,-0.993790
"2025-11-04 10:08:03.831 +0000",1762250883.831209,0.259277,-0.412537,-1.074631
"2025-11-04 10:08:03.841 +0000",1762250883.841189,0.247177,-0.408066,-1.124588
"2025-11-04 10:08:03.851 +0000",1762250883.851171,0.213013,-0.387299,-1.118683
"2025-11-04 10:08:03.861 +0000",1762250883.861152,0.181458,-0.358994,-1.068542
"2025-11-04 10:08:03.871 +0000",1762250883.871132,0.168579,-0.344742,-1.000671
"2025-11-04 10:08:03.881 +0000",1762250883.881114,0.173569,-0.352707,-0.928802
"2025-11-04 10:08:03.891 +0000",1762250883.891095,0.179825,-0.376602,-0.869293
"2025-11-04 10:08:03.901 +0000",1762250883.901076,0.186386,-0.415634,-0.827148
"2025-11-04 10:08:03.911 +0000",1762250883.911058,0.181564,-0.450714,-0.798477
"2025-11-04 10:08:03.921 +0000",1762250883.921039,0.156143,-0.476059,-0.768188
"2025-11-04 10:08:03.931 +0000",1762250883.931020,0.114182,-0.472031,-0.748093
"2025-11-04 10:08:03.941 +0000",1762250883.941001,0.076279,-0.449738,-0.747101
"2025-11-04 10:08:03.951 +0000",1762250883.950982,0.067291,-0.433853,-0.740616
"2025-11-04 10:08:03.961 +0000",1762250883.960963,0.085083,-0.430603,-0.741409
"2025-11-04 10:08:03.971 +0000",1762250883.970946,0.111435,-0.446060,-0.746506
"2025-11-04 10:08:03.981 +0000",1762250883.980926,0.125107,-0.471100,-0.744995
"2025-11-04 10:08:03.991 +0000",1762250883.990907,0.120346,-0.477280,-0.736374
"2025-11-04 10:08:04.001 +0000",1762250884.000888,0.113602,-0.468384,-0.734131
"2025-11-04 10:08:04.011 +0000",1762250884.010869,0.109467,-0.460022,-0.737671
"2025-11-04 10:08:04.021 +0000",1762250884.020852,0.106110,-0.449997,-0.760559
"2025-11-04 10:08:04.031 +0000",1762250884.030833,0.117279,-0.452621,-0.792770
"2025-11-04 10:08:04.041 +0000",1762250884.040813,0.139389,-0.475815,-0.838669
"2025-11-04 10:08:04.051 +0000",1762250884.050794,0.149734,-0.501343,-0.891144
"2025-11-04 10:08:04.061 +0000",1762250884.060775,0.137634,-0.514694,-0.941360
"2025-11-04 10:08:04.071 +0000",1762250884.070757,0.116455,-0.526962,-0.998001
"2025-11-04 10:08:04.081 +0000",1762250884.080738,0.092041,-0.546021,-1.051147
"2025-11-04 10:08:04.091 +0000",1762250884.090719,0.062714,-0.549728,-1.078842
"2025-11-04 10:08:04.101 +0000",1762250884.100701,0.059174,-0.546158,-1.106461
"2025-11-04 10:08:04.111 +0000",1762250884.110681,0.065521,-0.530853,-1.086731
"2025-11-04 10:08:04.121 +0000",1762250884.120663,0.080444,-0.517288,-1.041626
"2025-11-04 10:08:04.131 +0000",1762250884.130644,0.113388,-0.516571,-0.992096
"2025-11-04 10:08:04.141 +0000",1762250884.140625,0.138107,-0.515732,-0.947861
"2025-11-04 10:08:04.151 +0000",1762250884.150606,0.150223,-0.498428,-0.894073
"2025-11-04 10:08:04.161 +0000",1762250884.160588,0.157715,-0.478790,-0.842651
"2025-11-04 10:08:04.171 +0000",1762250884.170569,0.161148,-0.469360,-0.797897
"2025-11-04 10:08:04.181 +0000",1762250884.180551,0.150574,-0.467667,-0.744461
"2025-11-04 10:08:04.191 +0000",1762250884.190531,0.125946,-0.466660,-0.702805
"2025-11-04 10:08:04.201 +0000",1762250884.200513,0.121658,-0.460190,-0.690903
"2025-11-04 10:08:04.210 +0000",1762250884.210494,0.114883,-0.443527,-0.699036
"2025-11-04 10:08:04.220 +0000",1762250884.220476,0.104675,-0.409576,-0.724869
"2025-11-04 10:08:04.230 +0000",1762250884.230456,0.197144,-0.442490,-0.785309
"2025-11-04 10:08:04.240 +0000",1762250884.240438,0.182465,-0.460464,-0.852600
"2025-11-04 10:08:04.250 +0000",1762250884.250418,0.149826,-0.423431,-0.912659
"2025-11-04 10:08:04.260 +0000",1762250884.260400,0.142639,-0.408035,-0.945358
"2025-11-04 10:08:04.270 +0000",1762250884.270381,0.132034,-0.416367,-0.951797
"2025-11-04 10:08:04.280 +0000",1762250884.280363,0.106644,-0.411758,-0.950989
"2025-11-04 10:08:04.290 +0000",1762250884.290344,0.091736,-0.410568,-0.970886
"2025-11-04 10:08:04.300 +0000",1762250884.300324,0.105713,-0.422241,-0.993378
"2025-11-04 10:08:04.310 +0000",1762250884.310306,0.123962,-0.428131,-1.013336
"2025-11-04 10:08:04.320 +0000",1762250884.320287,0.141174,-0.426315,-1.046677
"2025-11-04 10:08:04.330 +0000",1762250884.330268,0.166046,-0.426346,-1.074738
"2025-11-04 10:08:04.340 +0000",1762250884.340249,0.193451,-0.417648,-1.076950
"2025-11-04 10:08:04.350 +0000",1762250884.350231,0.208008,-0.394943,-1.024033
"2025-11-04 10:08:04.360 +0000",1762250884.360212,0.202972,-0.372314,-0.982590
"2025-11-04 10:08:04.370 +0000",1762250884.370193,0.198578,-0.366196,-0.938644
"2025-11-04 10:08:04.380 +0000",1762250884.380174,0.150574,-0.392822,-0.896683
"2025-11-04 10:08:04.390 +0000",1762250884.390155,0.123398,-0.424393,-0.900589
"2025-11-04 10:08:04.400 +0000",1762250884.400138,0.110886,-0.470032,-0.865967
"2025-11-04 10:08:04.410 +0000",1762250884.410119,0.100357,-0.503540,-0.870590
"2025-11-04 10:08:04.420 +0000",1762250884.420099,0.073135,-0.510086,-0.892044
"2025-11-04 10:08:04.430 +0000",1762250884.430081,0.034943,-0.503708,-0.876404
"2025-11-04 10:08:04.440 +0000",1762250884.440060,0.006699,-0.493759,-0.850342
"2025-11-04 10:08:04.450 +0000",1762250884.450043,-0.013321,-0.498886,-0.815323
"2025-11-04 10:08:04.460 +0000",1762250884.460024,-0.034805,-0.507904,-0.777267
"2025-11-04 10:08:04.470 +0000",1762250884.470005,-0.047058,-0.498398,-0.744171
"2025-11-04 10:08:04.480 +0000",1762250884.479986,-0.018555,-0.483673,-0.757721
"2025-11-04 10:08:04.490 +0000",1762250884.489968,0.034210,-0.482178,-0.798752
"2025-11-04 10:08:04.500 +0000",1762250884.499949,0.089615,-0.472137,-0.832184
"2025-11-04 10:08:04.510 +0000",1762250884.509930,0.125702,-0.443542,-0.855133
"2025-11-04 10:08:04.520 +0000",1762250884.519911,0.140823,-0.406769,-0.867203
"2025-11-04 10:08:04.530 +0000",1762250884.529892,0.155487,-0.373306,-0.885818
"2025-11-04 10:08:04.540 +0000",1762250884.539874,0.172592,-0.352020,-0.883255
"2025-11-04 10:08:04.550 +0000",1762250884.549855,0.169296,-0.353256,-0.864838
"2025-11-04 10:08:04.560 +0000",1762250884.559835,0.160583,-0.387146,-0.843643
"2025-11-04 10:08:04.570 +0000",1762250884.569817,0.147797,-0.431046,-0.826767
"2025-11-04 10:08:04.580 +0000",1762250884.579798,0.150238,-0.463791,-0.800537
"2025-11-04 10:08:04.590 +0000",1762250884.589780,0.168900,-0.466721,-0.818222
"2025-11-04 10:08:04.600 +0000",1762250884.599761,0.202896,-0.463379,-0.857300
"2025-11-04 10:08:04.610 +0000",1762250884.609742,0.192993,-0.479370,-0.886002
"2025-11-04 10:08:04.620 +0000",1762250884.619724,0.187027,-0.449051,-0.903915
"2025-11-04 10:08:04.630 +0000",1762250884.629705,0.193573,-0.403091,-0.904831
"2025-11-04 10:08:04.640 +0000",1762250884.639686,0.201889,-0.418106,-0.970520
"2025-11-04 10:08:04.650 +0000",1762250884.649667,0.236328,-0.470963,-1.039352
"2025-11-04 10:08:04.660 +0000",1762250884.659648,0.255737,-0.475647,-1.095123
"2025-11-04 10:08:04.670 +0000",1762250884.669629,0.250198,-0.457748,-1.165512
"2025-11-04 10:08:04.680 +0000",1762250884.679611,0.237808,-0.468613,-1.183929
"2025-11-04 10:08:04.690 +0000",1762250884.689592,0.209839,-0.486771,-1.140945
"2025-11-04 10:08:04.700 +0000",1762250884.699573,0.167496,-0.486877,-1.047668
"2025-11-04 10:08:04.710 +0000",1762250884.709554,0.139984,-0.494385,-0.973862
"2025-11-04 10:08:04.720 +0000",1762250884.719535,0.120575,-0.506622,-0.929611
"2025-11-04 10:08:04.730 +0000",1762250884.729517,0.108429,-0.501236,-0.898468
"2025-11-04 10:08:04.739 +0000",1762250884.739498,0.110336,-0.487671,-0.874084
"2025-11-04 10:08:04.749 +0000",1762250884.749478,0.115372,-0.488617,-0.854843
"2025-11-04 10:08:04.759 +0000",1762250884.759459,0.105835,-0.486679,-0.840866
"2025-11-04 10:08:04.769 +0000",1762250884.769442,0.084824,-0.493942,-0.863495
"2025-11-04 10:08:04.779 +0000",1762250884.779423,0.098801,-0.524445,-0.927246
"2025-11-04 10:08:04.789 +0000",1762250884.789404,0.118011,-0.536331,-0.995178
"2025-11-04 10:08:04.799 +0000",1762250884.799385,0.116547,-0.512985,-1.030594
"2025-11-04 10:08:04.809 +0000",1762250884.809366,0.113800,-0.476074,-1.076279
"2025-11-04 10:08:04.819 +0000",1762250884.819348,0.108948,-0.450882,-1.101593
"2025-11-04 10:08:04.829 +0000",1762250884.829329,0.115036,-0.443054,-1.102539
"2025-11-04 10:08:04.839 +0000",1762250884.839310,0.120193,-0.467789,-1.095917
"2025-11-04 10:08:04.849 +0000",1762250884.849291,0.099335,-0.523254,-1.042725
"2025-11-04 10:08:04.859 +0000",1762250884.859271,0.048218,-0.568466,-0.974884
"2025-11-04 10:08:04.869 +0000",1762250884.869254,-0.001373,-0.562973,-0.905319
"2025-11-04 10:08:04.879 +0000",1762250884.879235,-0.017487,-0.529404,-0.856781
"2025-11-04 10:08:04.889 +0000",1762250884.889215,-0.011093,-0.521057,-0.845917
"2025-11-04 10:08:04.899 +0000",1762250884.899196,0.017838,-0.529770,-0.813080
"2025-11-04 10:08:04.909 +0000",1762250884.909178,0.068726,-0.548508,-0.773773
"2025-11-04 10:08:04.919 +0000",1762250884.919160,0.062668,-0.566528,-0.693619
"2025-11-04 10:08:04.929 +0000",1762250884.929141,0.023941,-0.570770,-0.595154
"2025-11-04 10:08:04.939 +0000",1762250884.939122,-0.000076,-0.584595,-0.561798
"2025-11-04 10:08:04.949 +0000",1762250884.949103,0.001648,-0.623337,-0.592056
"2025-11-04 10:08:04.959 +0000",1762250884.959085,0.005966,-0.675278,-0.654755
"2025-11-04 10:08:04.969 +0000",1762250884.969066,-0.029327,-0.652832,-0.641342
"2025-11-04 10:08:04.979 +0000",1762250884.979046,-0.127930,-0.582855,-0.617874
"2025-11-04 10:08:04.989 +0000",1762250884.989028,-0.239548,-0.511551,-0.584213
"2025-11-04 10:08:04.999 +0000",1762250884.999010,-0.273178,-0.458633,-0.580688
"2025-11-04 10:08:05.009 +0000",1762250885.008991,-0.221466,-0.451874,-0.652328
"2025-11-04 10:08:05.019 +0000",1762250885.018971,-0.111984,-0.438202,-0.662735
"2025-11-04 10:08:05.029 +0000",1762250885.028953,0.009903,-0.453308,-0.619293
"2025-11-04 10:08:05.039 +0000",1762250885.038934,0.082626,-0.491974,-0.527863
"2025-11-04 10:08:05.049 +0000",1762250885.048915,0.081772,-0.529495,-0.425003
"2025-11-04 10:08:05.059 +0000",1762250885.058897,0.041183,-0.592972,-0.372482
"2025-11-04 10:08:05.069 +0000",1762250885.068879,0.035492,-0.604095,-0.357834
"2025-11-04 10:08:05.079 +0000",1762250885.078859,0.088013,-0.543045,-0.346893
"2025-11-04 10:08:05.089 +0000",1762250885.088839,0.195923,-0.541031,-0.430496
"2025-11-04 10:08:05.099 +0000",1762250885.098822,0.307358,-0.605133,-0.560883
"2025-11-04 10:08:05.109 +0000",1762250885.108803,0.412537,-0.610092,-0.688599
"2025-11-04 10:08:05.119 +0000",1762250885.118783,0.498367,-0.611893,-0.807785
"2025-11-04 10:08:05.129 +0000",1762250885.128764,0.532852,-0.645020,-0.880646
"2025-11-04 10:08:05.139 +0000",1762250885.138746,0.512436,-0.651306,-0.964066
"2025-11-04 10:08:05.149 +0000",1762250885.148728,0.441528,-0.621475,-1.019089
"2025-11-04 10:08:05.159 +0000",1762250885.158709,0.397781,-0.617722,-1.094803
"2025-11-04 10:08:05.169 +0000",1762250885.168690,0.420959,-0.691605,-1.175629
"2025-11-04 10:08:05.179 +0000",1762250885.178670,0.425079,-0.698547,-1.156097
"2025-11-04 10:08:05.189 +0000",1762250885.188651,0.401413,-0.679672,-1.143784
"2025-11-04 10:08:05.199 +0000",1762250885.198634,0.391937,-0.663589,-1.099152
"2025-11-04 10:08:05.209 +0000",1762250885.208614,0.388367,-0.603973,-1.054123
"2025-11-04 10:08:05.219 +0000",1762250885.218595,0.403473,-0.572586,-0.978836
"2025-11-04 10:08:05.229 +0000",1762250885.228576,0.428787,-0.552261,-0.929169
"2025-11-04 10:08:05.239 +0000",1762250885.238559,0.438843,-0.521164,-0.917633
"2025-11-04 10:08:05.249 +0000",1762250885.248540,0.442719,-0.464462,-0.932571
"2025-11-04 10:08:05.259 +0000",1762250885.258520,0.457977,-0.398575,-0.919922
"2025-11-04 10:08:05.269 +0000",1762250885.268502,0.469818,-0.389160,-1.012314
"2025-11-04 10:08:05.278 +0000",1762250885.278483,0.413437,-0.317627,-1.016144
"2025-11-04 10:08:05.288 +0000",1762250885.288464,0.260757,-0.268005,-1.067093
"2025-11-04 10:08:05.298 +0000",1762250885.298445,0.199600,-0.346222,-1.061218
"2025-11-04 10:08:05.308 +0000",1762250885.308426,0.202576,-0.433701,-0.945953
"2025-11-04 10:08:05.318 +0000",1762250885.318408,0.258408,-0.517105,-0.811050
"2025-11-04 10:08:05.328 +0000",1762250885.328389,0.358307,-0.578369,-0.719711
"2025-11-04 10:08:05.338 +0000",1762250885.338371,0.417816,-0.583633,-0.737717
"2025-11-04 10:08:05.348 +0000",1762250885.348351,0.405609,-0.511902,-0.890305
"2025-11-04 10:08:05.358 +0000",1762250885.358333,0.339432,-0.411011,-1.074539
"2025-11-04 10:08:05.368 +0000",1762250885.368314,0.245880,-0.259918,-0.963867
"2025-11-04 10:08:05.378 +0000",1762250885.378296,0.163193,-0.184265,-0.864899
"2025-11-04 10:08:05.388 +0000",1762250885.388277,0.112991,-0.220963,-0.702560
"2025-11-04 10:08:05.398 +0000",1762250885.398258,0.124054,-0.333221,-0.672256
"2025-11-04 10:08:05.408 +0000",1762250885.408239,0.161896,-0.468445,-0.731445
"2025-11-04 10:08:05.418 +0000",1762250885.418220,0.136200,-0.582550,-0.725998
"2025-11-04 10:08:05.428 +0000",1762250885.428202,0.150696,-0.635345,-0.592331
"2025-11-04 10:08:05.438 +0000",1762250885.438182,0.253815,-0.627640,-0.540192
"2025-11-04 10:08:05.448 +0000",1762250885.448164,0.246918,-0.733780,-0.524811
"2025-11-04 10:08:05.458 +0000",1762250885.458145,0.243210,-0.928864,-0.586121
"2025-11-04 10:08:05.468 +0000",1762250885.468125,0.084579,-0.906708,-0.570755
"2025-11-04 10:08:05.478 +0000",1762250885.478108,-0.175903,-0.842728,-0.506607
"2025-11-04 10:08:05.488 +0000",1762250885.488089,-0.220154,-0.943405,-0.565292
"2025-11-04 10:08:05.498 +0000",1762250885.498070,-0.116653,-1.078766,-0.789566
"2025-11-04 10:08:05.508 +0000",1762250885.508051,-0.071655,-1.033813,-1.037506
"2025-11-04 10:08:05.518 +0000",1762250885.518033,-0.071335,-0.834991,-1.201965
"2025-11-04 10:08:05.528 +0000",1762250885.528013,-0.055893,-0.611496,-1.317123
"2025-11-04 10:08:05.538 +0000",1762250885.537994,-0.024841,-0.539154,-1.226288
"2025-11-04 10:08:05.548 +0000",1762250885.547975,0.006683,-0.600693,-0.978485
"2025-11-04 10:08:05.558 +0000",1762250885.557956,0.032608,-0.517334,-0.995041
"2025-11-04 10:08:05.568 +0000",1762250885.567938,-0.004395,-0.497055,-0.833679
"2025-11-04 10:08:05.578 +0000",1762250885.577919,-0.047821,-0.483627,-0.702332
"2025-11-04 10:08:05.588 +0000",1762250885.587901,-0.080536,-0.443253,-0.647781
"2025-11-04 10:08:05.598 +0000",1762250885.597881,-0.118912,-0.398422,-0.599335
"2025-11-04 10:08:05.608 +0000",1762250885.607863,-0.189911,-0.344330,-0.604385
"2025-11-04 10:08:05.618 +0000",1762250885.617844,-0.190979,-0.363083,-0.669388
"2025-11-04 10:08:05.628 +0000",1762250885.627825,-0.138947,-0.383911,-0.707504
"2025-11-04 10:08:05.638 +0000",1762250885.637806,-0.120590,-0.326279,-0.700653
"2025-11-04 10:08:05.648 +0000",1762250885.647787,-0.117844,-0.277985,-0.650482
"2025-11-04 10:08:05.658 +0000",1762250885.657769,-0.124008,-0.247940,-0.573135
"2025-11-04 10:08:05.668 +0000",1762250885.667750,-0.140793,-0.197357,-0.474045
"2025-11-04 10:08:05.678 +0000",1762250885.677731,-0.178619,-0.151215,-0.368668
"2025-11-04 10:08:05.688 +0000",1762250885.687713,-0.315369,-0.061035,-0.292633
"2025-11-04 10:08:05.698 +0000",1762250885.697693,-0.231064,-0.106430,-0.262131
"2025-11-04 10:08:05.708 +0000",1762250885.707675,-0.091995,-0.262878,-0.220169
"2025-11-04 10:08:05.718 +0000",1762250885.717656,-0.080643,-0.275787,-0.209473
"2025-11-04 10:08:05.728 +0000",1762250885.727637,-0.132126,-0.215485,-0.193054
"2025-11-04 10:08:05.738 +0000",1762250885.737619,-0.147491,-0.196594,-0.182510
"2025-11-04 10:08:05.748 +0000",1762250885.747601,-0.118607,-0.268967,-0.172913
"2025-11-04 10:08:05.758 +0000",1762250885.757582,-0.067917,-0.387939,-0.160797
"2025-11-04 10:08:05.768 +0000",1762250885.767562,-0.032974,-0.513367,-0.135666
"2025-11-04 10:08:05.778 +0000",1762250885.777543,-0.045670,-0.632462,-0.121262
"2025-11-04 10:08:05.788 +0000",1762250885.787524,-0.082245,-0.768478,-0.153763
"2025-11-04 10:08:05.798 +0000",1762250885.797506,-0.132126,-0.927032,-0.240677
"2025-11-04 10:08:05.807 +0000",1762250885.807487,-0.214783,-1.053879,-0.355484
"2025-11-04 10:08:05.817 +0000",1762250885.817468,-0.272110,-1.134506,-0.462540
"2025-11-04 10:08:05.827 +0000",1762250885.827450,-0.292755,-1.238892,-0.564331
"2025-11-04 10:08:05.837 +0000",1762250885.837431,-0.273422,-1.418762,-0.583206
"2025-11-04 10:08:05.847 +0000",1762250885.847412,-0.255234,-1.594345,-0.508102
"2025-11-04 10:08:05.857 +0000",1762250885.857394,-0.244431,-1.754745,-0.427338
"2025-11-04 10:08:05.867 +0000",1762250885.867374,-0.233231,-1.952255,-0.416763
"2025-11-04 10:08:05.877 +0000",1762250885.877356,-0.259552,-2.114258,-0.542831
"2025-11-04 10:08:05.887 +0000",1762250885.887338,-0.429825,-2.134842,-0.780670
"2025-11-04 10:08:05.897 +0000",1762250885.897319,-0.692123,-1.994781,-1.039627
"2025-11-04 10:08:05.907 +0000",1762250885.907300,-0.912491,-1.763123,-1.150955
"2025-11-04 10:08:05.917 +0000",1762250885.917281,-0.955063,-1.521255,-1.122330
"2025-11-04 10:08:05.927 +0000",1762250885.927261,-0.852966,-1.253082,-1.033783
"2025-11-04 10:08:05.937 +0000",1762250885.937244,-0.676559,-1.024933,-0.904678
"2025-11-04 10:08:05.947 +0000",1762250885.947224,-0.456345,-0.854980,-0.752136
"2025-11-04 10:08:05.957 +0000",1762250885.957205,-0.247467,-0.732483,-0.578857
"2025-11-04 10:08:05.967 +0000",1762250885.967186,-0.079681,-0.630859,-0.389771
"2025-11-04 10:08:05.977 +0000",1762250885.977169,0.027481,-0.557587,-0.231247
"2025-11-04 10:08:05.987 +0000",1762250885.987149,0.087631,-0.532471,-0.125137
"2025-11-04 10:08:05.997 +0000",1762250885.997131,0.114166,-0.528229,-0.079437
"2025-11-04 10:08:06.007 +0000",1762250886.007112,0.088501,-0.488037,-0.122726
"2025-11-04 10:08:06.017 +0000",1762250886.017092,0.041763,-0.472748,-0.231628
"2025-11-04 10:08:06.027 +0000",1762250886.027074,-0.032578,-0.513504,-0.374908
"2025-11-04 10:08:06.037 +0000",1762250886.037055,-0.137497,-0.538452,-0.466385
"2025-11-04 10:08:06.047 +0000",1762250886.047036,-0.262390,-0.528168,-0.502533
"2025-11-04 10:08:06.057 +0000",1762250886.057018,-0.374054,-0.538589,-0.515778
"2025-11-04 10:08:06.067 +0000",1762250886.066998,-0.427826,-0.588226,-0.519089
"2025-11-04 10:08:06.077 +0000",1762250886.076980,-0.413162,-0.635925,-0.548248
"2025-11-04 10:08:06.087 +0000",1762250886.086962,-0.345657,-0.661163,-0.595184
"2025-11-04 10:08:06.097 +0000",1762250886.096942,-0.258560,-0.694275,-0.639755
"2025-11-04 10:08:06.107 +0000",1762250886.106923,-0.185547,-0.725967,-0.694733
"2025-11-04 10:08:06.117 +0000",1762250886.116905,-0.147049,-0.730316,-0.743881
"2025-11-04 10:08:06.127 +0000",1762250886.126887,-0.119736,-0.721115,-0.764908
"2025-11-04 10:08:06.137 +0000",1762250886.136868,-0.116379,-0.712051,-0.748093
"2025-11-04 10:08:06.147 +0000",1762250886.146849,-0.103867,-0.710739,-0.726334
"2025-11-04 10:08:06.157 +0000",1762250886.156830,-0.049545,-0.716660,-0.688187
"2025-11-04 10:08:06.167 +0000",1762250886.166812,0.001450,-0.727600,-0.654816
"2025-11-04 10:08:06.177 +0000",1762250886.176793,0.013412,-0.735260,-0.621368
"2025-11-04 10:08:06.187 +0000",1762250886.186773,0.015915,-0.725540,-0.565491
"2025-11-04 10:08:06.197 +0000",1762250886.196754,0.025208,-0.738617,-0.512848
"2025-11-04 10:08:06.207 +0000",1762250886.206736,0.040009,-0.775406,-0.471420
"2025-11-04 10:08:06.217 +0000",1762250886.216717,0.047226,-0.791245,-0.424591
"2025-11-04 10:08:06.227 +0000",1762250886.226697,0.053970,-0.789444,-0.385574
"2025-11-04 10:08:06.237 +0000",1762250886.236679,0.066574,-0.802460,-0.365768
"2025-11-04 10:08:06.247 +0000",1762250886.246660,0.058716,-0.841522,-0.356125
"2025-11-04 10:08:06.257 +0000",1762250886.256642,0.018005,-0.873062,-0.345993
"2025-11-04 10:08:06.267 +0000",1762250886.266623,-0.038895,-0.887192,-0.374496
"2025-11-04 10:08:06.277 +0000",1762250886.276604,-0.091522,-0.910690,-0.460510
"2025-11-04 10:08:06.287 +0000",1762250886.286586,-0.139664,-0.929977,-0.574905
"2025-11-04 10:08:06.297 +0000",1762250886.296567,-0.191360,-0.936066,-0.676498
"2025-11-04 10:08:06.307 +0000",1762250886.306548,-0.228485,-0.947067,-0.759995
"2025-11-04 10:08:06.317 +0000",1762250886.316529,-0.241562,-0.973434,-0.822556
"2025-11-04 10:08:06.327 +0000",1762250886.326509,-0.242691,-0.998520,-0.855728
"2025-11-04 10:08:06.336 +0000",1762250886.336491,-0.245331,-1.007797,-0.853714
"2025-11-04 10:08:06.346 +0000",1762250886.346472,-0.240692,-1.002396,-0.829422
"2025-11-04 10:08:06.356 +0000",1762250886.356454,-0.226303,-0.983856,-0.786270
"2025-11-04 10:08:06.366 +0000",1762250886.366434,-0.205994,-0.952408,-0.725098
"2025-11-04 10:08:06.376 +0000",1762250886.376416,-0.176117,-0.921310,-0.648560
"2025-11-04 10:08:06.386 +0000",1762250886.386397,-0.144180,-0.914886,-0.575958
"2025-11-04 10:08:06.396 +0000",1762250886.396379,-0.124374,-0.920425,-0.525696
"2025-11-04 10:08:06.406 +0000",1762250886.406360,-0.118927,-0.912521,-0.482574
"2025-11-04 10:08:06.416 +0000",1762250886.416340,-0.130417,-0.895142,-0.458023
"2025-11-04 10:08:06.426 +0000",1762250886.426322,-0.137436,-0.845444,-0.449249
"2025-11-04 10:08:06.436 +0000",1762250886.436304,-0.113678,-0.802567,-0.452881
"2025-11-04 10:08:06.446 +0000",1762250886.446285,-0.085800,-0.790131,-0.466095
"2025-11-04 10:08:06.456 +0000",1762250886.456265,-0.050293,-0.768311,-0.486130
"2025-11-04 10:08:06.466 +0000",1762250886.466246,-0.008667,-0.734528,-0.490280
"2025-11-04 10:08:06.476 +0000",1762250886.476228,0.025085,-0.710236,-0.490311
"2025-11-04 10:08:06.486 +0000",1762250886.486210,0.058884,-0.693268,-0.491989
"2025-11-04 10:08:06.496 +0000",1762250886.496192,0.088684,-0.675217,-0.493591
"2025-11-04 10:08:06.506 +0000",1762250886.506171,0.103912,-0.656479,-0.495468
"2025-11-04 10:08:06.516 +0000",1762250886.516153,0.105301,-0.638260,-0.502884
"2025-11-04 10:08:06.526 +0000",1762250886.526134,0.085770,-0.622513,-0.521072
"2025-11-04 10:08:06.536 +0000",1762250886.536116,0.060181,-0.611588,-0.543839
"2025-11-04 10:08:06.546 +0000",1762250886.546097,0.042358,-0.614349,-0.584457
"2025-11-04 10:08:06.556 +0000",1762250886.556077,0.026382,-0.631149,-0.641724
"2025-11-04 10:08:06.566 +0000",1762250886.566059,0.013565,-0.656662,-0.697311
"2025-11-04 10:08:06.576 +0000",1762250886.576041,-0.001434,-0.686890,-0.748001
"2025-11-04 10:08:06.586 +0000",1762250886.586022,-0.028015,-0.716888,-0.783157
"2025-11-04 10:08:06.596 +0000",1762250886.596003,-0.072205,-0.736618,-0.788315
"2025-11-04 10:08:06.606 +0000",1762250886.605983,-0.120544,-0.739273,-0.776657
"2025-11-04 10:08:06.616 +0000",1762250886.615965,-0.172241,-0.740692,-0.760559
"2025-11-04 10:08:06.626 +0000",1762250886.625946,-0.213181,-0.751343,-0.746140
"2025-11-04 10:08:06.636 +0000",1762250886.635927,-0.239944,-0.767639,-0.725769
"2025-11-04 10:08:06.646 +0000",1762250886.645908,-0.254547,-0.789825,-0.688934
"2025-11-04 10:08:06.656 +0000",1762250886.655889,-0.251892,-0.815811,-0.645355
"2025-11-04 10:08:06.666 +0000",1762250886.665872,-0.237137,-0.836700,-0.615906
"2025-11-04 10:08:06.676 +0000",1762250886.675853,-0.222275,-0.847061,-0.599716
"2025-11-04 10:08:06.686 +0000",1762250886.685833,-0.208633,-0.846756,-0.598740
"2025-11-04 10:08:06.696 +0000",1762250886.695814,-0.174973,-0.865891,-0.616272
"2025-11-04 10:08:06.706 +0000",1762250886.705796,-0.134064,-0.918503,-0.661606
"2025-11-04 10:08:06.716 +0000",1762250886.715778,-0.127625,-0.956039,-0.741180
"2025-11-04 10:08:06.726 +0000",1762250886.725759,-0.160980,-0.944687,-0.806076
"2025-11-04 10:08:06.736 +0000",1762250886.735740,-0.201263,-0.919708,-0.854233
"2025-11-04 10:08:06.746 +0000",1762250886.745721,-0.228271,-0.909576,-0.872299
"2025-11-04 10:08:06.756 +0000",1762250886.755702,-0.228912,-0.898834,-0.845688
"2025-11-04 10:08:06.766 +0000",1762250886.765684,-0.189728,-0.871216,-0.794006
"2025-11-04 10:08:06.776 +0000",1762250886.775665,-0.127823,-0.840332,-0.722031
"2025-11-04 10:08:06.786 +0000",1762250886.785645,-0.068756,-0.822144,-0.634491
"2025-11-04 10:08:06.796 +0000",1762250886.795627,-0.024765,-0.821335,-0.541733
"2025-11-04 10:08:06.806 +0000",1762250886.805609,0.012024,-0.816666,-0.453125
"2025-11-04 10:08:06.816 +0000",1762250886.815589,0.029800,-0.808044,-0.378647
"2025-11-04 10:08:06.826 +0000",1762250886.825570,0.031265,-0.802460,-0.321854
"2025-11-04 10:08:06.836 +0000",1762250886.835552,0.021561,-0.785690,-0.290253
"2025-11-04 10:08:06.846 +0000",1762250886.845534,-0.003235,-0.747040,-0.309387
"2025-11-04 10:08:06.856 +0000",1762250886.855514,-0.014633,-0.722778,-0.402557
"2025-11-04 10:08:06.865 +0000",1762250886.865496,-0.019165,-0.723190,-0.548859
"2025-11-04 10:08:06.875 +0000",1762250886.875477,-0.026947,-0.714920,-0.669403
"2025-11-04 10:08:06.885 +0000",1762250886.885458,-0.027313,-0.684555,-0.746506
"2025-11-04 10:08:06.895 +0000",1762250886.895439,-0.028320,-0.661804,-0.778198
"2025-11-04 10:08:06.905 +0000",1762250886.905420,-0.032867,-0.649933,-0.774506
"2025-11-04 10:08:06.915 +0000",1762250886.915402,-0.034958,-0.642319,-0.736084
"2025-11-04 10:08:06.925 +0000",1762250886.925383,-0.027618,-0.644135,-0.691818
"2025-11-04 10:08:06.935 +0000",1762250886.935364,-0.018494,-0.659256,-0.658157
"2025-11-04 10:08:06.945 +0000",1762250886.945345,-0.015549,-0.687744,-0.648834
"2025-11-04 10:08:06.955 +0000",1762250886.955326,-0.030807,-0.718369,-0.654175
"2025-11-04 10:08:06.965 +0000",1762250886.965308,-0.051926,-0.744125,-0.660614
"2025-11-04 10:08:06.975 +0000",1762250886.975288,-0.071777,-0.768906,-0.693970
"2025-11-04 10:08:06.985 +0000",1762250886.985271,-0.092133,-0.772934,-0.754898
"2025-11-04 10:08:06.995 +0000",1762250886.995251,-0.109863,-0.735062,-0.807251
"2025-11-04 10:08:07.005 +0000",1762250887.005233,-0.106186,-0.680664,-0.832336
"2025-11-04 10:08:07.015 +0000",1762250887.015213,-0.076950,-0.641708,-0.834396
"2025-11-04 10:08:07.025 +0000",1762250887.025195,-0.035355,-0.629272,-0.809738
"2025-11-04 10:08:07.035 +0000",1762250887.035177,0.020142,-0.637405,-0.759415
"2025-11-04 10:08:07.045 +0000",1762250887.045157,0.069687,-0.661041,-0.704941
"2025-11-04 10:08:07.055 +0000",1762250887.055138,0.092087,-0.680801,-0.652924
"2025-11-04 10:08:07.065 +0000",1762250887.065119,0.089523,-0.681793,-0.610001
"2025-11-04 10:08:07.075 +0000",1762250887.075102,0.070297,-0.686066,-0.581177
"2025-11-04 10:08:07.085 +0000",1762250887.085082,0.039413,-0.692352,-0.571884
"2025-11-04 10:08:07.095 +0000",1762250887.095064,0.007599,-0.695419,-0.566711
"2025-11-04 10:08:07.105 +0000",1762250887.105044,-0.015228,-0.712799,-0.566406
"2025-11-04 10:08:07.115 +0000",1762250887.115026,-0.030258,-0.750854,-0.573944
"2025-11-04 10:08:07.125 +0000",1762250887.125007,-0.050858,-0.792389,-0.575882
"2025-11-04 10:08:07.135 +0000",1762250887.134990,-0.077576,-0.830627,-0.581802
"2025-11-04 10:08:07.145 +0000",1762250887.144970,-0.098206,-0.868164,-0.595352
"2025-11-04 10:08:07.155 +0000",1762250887.154951,-0.117218,-0.894272,-0.609802
"2025-11-04 10:08:07.165 +0000",1762250887.164932,-0.140732,-0.904312,-0.627304
"2025-11-04 10:08:07.175 +0000",1762250887.174914,-0.159164,-0.901108,-0.639160
"2025-11-04 10:08:07.185 +0000",1762250887.184895,-0.176392,-0.884293,-0.645599
"2025-11-04 10:08:07.195 +0000",1762250887.194875,-0.187714,-0.841812,-0.636887
"2025-11-04 10:08:07.205 +0000",1762250887.204857,-0.172470,-0.799789,-0.621902
"2025-11-04 10:08:07.215 +0000",1762250887.214838,-0.143600,-0.792175,-0.601135
"2025-11-04 10:08:07.225 +0000",1762250887.224819,-0.120361,-0.794281,-0.580124
"2025-11-04 10:08:07.235 +0000",1762250887.234801,-0.106400,-0.791687,-0.560394
"2025-11-04 10:08:07.245 +0000",1762250887.244781,-0.067474,-0.799026,-0.585205
"2025-11-04 10:08:07.255 +0000",1762250887.254763,-0.050705,-0.833588,-0.654678
"2025-11-04 10:08:07.265 +0000",1762250887.264744,-0.064758,-0.840820,-0.724503
"2025-11-04 10:08:07.275 +0000",1762250887.274725,-0.089294,-0.825226,-0.787918
"2025-11-04 10:08:07.285 +0000",1762250887.284706,-0.099136,-0.799759,-0.833191
"2025-11-04 10:08:07.295 +0000",1762250887.294688,-0.086990,-0.771301,-0.847504
"2025-11-04 10:08:07.305 +0000",1762250887.304669,-0.059021,-0.748291,-0.832672
"2025-11-04 10:08:07.315 +0000",1762250887.314652,-0.022934,-0.722198,-0.787872
"2025-11-04 10:08:07.325 +0000",1762250887.324633,0.010529,-0.704987,-0.723160
"2025-11-04 10:08:07.335 +0000",1762250887.334614,0.045212,-0.697617,-0.656387
"2025-11-04 10:08:07.345 +0000",1762250887.344595,0.075134,-0.699692,-0.595764
"2025-11-04 10:08:07.355 +0000",1762250887.354576,0.086685,-0.703690,-0.557663
"2025-11-04 10:08:07.365 +0000",1762250887.364558,0.089630,-0.702011,-0.540771
"2025-11-04 10:08:07.375 +0000",1762250887.374538,0.082260,-0.701675,-0.548019
"2025-11-04 10:08:07.385 +0000",1762250887.384520,0.066086,-0.698898,-0.581223
"2025-11-04 10:08:07.395 +0000",1762250887.394500,0.055725,-0.705093,-0.620712
"2025-11-04 10:08:07.404 +0000",1762250887.404481,0.048737,-0.740860,-0.679108
"2025-11-04 10:08:07.414 +0000",1762250887.414463,0.027664,-0.786133,-0.743561
"2025-11-04 10:08:07.424 +0000",1762250887.424444,-0.021149,-0.811905,-0.794983
"2025-11-04 10:08:07.434 +0000",1762250887.434426,-0.081192,-0.820236,-0.837173
"2025-11-04 10:08:07.444 +0000",1762250887.444407,-0.124176,-0.819443,-0.853973
"2025-11-04 10:08:07.454 +0000",1762250887.454388,-0.146576,-0.800766,-0.844971
"2025-11-04 10:08:07.464 +0000",1762250887.464368,-0.142853,-0.763763,-0.804642
"2025-11-04 10:08:07.474 +0000",1762250887.474351,-0.103943,-0.725632,-0.729736
"2025-11-04 10:08:07.484 +0000",1762250887.484332,-0.041748,-0.703690,-0.660934
"2025-11-04 10:08:07.494 +0000",1762250887.494313,0.025238,-0.699493,-0.612930
"2025-11-04 10:08:07.504 +0000",1762250887.504293,0.076553,-0.699554,-0.577850
"2025-11-04 10:08:07.514 +0000",1762250887.514275,0.101349,-0.691452,-0.558517
"2025-11-04 10:08:07.524 +0000",1762250887.524256,0.110199,-0.671234,-0.556442
"2025-11-04 10:08:07.534 +0000",1762250887.534238,0.105957,-0.653687,-0.578812
"2025-11-04 10:08:07.544 +0000",1762250887.544219,0.086777,-0.641266,-0.630371
"2025-11-04 10:08:07.554 +0000",1762250887.554200,0.061066,-0.628036,-0.681808
"2025-11-04 10:08:07.564 +0000",1762250887.564181,0.032578,-0.611755,-0.715561
"2025-11-04 10:08:07.574 +0000",1762250887.574162,0.002518,-0.597992,-0.726059
"2025-11-04 10:08:07.584 +0000",1762250887.584144,-0.017059,-0.598663,-0.710205
"2025-11-04 10:08:07.594 +0000",1762250887.594125,-0.025620,-0.622650,-0.693954
"2025-11-04 10:08:07.604 +0000",1762250887.604107,-0.032623,-0.653778,-0.679001
"2025-11-04 10:08:07.614 +0000",1762250887.614088,-0.045624,-0.679352,-0.676270
"2025-11-04 10:08:07.624 +0000",1762250887.624068,-0.079285,-0.703522,-0.694000
"2025-11-04 10:08:07.634 +0000",1762250887.634049,-0.117523,-0.711823,-0.704742
"2025-11-04 10:08:07.644 +0000",1762250887.644032,-0.145905,-0.719208,-0.717010
"2025-11-04 10:08:07.654 +0000",1762250887.654012,-0.156128,-0.744507,-0.729309
"2025-11-04 10:08:07.664 +0000",1762250887.663994,-0.146255,-0.775146,-0.743713
"2025-11-04 10:08:07.674 +0000",1762250887.673975,-0.138931,-0.787552,-0.756500
"2025-11-04 10:08:07.684 +0000",1762250887.683956,-0.124359,-0.781143,-0.761505
"2025-11-04 10:08:07.694 +0000",1762250887.693937,-0.108139,-0.776062,-0.761612
"2025-11-04 10:08:07.704 +0000",1762250887.703918,-0.098633,-0.772751,-0.757050
"2025-11-04 10:08:07.714 +0000",1762250887.713899,-0.097641,-0.759628,-0.746368
"2025-11-04 10:08:07.724 +0000",1762250887.723881,-0.104141,-0.760223,-0.741364
"2025-11-04 10:08:07.734 +0000",1762250887.733862,-0.100357,-0.788239,-0.747665
"2025-11-04 10:08:07.744 +0000",1762250887.743844,-0.105835,-0.821228,-0.767899
"2025-11-04 10:08:07.754 +0000",1762250887.753825,-0.121048,-0.833298,-0.788467
"2025-11-04 10:08:07.764 +0000",1762250887.763806,-0.122635,-0.838333,-0.786697
"2025-11-04 10:08:07.774 +0000",1762250887.773786,-0.117279,-0.843521,-0.782867
"2025-11-04 10:08:07.784 +0000",1762250887.783768,-0.100220,-0.822372,-0.767242
"2025-11-04 10:08:07.794 +0000",1762250887.793750,-0.068451,-0.792450,-0.735687
"2025-11-04 10:08:07.804 +0000",1762250887.803731,-0.035980,-0.773315,-0.699600
"2025-11-04 10:08:07.814 +0000",1762250887.813711,-0.009476,-0.755981,-0.643692
"2025-11-04 10:08:07.824 +0000",1762250887.823694,0.012527,-0.726547,-0.591904
"2025-11-04 10:08:07.834 +0000",1762250887.833674,0.049545,-0.702087,-0.561356
"2025-11-04 10:08:07.844 +0000",1762250887.843655,0.081314,-0.687134,-0.542618
"2025-11-04 10:08:07.854 +0000",1762250887.853637,0.098434,-0.664246,-0.530289
"2025-11-04 10:08:07.864 +0000",1762250887.863617,0.116592,-0.647812,-0.517380
"2025-11-04 10:08:07.874 +0000",1762250887.873600,0.134277,-0.642990,-0.514999
"2025-11-04 10:08:07.884 +0000",1762250887.883581,0.143402,-0.643875,-0.535065
"2025-11-04 10:08:07.894 +0000",1762250887.893561,0.140549,-0.653351,-0.583954
"2025-11-04 10:08:07.904 +0000",1762250887.903543,0.115784,-0.660751,-0.655807
"2025-11-04 10:08:07.914 +0000",1762250887.913524,0.072067,-0.660980,-0.727386
"2025-11-04 10:08:07.924 +0000",1762250887.923505,0.005981,-0.654846,-0.783508
"2025-11-04 10:08:07.933 +0000",1762250887.933487,-0.068787,-0.637466,-0.811539
"2025-11-04 10:08:07.943 +0000",1762250887.943467,-0.124039,-0.627670,-0.814087
"2025-11-04 10:08:07.953 +0000",1762250887.953449,-0.143768,-0.639130,-0.813080
"2025-11-04 10:08:07.963 +0000",1762250887.963430,-0.121201,-0.666245,-0.793106
"2025-11-04 10:08:07.973 +0000",1762250887.973412,-0.074295,-0.699936,-0.766678
"2025-11-04 10:08:07.983 +0000",1762250887.983393,-0.030518,-0.720566,-0.754593
"2025-11-04 10:08:07.993 +0000",1762250887.993374,-0.009216,-0.724991,-0.760025
"2025-11-04 10:08:08.003 +0000",1762250888.003356,-0.017975,-0.707199,-0.770279
"2025-11-04 10:08:08.013 +0000",1762250888.013337,-0.031921,-0.669785,-0.759003
"2025-11-04 10:08:08.023 +0000",1762250888.023317,-0.036835,-0.638855,-0.733948
"2025-11-04 10:08:08.033 +0000",1762250888.033299,-0.019470,-0.617645,-0.707642
"2025-11-04 10:08:08.043 +0000",1762250888.043280,0.016571,-0.611130,-0.685333
"2025-11-04 10:08:08.053 +0000",1762250888.053262,0.052231,-0.617920,-0.689636
"2025-11-04 10:08:08.063 +0000",1762250888.063242,0.077927,-0.634995,-0.702393
"2025-11-04 10:08:08.073 +0000",1762250888.073224,0.078598,-0.661194,-0.722763
"2025-11-04 10:08:08.083 +0000",1762250888.083206,0.051743,-0.685165,-0.762283
"2025-11-04 10:08:08.093 +0000",1762250888.093187,0.016266,-0.701279,-0.806305
"2025-11-04 10:08:08.103 +0000",1762250888.103168,-0.028229,-0.708649,-0.839462
"2025-11-04 10:08:08.113 +0000",1762250888.113148,-0.069473,-0.708298,-0.852234
"2025-11-04 10:08:08.123 +0000",1762250888.123130,-0.095749,-0.715012,-0.854843
"2025-11-04 10:08:08.133 +0000",1762250888.133111,-0.096222,-0.733414,-0.856583
"2025-11-04 10:08:08.143 +0000",1762250888.143092,-0.073532,-0.764969,-0.851898
"2025-11-04 10:08:08.153 +0000",1762250888.153074,-0.057816,-0.789322,-0.850540
"2025-11-04 10:08:08.163 +0000",1762250888.163054,-0.052139,-0.769775,-0.848160
"2025-11-04 10:08:08.173 +0000",1762250888.173037,-0.057220,-0.723480,-0.821869
"2025-11-04 10:08:08.183 +0000",1762250888.183018,-0.067062,-0.672012,-0.779877
"2025-11-04 10:08:08.193 +0000",1762250888.193000,-0.064850,-0.635498,-0.726669
"2025-11-04 10:08:08.203 +0000",1762250888.202980,-0.046310,-0.629150,-0.675598
"2025-11-04 10:08:08.213 +0000",1762250888.212962,-0.009216,-0.652206,-0.629181
"2025-11-04 10:08:08.223 +0000",1762250888.222942,0.017334,-0.708206,-0.595291
"2025-11-04 10:08:08.233 +0000",1762250888.232923,0.011078,-0.785172,-0.591370
"2025-11-04 10:08:08.243 +0000",1762250888.242905,-0.033096,-0.852356,-0.611221
"2025-11-04 10:08:08.253 +0000",1762250888.252885,-0.107864,-0.868881,-0.660416
"2025-11-04 10:08:08.263 +0000",1762250888.262868,-0.178558,-0.849609,-0.709610
"2025-11-04 10:08:08.273 +0000",1762250888.272848,-0.232925,-0.804825,-0.719833
"2025-11-04 10:08:08.283 +0000",1762250888.282830,-0.258057,-0.716415,-0.681290
"2025-11-04 10:08:08.293 +0000",1762250888.292810,-0.213455,-0.630219,-0.599945
"2025-11-04 10:08:08.303 +0000",1762250888.302793,-0.111053,-0.614349,-0.512573
"2025-11-04 10:08:08.313 +0000",1762250888.312774,-0.001831,-0.646866,-0.448807
"2025-11-04 10:08:08.323 +0000",1762250888.322754,0.077225,-0.686630,-0.419739
"2025-11-04 10:08:08.333 +0000",1762250888.332736,0.125809,-0.749130,-0.421188
"2025-11-04 10:08:08.343 +0000",1762250888.342717,0.126160,-0.835159,-0.468979
"2025-11-04 10:08:08.353 +0000",1762250888.352699,0.029770,-0.865860,-0.589005
"2025-11-04 10:08:08.363 +0000",1762250888.362679,-0.109985,-0.812439,-0.716980
"2025-11-04 10:08:08.373 +0000",1762250888.372660,-0.219070,-0.716934,-0.784790
"2025-11-04 10:08:08.383 +0000",1762250888.382641,-0.273972,-0.622604,-0.793655
"2025-11-04 10:08:08.393 +0000",1762250888.392623,-0.255798,-0.583008,-0.770340
"2025-11-04 10:08:08.403 +0000",1762250888.402604,-0.177658,-0.620087,-0.753967
"2025-11-04 10:08:08.413 +0000",1762250888.412585,-0.084869,-0.693329,-0.752472
"2025-11-04 10:08:08.423 +0000",1762250888.422566,-0.041855,-0.732224,-0.761063
"2025-11-04 10:08:08.433 +0000",1762250888.432549,-0.052139,-0.724304,-0.785095
"2025-11-04 10:08:08.443 +0000",1762250888.442529,-0.080627,-0.708221,-0.833923
"2025-11-04 10:08:08.453 +0000",1762250888.452510,-0.098801,-0.686417,-0.885468
"2025-11-04 10:08:08.462 +0000",1762250888.462492,-0.106735,-0.638855,-0.905350
"2025-11-04 10:08:08.472 +0000",1762250888.472473,-0.103455,-0.580429,-0.890198
"2025-11-04 10:08:08.482 +0000",1762250888.482454,-0.077072,-0.547119,-0.849609
"2025-11-04 10:08:08.492 +0000",1762250888.492435,-0.037811,-0.554413,-0.806458
"2025-11-04 10:08:08.502 +0000",1762250888.502416,-0.001175,-0.591232,-0.775070
"2025-11-04 10:08:08.512 +0000",1762250888.512398,0.016891,-0.672348,-0.765305
"2025-11-04 10:08:08.522 +0000",1762250888.522380,-0.018280,-0.770554,-0.794464
"2025-11-04 10:08:08.532 +0000",1762250888.532360,-0.092270,-0.812286,-0.847534
"2025-11-04 10:08:08.542 +0000",1762250888.542341,-0.159332,-0.809662,-0.889954
"2025-11-04 10:08:08.552 +0000",1762250888.552322,-0.202560,-0.766083,-0.900696
"2025-11-04 10:08:08.562 +0000",1762250888.562304,-0.207397,-0.683914,-0.865967
"2025-11-04 10:08:08.572 +0000",1762250888.572285,-0.151733,-0.617096,-0.789368
"2025-11-04 10:08:08.582 +0000",1762250888.582267,-0.048462,-0.605621,-0.687653
"2025-11-04 10:08:08.592 +0000",1762250888.592247,0.039688,-0.637711,-0.606232
"2025-11-04 10:08:08.602 +0000",1762250888.602230,0.102554,-0.672913,-0.551758
"2025-11-04 10:08:08.612 +0000",1762250888.612210,0.127502,-0.707962,-0.521027
"2025-11-04 10:08:08.622 +0000",1762250888.622191,0.111710,-0.741333,-0.518372
"2025-11-04 10:08:08.632 +0000",1762250888.632173,0.047165,-0.756638,-0.532806
"2025-11-04 10:08:08.642 +0000",1762250888.642154,-0.045288,-0.732986,-0.551407
"2025-11-04 10:08:08.652 +0000",1762250888.652135,-0.111359,-0.693497,-0.535568
"2025-11-04 10:08:08.662 +0000",1762250888.662116,-0.145782,-0.684769,-0.503571
"2025-11-04 10:08:08.672 +0000",1762250888.672097,-0.162476,-0.705597,-0.490570
"2025-11-04 10:08:08.682 +0000",1762250888.682078,-0.165390,-0.735123,-0.504730
"2025-11-04 10:08:08.692 +0000",1762250888.692059,-0.180115,-0.755051,-0.546280
"2025-11-04 10:08:08.702 +0000",1762250888.702041,-0.210754,-0.750061,-0.597488
"2025-11-04 10:08:08.712 +0000",1762250888.712022,-0.240662,-0.723984,-0.647461
"2025-11-04 10:08:08.722 +0000",1762250888.722003,-0.246307,-0.697052,-0.679810
"2025-11-04 10:08:08.732 +0000",1762250888.731985,-0.233673,-0.688263,-0.693710
"2025-11-04 10:08:08.742 +0000",1762250888.741966,-0.212341,-0.691544,-0.693359
"2025-11-04 10:08:08.752 +0000",1762250888.751947,-0.196243,-0.687897,-0.692581
"2025-11-04 10:08:08.762 +0000",1762250888.761928,-0.190170,-0.679733,-0.708633
"2025-11-04 10:08:08.772 +0000",1762250888.771910,-0.188492,-0.678406,-0.741730
"2025-11-04 10:08:08.782 +0000",1762250888.781891,-0.179108,-0.693237,-0.802094
"2025-11-04 10:08:08.792 +0000",1762250888.791883,-0.154846,-0.708496,-0.871872
"2025-11-04 10:08:08.802 +0000",1762250888.801853,-0.123428,-0.695938,-0.915909
"2025-11-04 10:08:08.812 +0000",1762250888.811836,-0.086533,-0.660797,-0.925156
"2025-11-04 10:08:08.822 +0000",1762250888.821815,-0.042343,-0.623108,-0.891907
"2025-11-04 10:08:08.832 +0000",1762250888.831797,0.004913,-0.613586,-0.854889
"2025-11-04 10:08:08.842 +0000",1762250888.841778,0.060562,-0.654144,-0.832077
"2025-11-04 10:08:08.852 +0000",1762250888.851759,0.089340,-0.721649,-0.836700
"2025-11-04 10:08:08.862 +0000",1762250888.861741,0.067032,-0.749146,-0.867615
"2025-11-04 10:08:08.872 +0000",1762250888.871722,0.029434,-0.744446,-0.894394
"2025-11-04 10:08:08.882 +0000",1762250888.881703,-0.000656,-0.753754,-0.910507
"2025-11-04 10:08:08.892 +0000",1762250888.891684,-0.008560,-0.778198,-0.904434
"2025-11-04 10:08:08.902 +0000",1762250888.901666,-0.006577,-0.815536,-0.884277
"2025-11-04 10:08:08.912 +0000",1762250888.911647,-0.015747,-0.829788,-0.862930
"2025-11-04 10:08:08.922 +0000",1762250888.921628,-0.031586,-0.807053,-0.828247
"2025-11-04 10:08:08.932 +0000",1762250888.931609,-0.036209,-0.766922,-0.773849
"2025-11-04 10:08:08.942 +0000",1762250888.941590,-0.026443,-0.717010,-0.697311
"2025-11-04 10:08:08.952 +0000",1762250888.951572,-0.009171,-0.664322,-0.624313
"2025-11-04 10:08:08.962 +0000",1762250888.961553,0.026199,-0.630203,-0.555359
"2025-11-04 10:08:08.972 +0000",1762250888.971534,0.067093,-0.626923,-0.495667
"2025-11-04 10:08:08.982 +0000",1762250888.981515,0.100525,-0.635132,-0.446808
"2025-11-04 10:08:08.991 +0000",1762250888.991498,0.124664,-0.658966,-0.417557
"2025-11-04 10:08:09.001 +0000",1762250889.001478,0.136658,-0.695343,-0.412796
"2025-11-04 10:08:09.011 +0000",1762250889.011459,0.126312,-0.725342,-0.437119
"2025-11-04 10:08:09.021 +0000",1762250889.021439,0.082260,-0.746887,-0.493164
"2025-11-04 10:08:09.031 +0000",1762250889.031422,0.027420,-0.760498,-0.580353
"2025-11-04 10:08:09.041 +0000",1762250889.041403,-0.026932,-0.762756,-0.678726
"2025-11-04 10:08:09.051 +0000",1762250889.051383,-0.084442,-0.732071,-0.753525
"2025-11-04 10:08:09.061 +0000",1762250889.061365,-0.121689,-0.685303,-0.775696
"2025-11-04 10:08:09.071 +0000",1762250889.071347,-0.120956,-0.655945,-0.765747
"2025-11-04 10:08:09.081 +0000",1762250889.081328,-0.076263,-0.657532,-0.737366
"2025-11-04 10:08:09.091 +0000",1762250889.091308,-0.011002,-0.674194,-0.714783
"2025-11-04 10:08:09.101 +0000",1762250889.101289,0.045471,-0.684204,-0.706543
"2025-11-04 10:08:09.111 +0000",1762250889.111271,0.078400,-0.685898,-0.711456
"2025-11-04 10:08:09.121 +0000",1762250889.121253,0.082565,-0.682236,-0.718140
"2025-11-04 10:08:09.131 +0000",1762250889.131234,0.064926,-0.679123,-0.713348
"2025-11-04 10:08:09.141 +0000",1762250889.141214,0.038040,-0.683121,-0.714493
"2025-11-04 10:08:09.151 +0000",1762250889.151197,0.019180,-0.702332,-0.734207
"2025-11-04 10:08:09.161 +0000",1762250889.161177,0.007584,-0.728134,-0.769775
"2025-11-04 10:08:09.171 +0000",1762250889.171159,-0.009857,-0.728729,-0.813141
"2025-11-04 10:08:09.181 +0000",1762250889.181140,-0.016068,-0.731155,-0.866409
"2025-11-04 10:08:09.191 +0000",1762250889.191121,-0.012085,-0.771179,-0.918335
"2025-11-04 10:08:09.201 +0000",1762250889.201102,-0.010010,-0.804565,-0.954651
"2025-11-04 10:08:09.211 +0000",1762250889.211084,-0.016281,-0.802551,-0.943512
"2025-11-04 10:08:09.221 +0000",1762250889.221064,-0.036423,-0.775589,-0.894135
"2025-11-04 10:08:09.231 +0000",1762250889.231045,-0.043060,-0.745972,-0.843430
"2025-11-04 10:08:09.241 +0000",1762250889.241028,-0.024277,-0.721405,-0.777588
"2025-11-04 10:08:09.251 +0000",1762250889.251008,0.017334,-0.712936,-0.685349
"2025-11-04 10:08:09.261 +0000",1762250889.260990,0.063171,-0.715546,-0.594986
"2025-11-04 10:08:09.271 +0000",1762250889.270971,0.087418,-0.717941,-0.517761
"2025-11-04 10:08:09.281 +0000",1762250889.280953,0.101898,-0.721283,-0.462494
"2025-11-04 10:08:09.291 +0000",1762250889.290933,0.126038,-0.736130,-0.450317
"2025-11-04 10:08:09.301 +0000",1762250889.300915,0.135345,-0.757690,-0.466034
"2025-11-04 10:08:09.311 +0000",1762250889.310896,0.113358,-0.759796,-0.494858
"2025-11-04 10:08:09.321 +0000",1762250889.320877,0.071228,-0.737885,-0.530334
"2025-11-04 10:08:09.331 +0000",1762250889.330859,0.017044,-0.721436,-0.583344
"2025-11-04 10:08:09.341 +0000",1762250889.340840,-0.041428,-0.699509,-0.596741
"2025-11-04 10:08:09.351 +0000",1762250889.350821,-0.071899,-0.697952,-0.574219
"2025-11-04 10:08:09.361 +0000",1762250889.360802,-0.079620,-0.723236,-0.568100
"2025-11-04 10:08:09.371 +0000",1762250889.370783,-0.071289,-0.721191,-0.591858
"2025-11-04 10:08:09.381 +0000",1762250889.380765,-0.042831,-0.701202,-0.657425
"2025-11-04 10:08:09.391 +0000",1762250889.390746,0.005096,-0.679443,-0.748688
"2025-11-04 10:08:09.401 +0000",1762250889.400726,0.058868,-0.660858,-0.832611
"2025-11-04 10:08:09.411 +0000",1762250889.410709,0.077423,-0.655945,-0.869034
"2025-11-04 10:08:09.421 +0000",1762250889.420690,0.058777,-0.642883,-0.854370
"2025-11-04 10:08:09.431 +0000",1762250889.430671,0.028580,-0.631210,-0.806107
"2025-11-04 10:08:09.441 +0000",1762250889.440652,0.007553,-0.624252,-0.755783
"2025-11-04 10:08:09.451 +0000",1762250889.450633,-0.008759,-0.617386,-0.730118
"2025-11-04 10:08:09.461 +0000",1762250889.460614,-0.021866,-0.614944,-0.738525
"2025-11-04 10:08:09.471 +0000",1762250889.470596,-0.024506,-0.613342,-0.767349
"2025-11-04 10:08:09.481 +0000",1762250889.480577,-0.019287,-0.601791,-0.781830
"2025-11-04 10:08:09.491 +0000",1762250889.490558,-0.000793,-0.613708,-0.757828
"2025-11-04 10:08:09.501 +0000",1762250889.500540,0.007538,-0.663147,-0.727921
"2025-11-04 10:08:09.511 +0000",1762250889.510521,-0.003876,-0.697342,-0.689056
"2025-11-04 10:08:09.521 +0000",1762250889.520502,-0.015030,-0.717880,-0.671112
"2025-11-04 10:08:09.530 +0000",1762250889.530482,-0.041168,-0.755081,-0.674591
"2025-11-04 10:08:09.540 +0000",1762250889.540465,-0.079147,-0.778168,-0.693344
"2025-11-04 10:08:09.550 +0000",1762250889.550445,-0.109283,-0.783203,-0.736298
"2025-11-04 10:08:09.560 +0000",1762250889.560426,-0.131454,-0.785324,-0.781174
"2025-11-04 10:08:09.570 +0000",1762250889.570407,-0.136139,-0.787552,-0.813354
"2025-11-04 10:08:09.580 +0000",1762250889.580390,-0.144257,-0.786285,-0.848892
"2025-11-04 10:08:09.590 +0000",1762250889.590371,-0.156998,-0.778748,-0.890976
"2025-11-04 10:08:09.600 +0000",1762250889.600352,-0.122696,-0.786591,-0.840561
"2025-11-04 10:08:09.610 +0000",1762250889.610332,-0.049057,-0.814575,-0.756638
"2025-11-04 10:08:09.620 +0000",1762250889.620315,-0.008972,-0.821640,-0.681305
"2025-11-04 10:08:09.630 +0000",1762250889.630296,0.016495,-0.743896,-0.584595
"2025-11-04 10:08:09.640 +0000",1762250889.640277,0.097229,-0.659409,-0.552200
"2025-11-04 10:08:09.650 +0000",1762250889.650258,0.100845,-0.698898,-0.529236
"2025-11-04 10:08:09.660 +0000",1762250889.660239,0.105576,-0.633377,-0.597809
"2025-11-04 10:08:09.670 +0000",1762250889.670220,0.144714,-0.630569,-0.632767
"2025-11-04 10:08:09.680 +0000",1762250889.680201,0.121048,-0.667068,-0.727676
"2025-11-04 10:08:09.690 +0000",1762250889.690182,0.101669,-0.694321,-0.816162
"2025-11-04 10:08:09.700 +0000",1762250889.700165,0.046234,-0.667770,-0.866196
"2025-11-04 10:08:09.710 +0000",1762250889.710146,0.017578,-0.656570,-0.859039
"2025-11-04 10:08:09.720 +0000",1762250889.720127,0.030823,-0.636307,-0.822937
"2025-11-04 10:08:09.730 +0000",1762250889.730108,0.042618,-0.584290,-0.785172
"2025-11-04 10:08:09.740 +0000",1762250889.740088,0.050995,-0.552444,-0.760101
"2025-11-04 10:08:09.750 +0000",1762250889.750071,0.036713,-0.541138,-0.794556
"2025-11-04 10:08:09.760 +0000",1762250889.760052,0.028610,-0.550034,-0.770782
"2025-11-04 10:08:09.770 +0000",1762250889.770032,0.040405,-0.617218,-0.652420
"2025-11-04 10:08:09.780 +0000",1762250889.780014,0.003235,-0.697495,-0.615204
"2025-11-04 10:08:09.790 +0000",1762250889.789995,-0.052612,-0.737762,-0.678040
"2025-11-04 10:08:09.800 +0000",1762250889.799977,-0.107590,-0.733841,-0.749374
"2025-11-04 10:08:09.810 +0000",1762250889.809957,-0.141586,-0.705215,-0.798050
"2025-11-04 10:08:09.820 +0000",1762250889.819938,-0.148941,-0.674744,-0.819077
"2025-11-04 10:08:09.830 +0000",1762250889.829921,-0.146667,-0.650452,-0.811203
"2025-11-04 10:08:09.840 +0000",1762250889.839902,-0.143616,-0.629532,-0.816727
"2025-11-04 10:08:09.850 +0000",1762250889.849883,-0.087967,-0.648865,-0.803986
"2025-11-04 10:08:09.860 +0000",1762250889.859864,-0.031876,-0.666443,-0.787048
"2025-11-04 10:08:09.870 +0000",1762250889.869846,-0.003006,-0.654617,-0.785400
"2025-11-04 10:08:09.880 +0000",1762250889.879826,0.012238,-0.646606,-0.805527
"2025-11-04 10:08:09.890 +0000",1762250889.889808,0.042099,-0.603439,-0.731445
"2025-11-04 10:08:09.900 +0000",1762250889.899788,0.000153,-0.582123,-0.697205
"2025-11-04 10:08:09.910 +0000",1762250889.909770,-0.043228,-0.633545,-0.720612
"2025-11-04 10:08:09.920 +0000",1762250889.919752,-0.047028,-0.722122,-0.697906
"2025-11-04 10:08:09.930 +0000",1762250889.929732,-0.022888,-0.775223,-0.670303
"2025-11-04 10:08:09.940 +0000",1762250889.939713,-0.048553,-0.739395,-0.673279
"2025-11-04 10:08:09.950 +0000",1762250889.949695,-0.086411,-0.724579,-0.716583
"2025-11-04 10:08:09.960 +0000",1762250889.959676,-0.094559,-0.711609,-0.762802
"2025-11-04 10:08:09.970 +0000",1762250889.969657,-0.095169,-0.670502,-0.790131
"2025-11-04 10:08:09.980 +0000",1762250889.979638,-0.083939,-0.639847,-0.790527
"2025-11-04 10:08:09.990 +0000",1762250889.989619,-0.066681,-0.624985,-0.744049
"2025-11-04 10:08:10.000 +0000",1762250889.999602,-0.054108,-0.593262,-0.682724
"2025-11-04 10:08:10.010 +0000",1762250890.009583,-0.028992,-0.572250,-0.655731
"2025-11-04 10:08:10.020 +0000",1762250890.019563,-0.001251,-0.577087,-0.676559
"2025-11-04 10:08:10.030 +0000",1762250890.029545,0.003830,-0.590851,-0.701691
"2025-11-04 10:08:10.040 +0000",1762250890.039526,-0.004623,-0.603149,-0.701340
"2025-11-04 10:08:10.050 +0000",1762250890.049507,-0.016708,-0.618942,-0.673096
"2025-11-04 10:08:10.059 +0000",1762250890.059488,-0.043106,-0.645386,-0.629517
"2025-11-04 10:08:10.069 +0000",1762250890.069469,-0.092148,-0.671936,-0.680130
"2025-11-04 10:08:10.079 +0000",1762250890.079452,-0.153244,-0.683304,-0.862305
"2025-11-04 10:08:10.089 +0000",1762250890.089432,-0.197052,-0.687180,-1.002533
"2025-11-04 10:08:10.099 +0000",1762250890.099413,-0.215881,-0.680115,-1.053665
"2025-11-04 10:08:10.109 +0000",1762250890.109394,-0.207870,-0.658310,-1.042160
"2025-11-04 10:08:10.119 +0000",1762250890.119376,-0.154083,-0.635147,-0.955231
"2025-11-04 10:08:10.129 +0000",1762250890.129357,-0.110336,-0.606857,-0.832230
"2025-11-04 10:08:10.139 +0000",1762250890.139338,-0.071640,-0.585876,-0.709427
"2025-11-04 10:08:10.149 +0000",1762250890.149319,-0.022141,-0.588776,-0.601593
"2025-11-04 10:08:10.159 +0000",1762250890.159301,0.015671,-0.625320,-0.548599
"2025-11-04 10:08:10.169 +0000",1762250890.169282,0.031158,-0.669876,-0.554871
"2025-11-04 10:08:10.179 +0000",1762250890.179263,0.006042,-0.697586,-0.622360
"2025-11-04 10:08:10.189 +0000",1762250890.189244,-0.072693,-0.733978,-0.755829
"2025-11-04 10:08:10.199 +0000",1762250890.199225,-0.138138,-0.755249,-0.873352
"2025-11-04 10:08:10.209 +0000",1762250890.209208,-0.156052,-0.748947,-0.940186
"2025-11-04 10:08:10.219 +0000",1762250890.219188,-0.148376,-0.702347,-0.980499
"2025-11-04 10:08:10.229 +0000",1762250890.229169,-0.118332,-0.644989,-0.984222
"2025-11-04 10:08:10.239 +0000",1762250890.239152,-0.048492,-0.639603,-0.932007
"2025-11-04 10:08:10.249 +0000",1762250890.249133,0.015991,-0.652481,-0.859146
"2025-11-04 10:08:10.259 +0000",1762250890.259113,0.048325,-0.654266,-0.796631
"2025-11-04 10:08:10.269 +0000",1762250890.269094,0.043060,-0.672989,-0.760941
"2025-11-04 10:08:10.279 +0000",1762250890.279075,0.014053,-0.664337,-0.742691
"2025-11-04 10:08:10.289 +0000",1762250890.289057,0.018631,-0.613983,-0.710541
"2025-11-04 10:08:10.299 +0000",1762250890.299039,0.075333,-0.529388,-0.697800
"2025-11-04 10:08:10.309 +0000",1762250890.309020,0.102158,-0.556412,-0.692871
"2025-11-04 10:08:10.319 +0000",1762250890.319000,0.051880,-0.625626,-0.698288
"2025-11-04 10:08:10.329 +0000",1762250890.328982,0.067688,-0.588165,-0.696457
"2025-11-04 10:08:10.339 +0000",1762250890.338963,0.073471,-0.579224,-0.704727
"2025-11-04 10:08:10.349 +0000",1762250890.348945,0.036942,-0.605972,-0.705063
"2025-11-04 10:08:10.359 +0000",1762250890.358926,-0.004562,-0.625427,-0.728394
"2025-11-04 10:08:10.369 +0000",1762250890.368907,-0.025131,-0.640610,-0.778427
"2025-11-04 10:08:10.379 +0000",1762250890.378888,-0.031876,-0.659210,-0.811234
"2025-11-04 10:08:10.389 +0000",1762250890.388869,-0.021530,-0.654831,-0.814011
"2025-11-04 10:08:10.399 +0000",1762250890.398850,-0.001068,-0.625259,-0.781097
"2025-11-04 10:08:10.409 +0000",1762250890.408833,0.019333,-0.604568,-0.732574
"2025-11-04 10:08:10.419 +0000",1762250890.418814,0.029892,-0.606903,-0.701401
"2025-11-04 10:08:10.429 +0000",1762250890.428795,0.029816,-0.616211,-0.680878
"2025-11-04 10:08:10.439 +0000",1762250890.438776,0.026260,-0.633194,-0.688812
"2025-11-04 10:08:10.449 +0000",1762250890.448757,0.011688,-0.656174,-0.726898
"2025-11-04 10:08:10.459 +0000",1762250890.458738,-0.024765,-0.690857,-0.783051
"2025-11-04 10:08:10.469 +0000",1762250890.468720,-0.065369,-0.728180,-0.834961
"2025-11-04 10:08:10.479 +0000",1762250890.478701,-0.083710,-0.745972,-0.869873
"2025-11-04 10:08:10.489 +0000",1762250890.488683,-0.092102,-0.728516,-0.891571
"2025-11-04 10:08:10.499 +0000",1762250890.498664,-0.071564,-0.690598,-0.890839
"2025-11-04 10:08:10.509 +0000",1762250890.508644,-0.028137,-0.652679,-0.879959
"2025-11-04 10:08:10.519 +0000",1762250890.518626,0.027557,-0.620544,-0.847794
"2025-11-04 10:08:10.529 +0000",1762250890.528607,0.082596,-0.600861,-0.805710
"2025-11-04 10:08:10.539 +0000",1762250890.538589,0.117813,-0.591492,-0.766769
"2025-11-04 10:08:10.549 +0000",1762250890.548570,0.139740,-0.589233,-0.726669
"2025-11-04 10:08:10.559 +0000",1762250890.558550,0.150528,-0.586288,-0.685394
"2025-11-04 10:08:10.569 +0000",1762250890.568531,0.132980,-0.584076,-0.678497
"2025-11-04 10:08:10.579 +0000",1762250890.578514,0.100601,-0.589523,-0.694748
"2025-11-04 10:08:10.588 +0000",1762250890.588495,0.076157,-0.589691,-0.710770
"2025-11-04 10:08:10.598 +0000",1762250890.598475,0.056030,-0.582840,-0.739731
"2025-11-04 10:08:10.608 +0000",1762250890.608457,0.042206,-0.576263,-0.759460
"2025-11-04 10:08:10.618 +0000",1762250890.618439,0.035461,-0.577698,-0.762955
"2025-11-04 10:08:10.628 +0000",1762250890.628420,0.031250,-0.576248,-0.754272
"2025-11-04 10:08:10.638 +0000",1762250890.638401,0.038742,-0.578766,-0.727798
"2025-11-04 10:08:10.648 +0000",1762250890.648382,0.045563,-0.598007,-0.709869
"2025-11-04 10:08:10.658 +0000",1762250890.658364,0.029694,-0.628265,-0.713486
"2025-11-04 10:08:10.668 +0000",1762250890.668345,-0.004211,-0.664032,-0.747604
"2025-11-04 10:08:10.678 +0000",1762250890.678325,-0.048889,-0.699234,-0.808685
"2025-11-04 10:08:10.688 +0000",1762250890.688307,-0.099243,-0.730347,-0.873337
"2025-11-04 10:08:10.698 +0000",1762250890.698289,-0.130539,-0.756256,-0.924637
"2025-11-04 10:08:10.708 +0000",1762250890.708270,-0.153625,-0.766022,-0.963638
"2025-11-04 10:08:10.718 +0000",1762250890.718251,-0.175308,-0.757050,-0.980316
"2025-11-04 10:08:10.728 +0000",1762250890.728231,-0.158783,-0.738831,-0.950424
"2025-11-04 10:08:10.738 +0000",1762250890.738213,-0.110458,-0.719971,-0.904373
"2025-11-04 10:08:10.748 +0000",1762250890.748195,-0.065338,-0.700745,-0.867386
"2025-11-04 10:08:10.758 +0000",1762250890.758175,-0.024277,-0.685928,-0.830597
"2025-11-04 10:08:10.768 +0000",1762250890.768157,0.007553,-0.675385,-0.784882
"2025-11-04 10:08:10.778 +0000",1762250890.778139,0.042145,-0.671219,-0.734116
"2025-11-04 10:08:10.788 +0000",1762250890.788119,0.076111,-0.664444,-0.688370
"2025-11-04 10:08:10.798 +0000",1762250890.798100,0.097351,-0.651505,-0.649948
"2025-11-04 10:08:10.808 +0000",1762250890.808081,0.113876,-0.638962,-0.630173
"2025-11-04 10:08:10.818 +0000",1762250890.818063,0.107956,-0.629013,-0.642105
"2025-11-04 10:08:10.828 +0000",1762250890.828044,0.082260,-0.627090,-0.677628
"2025-11-04 10:08:10.838 +0000",1762250890.838025,0.061996,-0.645645,-0.731979
"2025-11-04 10:08:10.848 +0000",1762250890.848006,0.049301,-0.674988,-0.763351
"2025-11-04 10:08:10.858 +0000",1762250890.857988,0.038300,-0.699829,-0.785294
"2025-11-04 10:08:10.868 +0000",1762250890.867969,0.031464,-0.698578,-0.780472
"2025-11-04 10:08:10.878 +0000",1762250890.877950,0.035599,-0.675766,-0.767578
"2025-11-04 10:08:10.888 +0000",1762250890.887932,0.061905,-0.645584,-0.759827
"2025-11-04 10:08:10.898 +0000",1762250890.897913,0.097992,-0.616089,-0.753937
"2025-11-04 10:08:10.908 +0000",1762250890.907895,0.138840,-0.595993,-0.754166
"2025-11-04 10:08:10.918 +0000",1762250890.917875,0.172379,-0.586853,-0.756668
"2025-11-04 10:08:10.928 +0000",1762250890.927857,0.176682,-0.577942,-0.744186
"2025-11-04 10:08:10.938 +0000",1762250890.937838,0.148331,-0.572601,-0.716461
"2025-11-04 10:08:10.948 +0000",1762250890.947819,0.108398,-0.579666,-0.704056
"2025-11-04 10:08:10.958 +0000",1762250890.957800,0.054642,-0.597931,-0.723038
"2025-11-04 10:08:10.968 +0000",1762250890.967782,0.008499,-0.642105,-0.748459
"2025-11-04 10:08:10.978 +0000",1762250890.977762,-0.041946,-0.696381,-0.760056
"2025-11-04 10:08:10.988 +0000",1762250890.987744,-0.080292,-0.735367,-0.777237
"2025-11-04 10:08:10.998 +0000",1762250890.997725,-0.112030,-0.762527,-0.821350
"2025-11-04 10:08:11.008 +0000",1762250891.007706,-0.134933,-0.779053,-0.852295
"2025-11-04 10:08:11.018 +0000",1762250891.017687,-0.137634,-0.762772,-0.846039
"2025-11-04 10:08:11.028 +0000",1762250891.027669,-0.123337,-0.730591,-0.819870
"2025-11-04 10:08:11.038 +0000",1762250891.037651,-0.111313,-0.703430,-0.770752
"2025-11-04 10:08:11.048 +0000",1762250891.047631,-0.102295,-0.672028,-0.705643
"2025-11-04 10:08:11.058 +0000",1762250891.057612,-0.071793,-0.644531,-0.650970
"2025-11-04 10:08:11.068 +0000",1762250891.067594,-0.017593,-0.644974,-0.635956
"2025-11-04 10:08:11.078 +0000",1762250891.077575,0.026749,-0.683014,-0.696075
"2025-11-04 10:08:11.088 +0000",1762250891.087556,0.031342,-0.737122,-0.814743
"2025-11-04 10:08:11.098 +0000",1762250891.097537,0.007111,-0.768097,-0.936066
"2025-11-04 10:08:11.108 +0000",1762250891.107520,-0.026443,-0.759995,-1.042023
"2025-11-04 10:08:11.118 +0000",1762250891.117501,-0.052002,-0.747955,-1.120636
"2025-11-04 10:08:11.127 +0000",1762250891.127481,-0.055557,-0.769897,-1.167770
"2025-11-04 10:08:11.137 +0000",1762250891.137462,-0.031982,-0.796371,-1.177261
"2025-11-04 10:08:11.147 +0000",1762250891.147444,0.007095,-0.775452,-1.150757
"2025-11-04 10:08:11.157 +0000",1762250891.157425,0.027710,-0.709778,-1.091492
"2025-11-04 10:08:11.167 +0000",1762250891.167406,0.072281,-0.633148,-0.990738
"2025-11-04 10:08:11.177 +0000",1762250891.177387,0.125916,-0.592850,-0.833527
"2025-11-04 10:08:11.187 +0000",1762250891.187369,0.174179,-0.550629,-0.665695
"2025-11-04 10:08:11.197 +0000",1762250891.197351,0.242065,-0.526932,-0.557465
"2025-11-04 10:08:11.207 +0000",1762250891.207331,0.265076,-0.539749,-0.496292
"2025-11-04 10:08:11.217 +0000",1762250891.217312,0.275421,-0.543518,-0.461014
"2025-11-04 10:08:11.227 +0000",1762250891.227294,0.291885,-0.551346,-0.402603
"2025-11-04 10:08:11.237 +0000",1762250891.237275,0.300262,-0.579117,-0.329041
"2025-11-04 10:08:11.247 +0000",1762250891.247257,0.283981,-0.597946,-0.278870
"2025-11-04 10:08:11.257 +0000",1762250891.257237,0.268524,-0.600876,-0.243713
"2025-11-04 10:08:11.267 +0000",1762250891.267218,0.269272,-0.605560,-0.225372
"2025-11-04 10:08:11.277 +0000",1762250891.277200,0.254730,-0.602280,-0.230225
"2025-11-04 10:08:11.287 +0000",1762250891.287181,0.203583,-0.587112,-0.244293
"2025-11-04 10:08:11.297 +0000",1762250891.297163,0.119110,-0.561462,-0.228653
"2025-11-04 10:08:11.307 +0000",1762250891.307143,0.012482,-0.522095,-0.196701
"2025-11-04 10:08:11.317 +0000",1762250891.317124,-0.056656,-0.493881,-0.186111
"2025-11-04 10:08:11.327 +0000",1762250891.327105,-0.073181,-0.495956,-0.241394
"2025-11-04 10:08:11.337 +0000",1762250891.337086,-0.060623,-0.536911,-0.307846
"2025-11-04 10:08:11.347 +0000",1762250891.347067,-0.051071,-0.605972,-0.316391
"2025-11-04 10:08:11.357 +0000",1762250891.357049,-0.049438,-0.701263,-0.311951
"2025-11-04 10:08:11.367 +0000",1762250891.367030,-0.098206,-0.774689,-0.378555
"2025-11-04 10:08:11.377 +0000",1762250891.377012,-0.172607,-0.823547,-0.580765
"2025-11-04 10:08:11.387 +0000",1762250891.386992,-0.261856,-0.855087,-0.895462
"2025-11-04 10:08:11.397 +0000",1762250891.396974,-0.321442,-0.883789,-1.136093
"2025-11-04 10:08:11.407 +0000",1762250891.406955,-0.262497,-0.931854,-1.243332
"2025-11-04 10:08:11.417 +0000",1762250891.416936,-0.171173,-1.007797,-1.344315
"2025-11-04 10:08:11.427 +0000",1762250891.426917,-0.122757,-1.064758,-1.475433
"2025-11-04 10:08:11.437 +0000",1762250891.436899,-0.091904,-1.077255,-1.610550
"2025-11-04 10:08:11.447 +0000",1762250891.446880,-0.114212,-1.032394,-1.743958
"2025-11-04 10:08:11.457 +0000",1762250891.456861,-0.154312,-0.942108,-1.742279
"2025-11-04 10:08:11.467 +0000",1762250891.466843,-0.135300,-0.866455,-1.558273
"2025-11-04 10:08:11.477 +0000",1762250891.476824,-0.031677,-0.831482,-1.254257
"2025-11-04 10:08:11.487 +0000",1762250891.486805,0.100616,-0.821289,-0.932251
"2025-11-04 10:08:11.497 +0000",1762250891.496786,0.179474,-0.823441,-0.687851
"2025-11-04 10:08:11.507 +0000",1762250891.506768,0.167465,-0.816483,-0.536758
"2025-11-04 10:08:11.517 +0000",1762250891.516749,0.136200,-0.793869,-0.389496
"2025-11-04 10:08:11.527 +0000",1762250891.526730,0.147034,-0.766281,-0.214417
"2025-11-04 10:08:11.537 +0000",1762250891.536711,0.133835,-0.751007,-0.074570
"2025-11-04 10:08:11.547 +0000",1762250891.546693,0.111328,-0.759933,-0.031616
"2025-11-04 10:08:11.557 +0000",1762250891.556674,0.075226,-0.771835,-0.066696
"2025-11-04 10:08:11.567 +0000",1762250891.566655,0.020111,-0.769852,-0.110474
"2025-11-04 10:08:11.577 +0000",1762250891.576636,-0.042786,-0.759460,-0.123245
"2025-11-04 10:08:11.587 +0000",1762250891.586617,-0.116455,-0.756760,-0.159622
"2025-11-04 10:08:11.597 +0000",1762250891.596599,-0.153900,-0.774734,-0.238464
"2025-11-04 10:08:11.607 +0000",1762250891.606580,-0.148163,-0.779816,-0.302917
"2025-11-04 10:08:11.617 +0000",1762250891.616561,-0.106262,-0.774719,-0.343002
"2025-11-04 10:08:11.627 +0000",1762250891.626542,-0.061798,-0.764084,-0.409103
"2025-11-04 10:08:11.637 +0000",1762250891.636524,-0.035416,-0.749146,-0.488052
"2025-11-04 10:08:11.647 +0000",1762250891.646505,-0.017624,-0.731552,-0.552002
"2025-11-04 10:08:11.656 +0000",1762250891.656486,-0.018326,-0.709732,-0.620300
"2025-11-04 10:08:11.666 +0000",1762250891.666467,-0.032104,-0.691696,-0.718719
"2025-11-04 10:08:11.676 +0000",1762250891.676449,-0.031464,-0.670227,-0.790680
"2025-11-04 10:08:11.686 +0000",1762250891.686430,-0.013412,-0.653534,-0.802277
"2025-11-04 10:08:11.696 +0000",1762250891.696411,0.002136,-0.650131,-0.777817
"2025-11-04 10:08:11.706 +0000",1762250891.706392,-0.003769,-0.636932,-0.758621
"2025-11-04 10:08:11.716 +0000",1762250891.716374,-0.015503,-0.630920,-0.731094
"2025-11-04 10:08:11.726 +0000",1762250891.726355,-0.013504,-0.655060,-0.699631
"2025-11-04 10:08:11.736 +0000",1762250891.736336,0.021896,-0.695923,-0.655701
"2025-11-04 10:08:11.746 +0000",1762250891.746317,0.068863,-0.736496,-0.612930
"2025-11-04 10:08:11.756 +0000",1762250891.756299,0.108963,-0.806808,-0.598007
"2025-11-04 10:08:11.766 +0000",1762250891.766280,0.149277,-0.961639,-0.651596
"2025-11-04 10:08:11.776 +0000",1762250891.776261,0.154907,-1.222290,-0.805923
"2025-11-04 10:08:11.786 +0000",1762250891.786242,-0.071426,-1.528519,-1.216980
"2025-11-04 10:08:11.796 +0000",1762250891.796223,-0.543045,-1.697449,-1.792480
"2025-11-04 10:08:11.806 +0000",1762250891.806205,-0.970703,-1.597122,-2.091232
"2025-11-04 10:08:11.816 +0000",1762250891.816185,-0.925064,-1.367783,-1.788803
"2025-11-04 10:08:11.826 +0000",1762250891.826167,-0.498840,-1.150040,-1.112122
"2025-11-04 10:08:11.836 +0000",1762250891.836148,-0.126999,-0.917023,-0.476242
"2025-11-04 10:08:11.846 +0000",1762250891.846130,0.104446,-0.714844,-0.143616
"2025-11-04 10:08:11.856 +0000",1762250891.856111,0.247696,-0.588928,0.023651
"2025-11-04 10:08:11.866 +0000",1762250891.866091,0.336472,-0.533096,0.098618
"2025-11-04 10:08:11.876 +0000",1762250891.876073,0.332596,-0.506226,0.099014
"2025-11-04 10:08:11.886 +0000",1762250891.886055,0.273743,-0.430161,0.082108
"2025-11-04 10:08:11.896 +0000",1762250891.896036,0.280838,-0.358932,0.050186
"2025-11-04 10:08:11.906 +0000",1762250891.906017,0.230408,-0.326691,-0.144424
"2025-11-04 10:08:11.916 +0000",1762250891.915998,0.201553,-0.270309,-0.365082
"2025-11-04 10:08:11.926 +0000",1762250891.925979,0.183228,-0.224350,-0.483887
"2025-11-04 10:08:11.936 +0000",1762250891.935961,0.172943,-0.207092,-0.466965
"2025-11-04 10:08:11.946 +0000",1762250891.945942,0.120514,-0.201187,-0.391129
"2025-11-04 10:08:11.956 +0000",1762250891.955922,0.086548,-0.228775,-0.313248
"2025-11-04 10:08:11.966 +0000",1762250891.965905,0.048599,-0.256607,-0.309143
"2025-11-04 10:08:11.976 +0000",1762250891.975886,-0.003845,-0.259216,-0.328400
"2025-11-04 10:08:11.986 +0000",1762250891.985867,-0.010803,-0.252396,-0.348282
"2025-11-04 10:08:11.996 +0000",1762250891.995847,0.013321,-0.235779,-0.371445
"2025-11-04 10:08:12.006 +0000",1762250892.005830,0.039703,-0.220139,-0.395645
"2025-11-04 10:08:12.016 +0000",1762250892.015811,0.082123,-0.222427,-0.460175
"2025-11-04 10:08:12.026 +0000",1762250892.025791,0.112183,-0.197784,-0.537689
"2025-11-04 10:08:12.036 +0000",1762250892.035773,0.098419,-0.171875,-0.622849
"2025-11-04 10:08:12.046 +0000",1762250892.045754,0.071213,-0.186325,-0.673416
"2025-11-04 10:08:12.056 +0000",1762250892.055735,0.046021,-0.238510,-0.641235
"2025-11-04 10:08:12.066 +0000",1762250892.065717,0.009430,-0.294418,-0.555161
"2025-11-04 10:08:12.076 +0000",1762250892.075697,0.007187,-0.363571,-0.472336
"2025-11-04 10:08:12.086 +0000",1762250892.085679,0.047485,-0.455597,-0.455475
"2025-11-04 10:08:12.096 +0000",1762250892.095660,0.098053,-0.579758,-0.465927
"2025-11-04 10:08:12.106 +0000",1762250892.105641,0.130997,-0.729843,-0.494202
"2025-11-04 10:08:12.116 +0000",1762250892.115623,0.140549,-0.877594,-0.604736
"2025-11-04 10:08:12.126 +0000",1762250892.125604,0.078781,-1.025269,-0.792709
"2025-11-04 10:08:12.136 +0000",1762250892.135587,-0.063232,-1.174774,-1.090012
"2025-11-04 10:08:12.146 +0000",1762250892.145567,-0.246964,-1.627991,-1.458633
"2025-11-04 10:08:12.156 +0000",1762250892.155548,-0.598328,-1.982819,-1.639252
"2025-11-04 10:08:12.166 +0000",1762250892.165530,-0.749649,-1.430130,-1.865997
"2025-11-04 10:08:12.176 +0000",1762250892.175511,-0.627502,-1.490448,-2.008453
"2025-11-04 10:08:12.185 +0000",1762250892.185492,-0.301865,-1.625458,-1.732742
"2025-11-04 10:08:12.195 +0000",1762250892.195472,0.040909,-1.556274,-1.355850
"2025-11-04 10:08:12.205 +0000",1762250892.205454,0.280090,-1.612305,-0.969162
"2025-11-04 10:08:12.215 +0000",1762250892.215435,0.354858,-1.609879,-0.575806
"2025-11-04 10:08:12.225 +0000",1762250892.225416,0.341171,-1.420425,-0.312378
"2025-11-04 10:08:12.235 +0000",1762250892.235397,0.280289,-1.198395,-0.199539
"2025-11-04 10:08:12.245 +0000",1762250892.245379,0.175003,-1.024139,-0.230820
"2025-11-04 10:08:12.255 +0000",1762250892.255360,0.061142,-0.887817,-0.340042
"2025-11-04 10:08:12.265 +0000",1762250892.265341,-0.013367,-0.834946,-0.420883
"2025-11-04 10:08:12.275 +0000",1762250892.275322,-0.078598,-0.746521,-0.563507
"2025-11-04 10:08:12.285 +0000",1762250892.285305,-0.118530,-0.644684,-0.736298
"2025-11-04 10:08:12.295 +0000",1762250892.295285,-0.134354,-0.561935,-0.853653
"2025-11-04 10:08:12.305 +0000",1762250892.305266,-0.107986,-0.503647,-0.865341
"2025-11-04 10:08:12.315 +0000",1762250892.315248,-0.080704,-0.463654,-0.791031
"2025-11-04 10:08:12.325 +0000",1762250892.325230,-0.067871,-0.419510,-0.661301
"2025-11-04 10:08:12.335 +0000",1762250892.335211,-0.065430,-0.369492,-0.531464
"2025-11-04 10:08:12.345 +0000",1762250892.345192,-0.089081,-0.316864,-0.446396
"2025-11-04 10:08:12.355 +0000",1762250892.355173,-0.144745,-0.255325,-0.443649
"2025-11-04 10:08:12.365 +0000",1762250892.365155,-0.186005,-0.263550,-0.486633
"2025-11-04 10:08:12.375 +0000",1762250892.375136,-0.196381,-0.308304,-0.538284
"2025-11-04 10:08:12.385 +0000",1762250892.385117,-0.229080,-0.343872,-0.593170
"2025-11-04 10:08:12.395 +0000",1762250892.395098,-0.263840,-0.392654,-0.600510
"2025-11-04 10:08:12.405 +0000",1762250892.405079,-0.271667,-0.460983,-0.530151
"2025-11-04 10:08:12.415 +0000",1762250892.415061,-0.254471,-0.548141,-0.436462
"2025-11-04 10:08:12.425 +0000",1762250892.425042,-0.217331,-0.623947,-0.373642
"2025-11-04 10:08:12.435 +0000",1762250892.435023,-0.159882,-0.670395,-0.361267
"2025-11-04 10:08:12.445 +0000",1762250892.445005,-0.092819,-0.691330,-0.391983
"2025-11-04 10:08:12.455 +0000",1762250892.454987,-0.024277,-0.692490,-0.442566
"2025-11-04 10:08:12.465 +0000",1762250892.464967,0.040237,-0.684921,-0.489380
"2025-11-04 10:08:12.475 +0000",1762250892.474948,0.091492,-0.666138,-0.503784
"2025-11-04 10:08:12.485 +0000",1762250892.484930,0.126373,-0.645416,-0.489426
"2025-11-04 10:08:12.495 +0000",1762250892.494910,0.139664,-0.663406,-0.479218
"2025-11-04 10:08:12.505 +0000",1762250892.504892,0.099289,-0.690506,-0.497330
"2025-11-04 10:08:12.515 +0000",1762250892.514873,0.060394,-0.700104,-0.537643
"2025-11-04 10:08:12.525 +0000",1762250892.524855,0.054443,-0.714966,-0.572067
"2025-11-04 10:08:12.535 +0000",1762250892.534836,0.105560,-0.735748,-0.571320
"2025-11-04 10:08:12.545 +0000",1762250892.544817,0.196396,-0.733231,-0.581619
"2025-11-04 10:08:12.555 +0000",1762250892.554798,0.205521,-0.735825,-0.557129
"2025-11-04 10:08:12.565 +0000",1762250892.564780,0.212296,-0.754791,-0.544189
"2025-11-04 10:08:12.575 +0000",1762250892.574761,0.184525,-0.758667,-0.545456
"2025-11-04 10:08:12.585 +0000",1762250892.584742,0.152115,-0.764038,-0.617142
"2025-11-04 10:08:12.595 +0000",1762250892.594723,0.127075,-0.774948,-0.734787
"2025-11-04 10:08:12.605 +0000",1762250892.604705,0.087402,-0.783737,-0.828888
"2025-11-04 10:08:12.615 +0000",1762250892.614686,0.072876,-0.820038,-0.905014
"2025-11-04 10:08:12.625 +0000",1762250892.624667,0.051483,-0.869720,-0.982895
"2025-11-04 10:08:12.635 +0000",1762250892.634648,-0.002472,-0.893280,-1.081482
"2025-11-04 10:08:12.645 +0000",1762250892.644629,-0.062714,-0.911346,-1.207214
"2025-11-04 10:08:12.655 +0000",1762250892.654610,-0.123840,-0.934036,-1.283585
"2025-11-04 10:08:12.665 +0000",1762250892.664593,-0.197021,-0.944077,-1.266663
"2025-11-04 10:08:12.675 +0000",1762250892.674573,-0.263000,-0.938629,-1.185410
"2025-11-04 10:08:12.685 +0000",1762250892.684555,-0.310074,-0.922073,-1.047668
"2025-11-04 10:08:12.695 +0000",1762250892.694535,-0.357422,-0.886185,-0.904999
"2025-11-04 10:08:12.705 +0000",1762250892.704517,-0.376328,-0.838104,-0.753418
"2025-11-04 10:08:12.714 +0000",1762250892.714498,-0.338623,-0.800400,-0.615814
"2025-11-04 10:08:12.724 +0000",1762250892.724480,-0.277374,-0.764679,-0.538330
"2025-11-04 10:08:12.734 +0000",1762250892.734461,-0.220535,-0.736465,-0.516876
"2025-11-04 10:08:12.744 +0000",1762250892.744442,-0.161331,-0.709717,-0.522278
"2025-11-04 10:08:12.754 +0000",1762250892.754423,-0.110413,-0.668015,-0.534348
"2025-11-04 10:08:12.764 +0000",1762250892.764405,-0.066650,-0.616837,-0.531357
"2025-11-04 10:08:12.774 +0000",1762250892.774386,-0.031052,-0.568665,-0.530930
"2025-11-04 10:08:12.784 +0000",1762250892.784367,0.001007,-0.542755,-0.551804
"2025-11-04 10:08:12.794 +0000",1762250892.794348,0.016907,-0.528320,-0.598389
"2025-11-04 10:08:12.804 +0000",1762250892.804329,0.023499,-0.521042,-0.666489
"2025-11-04 10:08:12.814 +0000",1762250892.814310,0.008026,-0.519180,-0.721161
"2025-11-04 10:08:12.824 +0000",1762250892.824291,-0.013397,-0.527649,-0.753769
"2025-11-04 10:08:12.834 +0000",1762250892.834272,-0.026047,-0.545822,-0.787354
"2025-11-04 10:08:12.844 +0000",1762250892.844254,-0.043106,-0.561325,-0.802887
"2025-11-04 10:08:12.854 +0000",1762250892.854236,-0.045578,-0.569626,-0.803558
"2025-11-04 10:08:12.864 +0000",1762250892.864217,-0.032623,-0.570648,-0.796967
"2025-11-04 10:08:12.874 +0000",1762250892.874198,-0.010529,-0.578796,-0.780975
"2025-11-04 10:08:12.884 +0000",1762250892.884179,0.008072,-0.587051,-0.763794
"2025-11-04 10:08:12.894 +0000",1762250892.894160,0.021729,-0.582932,-0.753906
"2025-11-04 10:08:12.904 +0000",1762250892.904141,0.036743,-0.581238,-0.747482
"2025-11-04 10:08:12.914 +0000",1762250892.914122,0.040756,-0.584946,-0.744919
"2025-11-04 10:08:12.924 +0000",1762250892.924105,0.025696,-0.593735,-0.733795
"2025-11-04 10:08:12.934 +0000",1762250892.934085,0.018570,-0.609726,-0.721939
"2025-11-04 10:08:12.944 +0000",1762250892.944066,0.014908,-0.625290,-0.738602
"2025-11-04 10:08:12.954 +0000",1762250892.954047,-0.002884,-0.640884,-0.766876
"2025-11-04 10:08:12.964 +0000",1762250892.964028,-0.028152,-0.648285,-0.781006
"2025-11-04 10:08:12.974 +0000",1762250892.974010,-0.020523,-0.652771,-0.768417
"2025-11-04 10:08:12.984 +0000",1762250892.983992,-0.005569,-0.664505,-0.755219
"2025-11-04 10:08:12.994 +0000",1762250892.993972,0.003006,-0.660263,-0.758362
"2025-11-04 10:08:13.004 +0000",1762250893.003954,0.018738,-0.652786,-0.763489
"2025-11-04 10:08:13.014 +0000",1762250893.013937,0.035034,-0.665939,-0.775528
"2025-11-04 10:08:13.024 +0000",1762250893.023916,0.041595,-0.684967,-0.801285
"2025-11-04 10:08:13.034 +0000",1762250893.033897,0.041519,-0.692734,-0.822327
"2025-11-04 10:08:13.044 +0000",1762250893.043879,0.023773,-0.703003,-0.859940
"2025-11-04 10:08:13.054 +0000",1762250893.053861,-0.017319,-0.723755,-0.923859
"2025-11-04 10:08:13.064 +0000",1762250893.063842,-0.073700,-0.741852,-0.984589
"2025-11-04 10:08:13.074 +0000",1762250893.073822,-0.134094,-0.745926,-1.061874
"2025-11-04 10:08:13.084 +0000",1762250893.083804,-0.180267,-0.750946,-1.133896
"2025-11-04 10:08:13.094 +0000",1762250893.093786,-0.182755,-0.749725,-1.149261
"2025-11-04 10:08:13.104 +0000",1762250893.103767,-0.145676,-0.727570,-1.125000
"2025-11-04 10:08:13.114 +0000",1762250893.113747,-0.086151,-0.691528,-1.058731
"2025-11-04 10:08:13.124 +0000",1762250893.123730,-0.032913,-0.660507,-0.945892
"2025-11-04 10:08:13.134 +0000",1762250893.133711,0.009811,-0.630280,-0.828812
"2025-11-04 10:08:13.144 +0000",1762250893.143691,0.051987,-0.592407,-0.731018
"2025-11-04 10:08:13.154 +0000",1762250893.153673,0.107605,-0.559448,-0.654846
"2025-11-04 10:08:13.164 +0000",1762250893.163654,0.152115,-0.559036,-0.622269
"2025-11-04 10:08:13.174 +0000",1762250893.173635,0.167068,-0.558914,-0.620895
"2025-11-04 10:08:13.184 +0000",1762250893.183616,0.184326,-0.550766,-0.635391
"2025-11-04 10:08:13.194 +0000",1762250893.193597,0.176682,-0.534225,-0.685760
"2025-11-04 10:08:13.204 +0000",1762250893.203578,0.163239,-0.528824,-0.759216
"2025-11-04 10:08:13.214 +0000",1762250893.213560,0.152939,-0.516830,-0.799469
"2025-11-04 10:08:13.224 +0000",1762250893.223541,0.138992,-0.513885,-0.821594
"2025-11-04 10:08:13.234 +0000",1762250893.233522,0.123993,-0.523712,-0.837479
"2025-11-04 10:08:13.244 +0000",1762250893.243504,0.091675,-0.525894,-0.844467
"2025-11-04 10:08:13.253 +0000",1762250893.253486,0.046768,-0.532730,-0.830399
"2025-11-04 10:08:13.263 +0000",1762250893.263467,0.012619,-0.542343,-0.807755
"2025-11-04 10:08:13.273 +0000",1762250893.273448,-0.010529,-0.557968,-0.791275
"2025-11-04 10:08:13.283 +0000",1762250893.283428,-0.026001,-0.574860,-0.786118
"2025-11-04 10:08:13.293 +0000",1762250893.293410,-0.033493,-0.590942,-0.799927
"2025-11-04 10:08:13.303 +0000",1762250893.303391,-0.037323,-0.604309,-0.841217
"2025-11-04 10:08:13.313 +0000",1762250893.313373,-0.040146,-0.620605,-0.898804
"2025-11-04 10:08:13.323 +0000",1762250893.323354,-0.044510,-0.629761,-0.952087
"2025-11-04 10:08:13.333 +0000",1762250893.333336,-0.043137,-0.624924,-0.986908
"2025-11-04 10:08:13.343 +0000",1762250893.343317,-0.040237,-0.602539,-0.990936
"2025-11-04 10:08:13.353 +0000",1762250893.353298,-0.023682,-0.572205,-0.948410
"2025-11-04 10:08:13.363 +0000",1762250893.363280,0.003723,-0.554062,-0.854355
"2025-11-04 10:08:13.373 +0000",1762250893.373260,0.006485,-0.549164,-0.764572
"2025-11-04 10:08:13.383 +0000",1762250893.383241,0.010925,-0.553314,-0.692261
"2025-11-04 10:08:13.393 +0000",1762250893.393222,0.025391,-0.564392,-0.653580
"2025-11-04 10:08:13.403 +0000",1762250893.403205,0.044220,-0.596146,-0.661545
"2025-11-04 10:08:13.413 +0000",1762250893.413186,0.048416,-0.616852,-0.718857
"2025-11-04 10:08:13.423 +0000",1762250893.423167,0.051971,-0.612579,-0.790726
"2025-11-04 10:08:13.433 +0000",1762250893.433148,0.065796,-0.617188,-0.863861
"2025-11-04 10:08:13.443 +0000",1762250893.443130,0.072708,-0.625305,-0.943863
"2025-11-04 10:08:13.453 +0000",1762250893.453110,0.064850,-0.626938,-0.993011
"2025-11-04 10:08:13.463 +0000",1762250893.463091,0.054077,-0.611221,-0.988541
"2025-11-04 10:08:13.473 +0000",1762250893.473072,0.057175,-0.589127,-0.968994
"2025-11-04 10:08:13.483 +0000",1762250893.483054,0.071426,-0.606781,-0.944016
"2025-11-04 10:08:13.493 +0000",1762250893.493036,0.068100,-0.634201,-0.941605
"2025-11-04 10:08:13.503 +0000",1762250893.503016,0.049866,-0.642029,-0.928680
"2025-11-04 10:08:13.513 +0000",1762250893.512997,0.046585,-0.654327,-0.882706
"2025-11-04 10:08:13.523 +0000",1762250893.522979,0.038040,-0.671356,-0.834518
"2025-11-04 10:08:13.533 +0000",1762250893.532961,0.021225,-0.673798,-0.793839
"2025-11-04 10:08:13.543 +0000",1762250893.542941,0.005386,-0.677826,-0.753357
"2025-11-04 10:08:13.553 +0000",1762250893.552923,-0.012558,-0.696930,-0.717957
"2025-11-04 10:08:13.563 +0000",1762250893.562904,-0.031708,-0.711548,-0.705093
"2025-11-04 10:08:13.573 +0000",1762250893.572886,-0.040100,-0.716980,-0.695633
"2025-11-04 10:08:13.583 +0000",1762250893.582867,-0.044678,-0.713165,-0.668335
"2025-11-04 10:08:13.593 +0000",1762250893.592848,-0.041672,-0.695816,-0.646408
"2025-11-04 10:08:13.603 +0000",1762250893.602829,-0.028748,-0.668777,-0.626251
"2025-11-04 10:08:13.613 +0000",1762250893.612811,-0.013290,-0.654449,-0.607330
"2025-11-04 10:08:13.623 +0000",1762250893.622791,-0.003586,-0.664261,-0.610397
"2025-11-04 10:08:13.633 +0000",1762250893.632773,0.001633,-0.707977,-0.654938
"2025-11-04 10:08:13.643 +0000",1762250893.642755,0.000580,-0.773239,-0.761963
"2025-11-04 10:08:13.653 +0000",1762250893.652735,-0.017029,-0.829987,-0.907669
"2025-11-04 10:08:13.663 +0000",1762250893.662717,-0.055145,-0.843369,-1.034042
"2025-11-04 10:08:13.673 +0000",1762250893.672698,-0.096298,-0.803192,-1.114227
"2025-11-04 10:08:13.683 +0000",1762250893.682680,-0.110703,-0.742554,-1.079666
"2025-11-04 10:08:13.693 +0000",1762250893.692661,-0.075012,-0.694305,-0.948486
"2025-11-04 10:08:13.703 +0000",1762250893.702641,-0.023911,-0.668564,-0.819122
"2025-11-04 10:08:13.713 +0000",1762250893.712623,0.011673,-0.657654,-0.706970
"2025-11-04 10:08:13.723 +0000",1762250893.722604,0.044998,-0.658096,-0.627151
"2025-11-04 10:08:13.733 +0000",1762250893.732585,0.063049,-0.659164,-0.592178
"2025-11-04 10:08:13.743 +0000",1762250893.742567,0.062256,-0.652695,-0.568619
"2025-11-04 10:08:13.753 +0000",1762250893.752547,0.051987,-0.650040,-0.515015
"2025-11-04 10:08:13.763 +0000",1762250893.762529,0.023987,-0.660507,-0.479324
"2025-11-04 10:08:13.773 +0000",1762250893.772510,-0.026489,-0.685883,-0.491562
"2025-11-04 10:08:13.782 +0000",1762250893.782491,-0.067230,-0.721985,-0.526581
"2025-11-04 10:08:13.792 +0000",1762250893.792472,-0.112793,-0.746399,-0.590164
"2025-11-04 10:08:13.802 +0000",1762250893.802455,-0.158997,-0.761948,-0.640366
"2025-11-04 10:08:13.812 +0000",1762250893.812435,-0.168579,-0.768555,-0.671722
"2025-11-04 10:08:13.822 +0000",1762250893.822417,-0.176392,-0.768799,-0.694778
"2025-11-04 10:08:13.832 +0000",1762250893.832398,-0.176147,-0.771179,-0.699707
"2025-11-04 10:08:13.842 +0000",1762250893.842380,-0.148682,-0.762817,-0.708450
"2025-11-04 10:08:13.852 +0000",1762250893.852360,-0.118500,-0.756409,-0.734650
"2025-11-04 10:08:13.862 +0000",1762250893.862341,-0.104218,-0.739929,-0.760193
"2025-11-04 10:08:13.872 +0000",1762250893.872322,-0.105591,-0.724472,-0.771271
"2025-11-04 10:08:13.882 +0000",1762250893.882304,-0.105560,-0.722076,-0.757828
"2025-11-04 10:08:13.892 +0000",1762250893.892285,-0.090576,-0.742828,-0.720688
"2025-11-04 10:08:13.902 +0000",1762250893.902267,-0.078995,-0.772003,-0.692673
"2025-11-04 10:08:13.912 +0000",1762250893.912247,-0.076523,-0.787140,-0.680161
"2025-11-04 10:08:13.922 +0000",1762250893.922229,-0.084229,-0.792953,-0.673523
"2025-11-04 10:08:13.932 +0000",1762250893.932210,-0.098434,-0.791840,-0.642929
"2025-11-04 10:08:13.942 +0000",1762250893.942192,-0.106567,-0.795853,-0.611267
"2025-11-04 10:08:13.952 +0000",1762250893.952173,-0.108292,-0.816574,-0.597549
"2025-11-04 10:08:13.962 +0000",1762250893.962155,-0.103821,-0.855927,-0.613098
"2025-11-04 10:08:13.972 +0000",1762250893.972135,-0.125946,-0.890823,-0.665939
"2025-11-04 10:08:13.982 +0000",1762250893.982116,-0.148468,-0.913116,-0.737228
"2025-11-04 10:08:13.992 +0000",1762250893.992098,-0.153000,-0.903885,-0.810928
"2025-11-04 10:08:14.002 +0000",1762250894.002080,-0.125778,-0.850311,-0.865707
"2025-11-04 10:08:14.012 +0000",1762250894.012060,-0.066071,-0.759003,-0.926132
"2025-11-04 10:08:14.022 +0000",1762250894.022042,0.005890,-0.666504,-0.939865
"2025-11-04 10:08:14.032 +0000",1762250894.032022,0.095383,-0.610367,-0.886124
"2025-11-04 10:08:14.042 +0000",1762250894.042004,0.172089,-0.582352,-0.823227
"2025-11-04 10:08:14.052 +0000",1762250894.051986,0.211212,-0.578720,-0.758469
"2025-11-04 10:08:14.062 +0000",1762250894.061966,0.220123,-0.585007,-0.684402
"2025-11-04 10:08:14.072 +0000",1762250894.071948,0.207169,-0.597992,-0.614487
"2025-11-04 10:08:14.082 +0000",1762250894.081929,0.167557,-0.644058,-0.565369
"2025-11-04 10:08:14.092 +0000",1762250894.091910,0.099106,-0.702805,-0.546036
"2025-11-04 10:08:14.102 +0000",1762250894.101892,0.006577,-0.755615,-0.559799
"2025-11-04 10:08:14.112 +0000",1762250894.111872,-0.061386,-0.817474,-0.575928
"2025-11-04 10:08:14.122 +0000",1762250894.121854,-0.111282,-0.851379,-0.600616
"2025-11-04 10:08:14.132 +0000",1762250894.131836,-0.146515,-0.827377,-0.634369
"2025-11-04 10:08:14.142 +0000",1762250894.141817,-0.133850,-0.784195,-0.629471
"2025-11-04 10:08:14.152 +0000",1762250894.151797,-0.077103,-0.746872,-0.575531
"2025-11-04 10:08:14.162 +0000",1762250894.161780,-0.026703,-0.709259,-0.525284
"2025-11-04 10:08:14.172 +0000",1762250894.171760,0.010376,-0.695984,-0.500641
"2025-11-04 10:08:14.182 +0000",1762250894.181741,0.041229,-0.706848,-0.486465
"2025-11-04 10:08:14.192 +0000",1762250894.191722,0.048218,-0.716476,-0.502213
"2025-11-04 10:08:14.202 +0000",1762250894.201704,0.016235,-0.720459,-0.554321
"2025-11-04 10:08:14.212 +0000",1762250894.211686,-0.016556,-0.719223,-0.621643
"2025-11-04 10:08:14.222 +0000",1762250894.221667,-0.024063,-0.713058,-0.692932
"2025-11-04 10:08:14.232 +0000",1762250894.231647,-0.029144,-0.694092,-0.735977
"2025-11-04 10:08:14.242 +0000",1762250894.241630,-0.040100,-0.663452,-0.768860
"2025-11-04 10:08:14.252 +0000",1762250894.251610,-0.071732,-0.612335,-0.790848
"2025-11-04 10:08:14.262 +0000",1762250894.261591,-0.035568,-0.614456,-0.789001
"2025-11-04 10:08:14.272 +0000",1762250894.271573,0.007721,-0.639603,-0.747772
"2025-11-04 10:08:14.282 +0000",1762250894.281554,-0.014816,-0.618011,-0.691559
"2025-11-04 10:08:14.292 +0000",1762250894.291536,-0.011475,-0.623352,-0.660049
"2025-11-04 10:08:14.302 +0000",1762250894.301516,-0.019943,-0.644608,-0.632019
"2025-11-04 10:08:14.311 +0000",1762250894.311498,-0.035873,-0.665604,-0.604492
"2025-11-04 10:08:14.321 +0000",1762250894.321479,-0.062668,-0.685486,-0.583389
"2025-11-04 10:08:14.331 +0000",1762250894.331460,-0.094360,-0.693985,-0.549774
"2025-11-04 10:08:14.341 +0000",1762250894.341441,-0.116379,-0.688431,-0.512512
"2025-11-04 10:08:14.351 +0000",1762250894.351423,-0.106491,-0.698868,-0.493607
"2025-11-04 10:08:14.361 +0000",1762250894.361403,-0.098602,-0.741318,-0.544571
"2025-11-04 10:08:14.371 +0000",1762250894.371384,-0.107193,-0.797287,-0.646683
"2025-11-04 10:08:14.381 +0000",1762250894.381365,-0.112442,-0.836090,-0.765503
"2025-11-04 10:08:14.391 +0000",1762250894.391347,-0.121674,-0.830078,-0.886551
"2025-11-04 10:08:14.401 +0000",1762250894.401329,-0.123123,-0.791946,-1.030594
"2025-11-04 10:08:14.411 +0000",1762250894.411309,-0.114975,-0.723923,-1.149323
"2025-11-04 10:08:14.421 +0000",1762250894.421292,-0.074860,-0.656723,-1.199341
"2025-11-04 10:08:14.431 +0000",1762250894.431273,-0.027344,-0.619965,-1.226517
"2025-11-04 10:08:14.441 +0000",1762250894.441254,0.011139,-0.600693,-1.247284
"2025-11-04 10:08:14.451 +0000",1762250894.451234,0.023529,-0.613388,-1.254166
"2025-11-04 10:08:14.461 +0000",1762250894.461216,0.038712,-0.639771,-1.219177
"2025-11-04 10:08:14.471 +0000",1762250894.471197,0.038315,-0.646225,-1.167557
"2025-11-04 10:08:14.481 +0000",1762250894.481179,0.037064,-0.661530,-1.077881
"2025-11-04 10:08:14.491 +0000",1762250894.491160,0.056503,-0.680527,-0.933411
"2025-11-04 10:08:14.501 +0000",1762250894.501141,0.059464,-0.681046,-0.771698
"2025-11-04 10:08:14.511 +0000",1762250894.511123,0.054199,-0.700394,-0.595978
"2025-11-04 10:08:14.521 +0000",1762250894.521104,0.049225,-0.707077,-0.415192
"2025-11-04 10:08:14.531 +0000",1762250894.531085,0.045151,-0.718994,-0.285004
"2025-11-04 10:08:14.541 +0000",1762250894.541066,0.031876,-0.741989,-0.247406
"2025-11-04 10:08:14.551 +0000",1762250894.551048,0.025299,-0.737061,-0.241730
"2025-11-04 10:08:14.561 +0000",1762250894.561028,0.031479,-0.723099,-0.248535
"2025-11-04 10:08:14.571 +0000",1762250894.571010,0.052170,-0.733810,-0.237671
"2025-11-04 10:08:14.581 +0000",1762250894.580991,0.067596,-0.759933,-0.228317
"2025-11-04 10:08:14.591 +0000",1762250894.590972,0.058273,-0.767624,-0.252197
"2025-11-04 10:08:14.601 +0000",1762250894.600954,0.017227,-0.776840,-0.370377
"2025-11-04 10:08:14.611 +0000",1762250894.610934,-0.058548,-0.794662,-0.553986
"2025-11-04 10:08:14.621 +0000",1762250894.620916,-0.138458,-0.778214,-0.704758
"2025-11-04 10:08:14.631 +0000",1762250894.630898,-0.180206,-0.746246,-0.748169
"2025-11-04 10:08:14.641 +0000",1762250894.640879,-0.177612,-0.723709,-0.750778
"2025-11-04 10:08:14.651 +0000",1762250894.650860,-0.152695,-0.701431,-0.761627
"2025-11-04 10:08:14.661 +0000",1762250894.660841,-0.150436,-0.678741,-0.788208
"2025-11-04 10:08:14.671 +0000",1762250894.670823,-0.149323,-0.677490,-0.787964
"2025-11-04 10:08:14.681 +0000",1762250894.680803,-0.106689,-0.673615,-0.763992
"2025-11-04 10:08:14.691 +0000",1762250894.690784,-0.038895,-0.646713,-0.727768
"2025-11-04 10:08:14.701 +0000",1762250894.700766,0.050247,-0.643600,-0.706360
"2025-11-04 10:08:14.711 +0000",1762250894.710747,0.114410,-0.678131,-0.704956
"2025-11-04 10:08:14.721 +0000",1762250894.720729,0.128342,-0.684616,-0.698608
"2025-11-04 10:08:14.731 +0000",1762250894.730711,0.087143,-0.654800,-0.697830
"2025-11-04 10:08:14.741 +0000",1762250894.740691,0.048599,-0.648987,-0.696152
"2025-11-04 10:08:14.751 +0000",1762250894.750674,0.045486,-0.646957,-0.674240
"2025-11-04 10:08:14.761 +0000",1762250894.760654,0.050552,-0.652359,-0.610245
"2025-11-04 10:08:14.771 +0000",1762250894.770635,0.043869,-0.655945,-0.598770
"2025-11-04 10:08:14.781 +0000",1762250894.780616,-0.032501,-0.568634,-0.638123
"2025-11-04 10:08:14.791 +0000",1762250894.790598,0.004227,-0.609192,-0.658539
"2025-11-04 10:08:14.801 +0000",1762250894.800579,0.093765,-0.769135,-0.692749
"2025-11-04 10:08:14.811 +0000",1762250894.810559,0.120865,-0.884567,-0.745560
"2025-11-04 10:08:14.821 +0000",1762250894.820542,0.097076,-1.136536,-0.951706
"2025-11-04 10:08:14.831 +0000",1762250894.830523,-0.077972,-1.572021,-1.287064
"2025-11-04 10:08:14.841 +0000",1762250894.840504,-0.569733,-1.853043,-1.735748
"2025-11-04 10:08:14.850 +0000",1762250894.850484,-1.111923,-1.800674,-2.068420
"2025-11-04 10:08:14.860 +0000",1762250894.860466,-1.236084,-1.507248,-1.960037
"2025-11-04 10:08:14.870 +0000",1762250894.870446,-0.635498,-1.201920,-1.414505
"2025-11-04 10:08:14.880 +0000",1762250894.880428,-0.016190,-0.874756,-0.881760
"2025-11-04 10:08:14.890 +0000",1762250894.890409,0.285858,-0.575577,-0.568604
"2025-11-04 10:08:14.900 +0000",1762250894.900392,0.414246,-0.437775,-0.437256
"2025-11-04 10:08:14.910 +0000",1762250894.910373,0.461700,-0.415955,-0.330933
"2025-11-04 10:08:14.920 +0000",1762250894.920354,0.468765,-0.436020,-0.264893
"2025-11-04 10:08:14.930 +0000",1762250894.930334,0.399200,-0.419861,-0.278809
"2025-11-04 10:08:14.940 +0000",1762250894.940316,0.302353,-0.386719,-0.301804
"2025-11-04 10:08:14.950 +0000",1762250894.950298,0.234650,-0.398499,-0.309692
"2025-11-04 10:08:14.960 +0000",1762250894.960279,0.213791,-0.400986,-0.278427
"2025-11-04 10:08:14.970 +0000",1762250894.970260,0.216476,-0.403870,-0.273575
"2025-11-04 10:08:14.980 +0000",1762250894.980242,0.226013,-0.403366,-0.293213
"2025-11-04 10:08:14.990 +0000",1762250894.990223,0.248627,-0.389450,-0.306763
"2025-11-04 10:08:15.000 +0000",1762250895.000204,0.277161,-0.373306,-0.324585
"2025-11-04 10:08:15.010 +0000",1762250895.010185,0.303986,-0.390091,-0.349655
"2025-11-04 10:08:15.020 +0000",1762250895.020166,0.304718,-0.419937,-0.401382
"2025-11-04 10:08:15.030 +0000",1762250895.030148,0.254501,-0.442596,-0.553329
"2025-11-04 10:08:15.040 +0000",1762250895.040128,0.156982,-0.433792,-0.709396
"2025-11-04 10:08:15.050 +0000",1762250895.050109,0.076263,-0.433990,-0.763702
"2025-11-04 10:08:15.060 +0000",1762250895.060091,0.036865,-0.446198,-0.776123
"2025-11-04 10:08:15.070 +0000",1762250895.070072,0.035568,-0.468781,-0.763245
"2025-11-04 10:08:15.080 +0000",1762250895.080054,0.033600,-0.502335,-0.722351
"2025-11-04 10:08:15.090 +0000",1762250895.090035,0.031067,-0.549622,-0.693176
"2025-11-04 10:08:15.100 +0000",1762250895.100017,0.010162,-0.599243,-0.690689
"2025-11-04 10:08:15.110 +0000",1762250895.109997,-0.000305,-0.616928,-0.671066
"2025-11-04 10:08:15.120 +0000",1762250895.119978,-0.003693,-0.606750,-0.654663
"2025-11-04 10:08:15.130 +0000",1762250895.129959,0.001358,-0.645782,-0.650955
"2025-11-04 10:08:15.140 +0000",1762250895.139942,0.001434,-0.687225,-0.642761
"2025-11-04 10:08:15.150 +0000",1762250895.149922,-0.005692,-0.710403,-0.653198
"2025-11-04 10:08:15.160 +0000",1762250895.159903,0.008469,-0.732880,-0.672256
"2025-11-04 10:08:15.170 +0000",1762250895.169884,0.047974,-0.770004,-0.690155
"2025-11-04 10:08:15.180 +0000",1762250895.179867,0.075165,-0.797913,-0.688522
"2025-11-04 10:08:15.190 +0000",1762250895.189847,0.102921,-0.819702,-0.672058
"2025-11-04 10:08:15.200 +0000",1762250895.199828,0.121094,-0.857819,-0.672333
"2025-11-04 10:08:15.210 +0000",1762250895.209811,0.124374,-0.915939,-0.689285
"2025-11-04 10:08:15.220 +0000",1762250895.219792,0.138458,-0.979935,-0.717194
"2025-11-04 10:08:15.230 +0000",1762250895.229772,0.151093,-1.039734,-0.781631
"2025-11-04 10:08:15.240 +0000",1762250895.239753,0.163376,-1.089966,-0.873672
"2025-11-04 10:08:15.250 +0000",1762250895.249736,0.134079,-1.112610,-0.996979
"2025-11-04 10:08:15.260 +0000",1762250895.259716,0.107468,-1.111603,-1.068390
"2025-11-04 10:08:15.270 +0000",1762250895.269698,0.072281,-1.076340,-1.051910
"2025-11-04 10:08:15.280 +0000",1762250895.279678,0.033646,-1.006790,-0.947998
"2025-11-04 10:08:15.290 +0000",1762250895.289660,0.019028,-0.943939,-0.806107
"2025-11-04 10:08:15.300 +0000",1762250895.299642,0.014999,-0.878235,-0.663910
"2025-11-04 10:08:15.310 +0000",1762250895.309622,0.006653,-0.821960,-0.554825
"2025-11-04 10:08:15.320 +0000",1762250895.319604,0.023544,-0.799667,-0.473419
"2025-11-04 10:08:15.330 +0000",1762250895.329587,0.041626,-0.801514,-0.413467
"2025-11-04 10:08:15.340 +0000",1762250895.339566,0.034485,-0.791580,-0.403854
"2025-11-04 10:08:15.350 +0000",1762250895.349548,0.015549,-0.751282,-0.458679
"2025-11-04 10:08:15.360 +0000",1762250895.359530,-0.003906,-0.705841,-0.564133
"2025-11-04 10:08:15.370 +0000",1762250895.369511,0.004745,-0.666840,-0.644348
"2025-11-04 10:08:15.379 +0000",1762250895.379493,0.037949,-0.638168,-0.679764
"2025-11-04 10:08:15.389 +0000",1762250895.389472,0.063736,-0.598801,-0.705338
"2025-11-04 10:08:15.399 +0000",1762250895.399453,0.086472,-0.582443,-0.719315
"2025-11-04 10:08:15.409 +0000",1762250895.409436,0.104538,-0.587418,-0.715881
"2025-11-04 10:08:15.419 +0000",1762250895.419417,0.105682,-0.594467,-0.694229
"2025-11-04 10:08:15.429 +0000",1762250895.429398,0.086197,-0.621262,-0.674988
"2025-11-04 10:08:15.439 +0000",1762250895.439379,0.044891,-0.666504,-0.696609
"2025-11-04 10:08:15.449 +0000",1762250895.449362,0.019028,-0.717621,-0.730743
"2025-11-04 10:08:15.459 +0000",1762250895.459342,0.000031,-0.760040,-0.746811
"2025-11-04 10:08:15.469 +0000",1762250895.469323,-0.036972,-0.756317,-0.728516
"2025-11-04 10:08:15.479 +0000",1762250895.479305,-0.071884,-0.729004,-0.685486
"2025-11-04 10:08:15.489 +0000",1762250895.489286,-0.065231,-0.712708,-0.611343
"2025-11-04 10:08:15.499 +0000",1762250895.499267,-0.024979,-0.711075,-0.544144
"2025-11-04 10:08:15.509 +0000",1762250895.509248,0.024902,-0.730896,-0.499756
"2025-11-04 10:08:15.519 +0000",1762250895.519230,0.080109,-0.758072,-0.476974
"2025-11-04 10:08:15.529 +0000",1762250895.529211,0.130508,-0.774109,-0.456696
"2025-11-04 10:08:15.539 +0000",1762250895.539192,0.154068,-0.770370,-0.460861
"2025-11-04 10:08:15.549 +0000",1762250895.549172,0.157913,-0.753326,-0.492279
"2025-11-04 10:08:15.559 +0000",1762250895.559155,0.128876,-0.738922,-0.558792
"2025-11-04 10:08:15.569 +0000",1762250895.569136,0.109055,-0.726517,-0.599564
"2025-11-04 10:08:15.579 +0000",1762250895.579117,0.108261,-0.695419,-0.624191
"2025-11-04 10:08:15.589 +0000",1762250895.589098,0.126892,-0.677658,-0.638504
"2025-11-04 10:08:15.599 +0000",1762250895.599080,0.157700,-0.689590,-0.647751
"2025-11-04 10:08:15.609 +0000",1762250895.609062,0.172607,-0.713013,-0.677231
"2025-11-04 10:08:15.619 +0000",1762250895.619042,0.158981,-0.744522,-0.716721
"2025-11-04 10:08:15.629 +0000",1762250895.629023,0.139984,-0.777573,-0.759094
"2025-11-04 10:08:15.639 +0000",1762250895.639005,0.095627,-0.799774,-0.817657
"2025-11-04 10:08:15.649 +0000",1762250895.648986,0.042557,-0.824722,-0.870834
"2025-11-04 10:08:15.659 +0000",1762250895.658967,0.000656,-0.849106,-0.933899
"2025-11-04 10:08:15.669 +0000",1762250895.668947,-0.036972,-0.870209,-0.994675
"2025-11-04 10:08:15.679 +0000",1762250895.678930,-0.065414,-0.899124,-1.019684
"2025-11-04 10:08:15.689 +0000",1762250895.688911,-0.099686,-0.919693,-1.001587
"2025-11-04 10:08:15.699 +0000",1762250895.698892,-0.121750,-0.906052,-0.924637
"2025-11-04 10:08:15.709 +0000",1762250895.708873,-0.109543,-0.885986,-0.775162
"2025-11-04 10:08:15.719 +0000",1762250895.718854,-0.082520,-0.855728,-0.616608
"2025-11-04 10:08:15.729 +0000",1762250895.728836,-0.057404,-0.817993,-0.504150
"2025-11-04 10:08:15.739 +0000",1762250895.738817,-0.018417,-0.798218,-0.426010
"2025-11-04 10:08:15.749 +0000",1762250895.748798,0.050781,-0.797058,-0.373596
"2025-11-04 10:08:15.759 +0000",1762250895.758780,0.141037,-0.823059,-0.366104
"2025-11-04 10:08:15.769 +0000",1762250895.768760,0.169220,-0.833755,-0.406754
"2025-11-04 10:08:15.779 +0000",1762250895.778742,0.120270,-0.820694,-0.497803
"2025-11-04 10:08:15.789 +0000",1762250895.788724,0.047272,-0.803589,-0.610504
"2025-11-04 10:08:15.799 +0000",1762250895.798705,0.005203,-0.790344,-0.690292
"2025-11-04 10:08:15.809 +0000",1762250895.808686,-0.001495,-0.787598,-0.720047
"2025-11-04 10:08:15.819 +0000",1762250895.818667,0.017380,-0.782608,-0.726456
"2025-11-04 10:08:15.829 +0000",1762250895.828649,0.045563,-0.783813,-0.703644
"2025-11-04 10:08:15.839 +0000",1762250895.838629,0.081238,-0.770157,-0.634216
"2025-11-04 10:08:15.849 +0000",1762250895.848611,0.069061,-0.766891,-0.608383
"2025-11-04 10:08:15.859 +0000",1762250895.858592,0.030090,-0.787018,-0.608154
"2025-11-04 10:08:15.869 +0000",1762250895.868574,0.015732,-0.764374,-0.578552
"2025-11-04 10:08:15.879 +0000",1762250895.878555,-0.011292,-0.733032,-0.606461
"2025-11-04 10:08:15.889 +0000",1762250895.888536,-0.046753,-0.734421,-0.666779
"2025-11-04 10:08:15.899 +0000",1762250895.898516,-0.069351,-0.732208,-0.677216
"2025-11-04 10:08:15.908 +0000",1762250895.908499,-0.059311,-0.733963,-0.663467
"2025-11-04 10:08:15.918 +0000",1762250895.918479,-0.021637,-0.742065,-0.660904
"2025-11-04 10:08:15.928 +0000",1762250895.928461,0.039490,-0.757675,-0.649109
"2025-11-04 10:08:15.938 +0000",1762250895.938441,0.059402,-0.764908,-0.605804
"2025-11-04 10:08:15.948 +0000",1762250895.948423,0.044769,-0.794113,-0.528778
"2025-11-04 10:08:15.958 +0000",1762250895.958404,-0.064865,-0.820770,-0.456772
"2025-11-04 10:08:15.968 +0000",1762250895.968385,-0.151825,-0.828339,-0.447998
"2025-11-04 10:08:15.978 +0000",1762250895.978366,-0.199768,-0.829239,-0.457321
"2025-11-04 10:08:15.988 +0000",1762250895.988349,-0.199982,-0.833344,-0.538239
"2025-11-04 10:08:15.998 +0000",1762250895.998330,-0.158875,-0.847580,-0.646118
"2025-11-04 10:08:16.008 +0000",1762250896.008311,-0.141968,-0.826202,-0.714966
"2025-11-04 10:08:16.018 +0000",1762250896.018292,-0.059952,-0.811279,-0.675079
"2025-11-04 10:08:16.028 +0000",1762250896.028273,0.017090,-0.815399,-0.630966
"2025-11-04 10:08:16.038 +0000",1762250896.038255,0.085571,-0.800125,-0.634735
"2025-11-04 10:08:16.048 +0000",1762250896.048235,0.115921,-0.772842,-0.662354
"2025-11-04 10:08:16.058 +0000",1762250896.058217,0.131638,-0.736145,-0.670074
"2025-11-04 10:08:16.068 +0000",1762250896.068199,0.124069,-0.698410,-0.667114
"2025-11-04 10:08:16.078 +0000",1762250896.078180,0.105453,-0.666183,-0.674881
"2025-11-04 10:08:16.088 +0000",1762250896.088161,0.085815,-0.640793,-0.708160
"2025-11-04 10:08:16.098 +0000",1762250896.098143,0.060791,-0.649277,-0.738251
"2025-11-04 10:08:16.108 +0000",1762250896.108124,0.074814,-0.676086,-0.746460
"2025-11-04 10:08:16.118 +0000",1762250896.118104,0.088196,-0.714661,-0.772964
"2025-11-04 10:08:16.128 +0000",1762250896.128086,0.073425,-0.747604,-0.796402
"2025-11-04 10:08:16.138 +0000",1762250896.138068,0.039474,-0.762558,-0.823578
"2025-11-04 10:08:16.148 +0000",1762250896.148048,0.002014,-0.759598,-0.837921
"2025-11-04 10:08:16.158 +0000",1762250896.158031,-0.020538,-0.752243,-0.819778
"2025-11-04 10:08:16.168 +0000",1762250896.168011,-0.048264,-0.746368,-0.785599
"2025-11-04 10:08:16.178 +0000",1762250896.177992,-0.074936,-0.739502,-0.747116
"2025-11-04 10:08:16.188 +0000",1762250896.187974,-0.071716,-0.732285,-0.678940
"2025-11-04 10:08:16.198 +0000",1762250896.197955,-0.058594,-0.718323,-0.634277
"2025-11-04 10:08:16.208 +0000",1762250896.207935,-0.028854,-0.713562,-0.618301
"2025-11-04 10:08:16.218 +0000",1762250896.217917,-0.001694,-0.712402,-0.604736
"2025-11-04 10:08:16.228 +0000",1762250896.227898,0.009415,-0.729507,-0.591614
"2025-11-04 10:08:16.238 +0000",1762250896.237879,-0.024384,-0.771957,-0.586197
"2025-11-04 10:08:16.248 +0000",1762250896.247861,-0.093994,-0.786880,-0.613876
"2025-11-04 10:08:16.258 +0000",1762250896.257842,-0.209137,-0.716507,-0.683167
"2025-11-04 10:08:16.268 +0000",1762250896.267823,-0.197784,-0.724899,-0.688217
"2025-11-04 10:08:16.278 +0000",1762250896.277804,-0.219025,-0.724564,-0.694962
"2025-11-04 10:08:16.288 +0000",1762250896.287786,-0.110901,-0.819092,-0.901596
"2025-11-04 10:08:16.298 +0000",1762250896.297767,-0.112000,-0.791824,-1.005493
"2025-11-04 10:08:16.308 +0000",1762250896.307749,-0.202530,-0.697830,-0.993561
"2025-11-04 10:08:16.318 +0000",1762250896.317729,-0.327667,-0.637497,-0.922333
"2025-11-04 10:08:16.328 +0000",1762250896.327713,-0.425797,-0.610260,-0.839218
"2025-11-04 10:08:16.338 +0000",1762250896.337692,-0.360031,-0.623428,-0.821243
"2025-11-04 10:08:16.348 +0000",1762250896.347673,-0.209534,-0.753403,-0.836792
"2025-11-04 10:08:16.358 +0000",1762250896.357654,-0.150452,-0.814529,-0.874939
"2025-11-04 10:08:16.368 +0000",1762250896.367636,-0.189774,-0.765106,-0.929352
"2025-11-04 10:08:16.378 +0000",1762250896.377617,-0.314194,-0.670212,-0.949890
"2025-11-04 10:08:16.388 +0000",1762250896.387598,-0.356262,-0.596909,-0.877487
"2025-11-04 10:08:16.398 +0000",1762250896.397579,-0.313095,-0.601105,-0.840820
"2025-11-04 10:08:16.408 +0000",1762250896.407562,-0.327988,-0.609543,-0.878571
"2025-11-04 10:08:16.418 +0000",1762250896.417542,-0.398682,-0.568298,-0.843216
"2025-11-04 10:08:16.428 +0000",1762250896.427523,-0.434418,-0.506241,-0.728851
"2025-11-04 10:08:16.438 +0000",1762250896.437505,-0.447571,-0.463928,-0.544724
"2025-11-04 10:08:16.447 +0000",1762250896.447487,-0.364914,-0.460114,-0.459045
"2025-11-04 10:08:16.457 +0000",1762250896.457468,-0.297211,-0.482285,-0.490463
"2025-11-04 10:08:16.467 +0000",1762250896.467449,-0.325668,-0.508347,-0.505112
"2025-11-04 10:08:16.477 +0000",1762250896.477431,-0.264969,-0.512909,-0.477234
"2025-11-04 10:08:16.487 +0000",1762250896.487411,-0.208130,-0.474014,-0.406296
"2025-11-04 10:31:38.335 +0000",1762252298.334753,-0.269333,-0.411163,-0.357880
"2025-11-04 10:31:38.345 +0000",1762252298.344734,-0.276337,-0.379440,-0.277298
"2025-11-04 10:31:38.355 +0000",1762252298.354716,-0.289062,-0.334579,-0.134842
"2025-11-04 10:31:38.365 +0000",1762252298.364697,-0.284973,-0.317520,0.052628
"2025-11-04 10:31:38.375 +0000",1762252298.374678,-0.207550,-0.287170,0.133987
"2025-11-04 10:31:38.385 +0000",1762252298.384659,-0.122131,-0.288483,0.147095
"2025-11-04 10:31:38.395 +0000",1762252298.394641,-0.118103,-0.337891,0.190292
"2025-11-04 10:31:38.405 +0000",1762252298.404622,-0.099426,-0.335480,0.289673
"2025-11-04 10:31:38.415 +0000",1762252298.414603,-0.081802,-0.306061,0.363800
"2025-11-04 10:31:38.425 +0000",1762252298.424584,-0.048111,-0.268066,0.432312
"2025-11-04 10:31:38.435 +0000",1762252298.434566,0.013000,-0.260239,0.408203
"2025-11-04 10:31:38.445 +0000",1762252298.444547,-0.071564,-0.250748,0.284042
"2025-11-04 10:31:38.455 +0000",1762252298.454528,-0.177628,-0.182465,0.238220
"2025-11-04 10:31:38.465 +0000",1762252298.464509,-0.272690,-0.043594,0.172409
"2025-11-04 10:31:38.474 +0000",1762252298.474491,-0.402588,-0.135971,0.017365
"2025-11-04 10:31:38.484 +0000",1762252298.484472,-0.536652,-0.115738,-0.099548
"2025-11-04 10:31:38.494 +0000",1762252298.494453,-0.619415,-0.074203,-0.190353
"2025-11-04 10:31:38.504 +0000",1762252298.504433,-0.669540,-0.173187,-0.323029
"2025-11-04 10:31:38.514 +0000",1762252298.514416,-0.691055,-0.265091,-0.496643
"2025-11-04 10:31:38.524 +0000",1762252298.524397,-0.644547,-0.146378,-0.519806
"2025-11-04 10:31:38.534 +0000",1762252298.534378,-0.641144,0.027939,-0.438477
"2025-11-04 10:31:38.544 +0000",1762252298.544359,-0.579071,0.070389,-0.462234
"2025-11-04 10:31:38.554 +0000",1762252298.554341,-0.525162,-0.018143,-0.569122
"2025-11-04 10:31:38.564 +0000",1762252298.564322,-0.532806,-0.095123,-0.704636
"2025-11-04 10:31:38.574 +0000",1762252298.574303,-0.658676,-0.060379,-0.817993
"2025-11-04 10:31:38.584 +0000",1762252298.584285,-0.976135,-0.039627,-1.005707
"2025-11-04 10:31:38.594 +0000",1762252298.594266,-1.114594,-0.037354,-1.111740
"2025-11-04 10:31:38.604 +0000",1762252298.604246,-1.197052,-0.092728,-1.138000
"2025-11-04 10:31:38.614 +0000",1762252298.614228,-1.321167,-0.171646,-1.170380
"2025-11-04 10:31:38.624 +0000",1762252298.624210,-1.530350,-0.250076,-1.164352
"2025-11-04 10:31:38.634 +0000",1762252298.634191,-1.843628,-0.373886,-1.197815
"2025-11-04 10:31:38.644 +0000",1762252298.644172,-1.978912,-0.513107,-1.162643
"2025-11-04 10:31:38.654 +0000",1762252298.654153,-2.032684,-0.628952,-1.047455
"2025-11-04 10:31:38.664 +0000",1762252298.664135,-2.080734,-0.671982,-0.977722
"2025-11-04 10:31:38.674 +0000",1762252298.674116,-2.174469,-0.616028,-0.941772
"2025-11-04 10:31:38.684 +0000",1762252298.684097,-2.360535,-0.489716,-0.934845
"2025-11-04 10:31:38.694 +0000",1762252298.694078,-2.568909,-0.394852,-0.851639
"2025-11-04 10:31:38.704 +0000",1762252298.704060,-2.717056,-0.278961,-0.685547
"2025-11-04 10:31:38.714 +0000",1762252298.714041,-2.736237,-0.115128,-0.436890
"2025-11-04 10:31:38.724 +0000",1762252298.724022,-2.655777,-0.007095,-0.050797
"2025-11-04 10:31:38.734 +0000",1762252298.734003,-2.499985,0.019394,0.352478
"2025-11-04 10:31:38.744 +0000",1762252298.743985,-2.235580,0.030930,0.624924
"2025-11-04 10:31:38.754 +0000",1762252298.753966,-1.909729,0.066910,0.723434
"2025-11-04 10:31:38.764 +0000",1762252298.763947,-1.859299,0.109100,0.676010
"2025-11-04 10:31:38.774 +0000",1762252298.773929,-1.887222,0.212402,0.581177
"2025-11-04 10:31:38.784 +0000",1762252298.783910,-1.656891,0.417526,0.677963
"2025-11-04 10:31:38.794 +0000",1762252298.793891,-1.200623,0.599640,1.069748
"2025-11-04 10:31:38.804 +0000",1762252298.803872,-1.012344,0.317963,0.679367
"2025-11-04 10:31:38.814 +0000",1762252298.813854,-1.020828,0.337906,0.275726
"2025-11-04 10:31:38.824 +0000",1762252298.823834,-1.156189,0.296066,0.028214
"2025-11-04 10:31:38.834 +0000",1762252298.833816,-1.220810,0.268814,-0.229523
"2025-11-04 10:31:38.844 +0000",1762252298.843797,-1.252777,0.296280,-0.293274
"2025-11-04 10:31:38.854 +0000",1762252298.853779,-1.218887,0.306885,-0.361130
"2025-11-04 10:31:38.864 +0000",1762252298.863760,-1.167358,0.278366,-0.438248
"2025-11-04 10:31:38.874 +0000",1762252298.873740,-1.025772,0.277130,-0.582779
"2025-11-04 10:31:38.884 +0000",1762252298.883722,-0.833603,0.304626,-0.570251
"2025-11-04 10:31:38.894 +0000",1762252298.893704,-0.543167,0.241379,-0.325058
"2025-11-04 10:31:38.904 +0000",1762252298.903685,-0.381027,0.109863,-0.084747
"2025-11-04 10:31:38.914 +0000",1762252298.913666,-0.367889,-0.006592,0.018219
"2025-11-04 10:31:38.924 +0000",1762252298.923647,-0.481232,-0.068588,0.116394
"2025-11-04 10:31:38.934 +0000",1762252298.933629,-0.587112,-0.080704,0.309082
"2025-11-04 10:31:38.944 +0000",1762252298.943610,-0.626144,-0.093262,0.447861
"2025-11-04 10:31:38.954 +0000",1762252298.953591,-0.672577,-0.073517,0.499084
"2025-11-04 10:31:38.964 +0000",1762252298.963573,-0.768723,-0.037445,0.458313
"2025-11-04 10:31:38.974 +0000",1762252298.973554,-0.860489,0.084244,0.365952
"2025-11-04 10:31:38.984 +0000",1762252298.983535,-0.901093,0.249802,0.217880
"2025-11-04 10:31:38.994 +0000",1762252298.993516,-0.806473,0.408997,-0.021896
"2025-11-04 10:31:39.003 +0000",1762252299.003498,-0.861298,0.256027,0.116699
"2025-11-04 10:31:39.013 +0000",1762252299.013479,-0.926605,0.228714,0.387863
"2025-11-04 10:31:39.023 +0000",1762252299.023460,-1.035629,0.229370,0.414185
"2025-11-04 10:31:39.033 +0000",1762252299.033441,-1.147369,0.217148,0.332581
"2025-11-04 10:31:39.043 +0000",1762252299.043423,-1.223846,0.166245,0.338501
"2025-11-04 10:31:39.053 +0000",1762252299.053404,-1.286774,0.082550,0.340134
"2025-11-04 10:31:39.063 +0000",1762252299.063385,-1.229523,0.065155,0.400223
"2025-11-04 10:31:39.073 +0000",1762252299.073365,-1.070297,0.012329,0.528351
"2025-11-04 10:31:39.083 +0000",1762252299.083348,-0.966919,0.003296,0.592758
"2025-11-04 10:31:39.093 +0000",1762252299.093328,-0.940002,0.138123,0.548920
"2025-11-04 10:31:39.103 +0000",1762252299.103309,-0.895782,0.114105,0.164154
"2025-11-04 10:31:39.113 +0000",1762252299.113292,-0.915527,0.432602,-0.133347
"2025-11-04 10:31:39.123 +0000",1762252299.123273,-0.755234,0.643097,0.023514
"2025-11-04 10:31:39.133 +0000",1762252299.133254,-0.657455,0.642868,0.129822
"2025-11-04 10:31:39.143 +0000",1762252299.143235,-0.791321,0.503860,0.257095
"2025-11-04 10:31:39.153 +0000",1762252299.153216,-0.896835,0.410187,0.467316
"2025-11-04 10:31:39.163 +0000",1762252299.163198,-0.978683,0.296402,0.651138
"2025-11-04 10:31:39.173 +0000",1762252299.173178,-1.070251,0.121719,0.779938
"2025-11-04 10:31:39.183 +0000",1762252299.183160,-1.093460,-0.031326,0.849060
"2025-11-04 10:31:39.193 +0000",1762252299.193142,-1.017105,-0.099976,0.824799
"2025-11-04 10:31:39.203 +0000",1762252299.203122,-1.007172,-0.097717,0.787979
"2025-11-04 10:31:39.213 +0000",1762252299.213104,-1.090088,-0.036118,0.753845
"2025-11-04 10:31:39.223 +0000",1762252299.223085,-1.254654,0.132294,0.397400
"2025-11-04 10:31:39.233 +0000",1762252299.233067,-1.335571,0.275696,-0.000732
"2025-11-04 10:31:39.243 +0000",1762252299.243047,-1.209137,0.263977,0.213745
"2025-11-04 10:31:39.253 +0000",1762252299.253028,-1.140823,0.130173,0.323883
"2025-11-04 10:31:39.263 +0000",1762252299.263011,-1.177383,-0.094696,-0.006592
"2025-11-04 10:31:39.273 +0000",1762252299.272992,-1.019150,-0.148529,-0.020157
"2025-11-04 10:31:39.283 +0000",1762252299.282972,-0.872528,-0.020050,0.087723
"2025-11-04 10:31:39.293 +0000",1762252299.292953,-0.985260,0.091644,0.202072
"2025-11-04 10:31:39.303 +0000",1762252299.302936,-1.094681,0.198456,0.298782
"2025-11-04 10:31:39.313 +0000",1762252299.312917,-1.120636,0.230438,0.322403
"2025-11-04 10:31:39.323 +0000",1762252299.322898,-1.007065,0.244583,0.383438
"2025-11-04 10:31:39.333 +0000",1762252299.332879,-0.778168,0.287216,0.518921
"2025-11-04 10:31:39.343 +0000",1762252299.342861,-0.679382,0.241745,0.617615
"2025-11-04 10:31:39.353 +0000",1762252299.352842,-0.725967,0.355835,0.579803
"2025-11-04 10:31:39.363 +0000",1762252299.362823,-0.801636,0.548828,0.379059
"2025-11-04 10:31:39.373 +0000",1762252299.372804,-0.832016,0.649567,0.237030
"2025-11-04 10:31:39.383 +0000",1762252299.382786,-0.888992,0.693817,0.255463
"2025-11-04 10:31:39.393 +0000",1762252299.392766,-1.060959,0.683716,0.325790
"2025-11-04 10:31:39.403 +0000",1762252299.402748,-1.160614,0.574615,0.300461
"2025-11-04 10:31:39.413 +0000",1762252299.412729,-1.122528,0.412979,0.350906
"2025-11-04 10:31:39.423 +0000",1762252299.422710,-1.089157,0.301132,0.528717
"2025-11-04 10:31:39.433 +0000",1762252299.432692,-1.056961,0.313538,0.694031
"2025-11-04 10:31:39.443 +0000",1762252299.442673,-1.131058,0.370880,0.746902
"2025-11-04 10:31:39.453 +0000",1762252299.452654,-1.281799,0.449326,0.497864
"2025-11-04 10:31:39.463 +0000",1762252299.462636,-1.144562,0.540436,0.081848
"2025-11-04 10:31:39.473 +0000",1762252299.472617,-0.967758,0.605545,-0.347214
"2025-11-04 10:31:39.483 +0000",1762252299.482599,-0.844818,0.587646,-0.607834
"2025-11-04 10:31:39.493 +0000",1762252299.492580,-0.681931,0.515381,-0.635757
"2025-11-04 10:31:39.503 +0000",1762252299.502561,-0.515747,0.490860,-0.582687
"2025-11-04 10:31:39.513 +0000",1762252299.512542,-0.439865,0.499802,-0.557114
"2025-11-04 10:31:39.523 +0000",1762252299.522523,-0.440567,0.446960,-0.484665
"2025-11-04 10:31:39.533 +0000",1762252299.532505,-0.416595,0.379593,-0.271423
"2025-11-04 10:31:39.542 +0000",1762252299.542486,-0.301483,0.253189,-0.010620
"2025-11-04 10:31:39.552 +0000",1762252299.552466,-0.145432,0.166306,0.209427
"2025-11-04 10:31:39.562 +0000",1762252299.562449,-0.160431,0.249557,0.243011
"2025-11-04 10:31:39.572 +0000",1762252299.572430,-0.370346,0.318771,0.107590
"2025-11-04 10:31:39.582 +0000",1762252299.582411,-0.552521,0.396942,-0.026642
"2025-11-04 10:31:39.592 +0000",1762252299.592393,-0.716949,0.466064,0.158401
"2025-11-04 10:31:39.602 +0000",1762252299.602374,-0.884506,0.414566,0.028259
"2025-11-04 10:31:39.612 +0000",1762252299.612355,-0.892365,0.272644,-0.995361
"2025-11-04 10:31:39.622 +0000",1762252299.622336,-0.844589,0.472153,-0.703522
"2025-11-04 10:31:39.632 +0000",1762252299.632318,-0.678833,0.572098,-0.040924
"2025-11-04 10:31:39.642 +0000",1762252299.642298,-0.535080,0.627274,0.238266
"2025-11-04 10:31:39.652 +0000",1762252299.652279,-0.795624,0.719437,0.321854
"2025-11-04 10:31:39.662 +0000",1762252299.662261,-0.993378,0.614868,0.442444
"2025-11-04 10:31:39.672 +0000",1762252299.672243,-1.203888,0.463455,0.883743
"2025-11-04 10:31:39.682 +0000",1762252299.682224,-1.237823,0.240021,1.026627
"2025-11-04 10:31:39.692 +0000",1762252299.692204,-1.062515,0.174011,0.842834
"2025-11-04 10:31:39.702 +0000",1762252299.702186,-0.919876,0.194702,0.699097
"2025-11-04 10:31:39.712 +0000",1762252299.712167,-0.812866,0.165588,0.557785
"2025-11-04 10:31:39.722 +0000",1762252299.722149,-0.786621,0.220764,0.486832
"2025-11-04 10:31:39.732 +0000",1762252299.732130,-0.721252,0.289215,0.295425
"2025-11-04 10:31:39.742 +0000",1762252299.742112,-0.632034,0.265396,-0.158722
"2025-11-04 10:31:39.752 +0000",1762252299.752093,-0.596405,0.270706,-0.541397
"2025-11-04 10:31:39.762 +0000",1762252299.762073,-0.713501,0.318817,-0.817307
"2025-11-04 10:31:39.772 +0000",1762252299.772056,-0.974518,0.317169,-1.052505
"2025-11-04 10:31:39.782 +0000",1762252299.782037,-1.264450,0.223694,-1.161865
"2025-11-04 10:31:39.792 +0000",1762252299.792018,-1.459732,0.083466,-1.041443
"2025-11-04 10:31:39.802 +0000",1762252299.801998,-1.638580,-0.025482,-0.653732
"2025-11-04 10:31:39.812 +0000",1762252299.811980,-1.714172,-0.140045,-0.008545
"2025-11-04 10:31:39.822 +0000",1762252299.821961,-1.661545,-0.301193,0.478424
"2025-11-04 10:31:39.832 +0000",1762252299.831942,-1.528824,-0.517838,0.614563
"2025-11-04 10:31:39.842 +0000",1762252299.841924,-1.368866,-0.759628,0.623825
"2025-11-04 10:31:39.852 +0000",1762252299.851906,-1.340256,-0.880920,0.474350
"2025-11-04 10:31:39.862 +0000",1762252299.861887,-1.374649,-0.756165,0.332047
"2025-11-04 10:31:39.872 +0000",1762252299.871867,-1.565308,-0.369919,0.239761
"2025-11-04 10:31:39.882 +0000",1762252299.881849,-1.794235,-0.367783,0.406265
"2025-11-04 10:31:39.892 +0000",1762252299.891830,-1.655579,-0.397461,0.397446
"2025-11-04 10:31:39.902 +0000",1762252299.901811,-1.573593,-0.255081,0.405624
"2025-11-04 10:31:39.912 +0000",1762252299.911794,-1.479584,-0.175751,0.371033
"2025-11-04 10:31:39.922 +0000",1762252299.921775,-1.424026,-0.083298,0.255646
"2025-11-04 10:31:39.932 +0000",1762252299.931756,-1.405060,0.011688,0.019775
"2025-11-04 10:31:39.942 +0000",1762252299.941737,-1.251617,0.038895,-0.167313
"2025-11-04 10:31:39.952 +0000",1762252299.951719,-1.075684,0.055206,-0.190735
"2025-11-04 10:31:39.962 +0000",1762252299.961700,-0.916275,0.105957,-0.134903
"2025-11-04 10:31:39.972 +0000",1762252299.971681,-0.713135,0.148483,-0.076797
"2025-11-04 10:31:39.982 +0000",1762252299.981663,-0.511719,0.316467,-0.043137
"2025-11-04 10:31:39.992 +0000",1762252299.991644,-0.432404,0.422485,0.050949
"2025-11-04 10:31:40.002 +0000",1762252300.001625,-0.499100,0.345535,0.104980
"2025-11-04 10:31:40.012 +0000",1762252300.011605,-0.519943,0.360168,0.208862
"2025-11-04 10:31:40.022 +0000",1762252300.021587,-0.510101,0.419449,0.174500
"2025-11-04 10:31:40.032 +0000",1762252300.031569,-0.479279,0.463013,0.150421
"2025-11-04 10:31:40.042 +0000",1762252300.041549,-0.528641,0.440170,0.197571
"2025-11-04 10:31:40.052 +0000",1762252300.051532,-0.595001,0.404572,0.356689
"2025-11-04 10:31:40.062 +0000",1762252300.061513,-0.641724,0.573242,0.464767
"2025-11-04 10:31:40.071 +0000",1762252300.071494,-0.562683,0.279190,0.571289
"2025-11-04 10:31:40.081 +0000",1762252300.081475,-0.675873,-0.021088,0.594696
"2025-11-04 10:31:40.091 +0000",1762252300.091456,-0.857407,0.053665,0.610168
"2025-11-04 10:31:40.101 +0000",1762252300.101437,-0.975311,0.090012,0.449524
"2025-11-04 10:31:40.111 +0000",1762252300.111419,-1.057327,0.030411,0.025696
"2025-11-04 10:31:40.121 +0000",1762252300.121401,-1.090744,0.690475,-0.019241
"2025-11-04 10:31:40.131 +0000",1762252300.131382,-1.015228,0.444077,0.009232
"2025-11-04 10:31:40.141 +0000",1762252300.141362,-0.999435,0.288467,0.334229
"2025-11-04 10:31:40.151 +0000",1762252300.151343,-1.091400,0.067459,0.499725
"2025-11-04 10:31:40.161 +0000",1762252300.161326,-1.375137,-0.015671,0.464493
"2025-11-04 10:31:40.171 +0000",1762252300.171307,-1.608963,-0.011734,0.289108
"2025-11-04 10:31:40.181 +0000",1762252300.181288,-1.654312,0.083450,0.026505
"2025-11-04 10:31:40.191 +0000",1762252300.191270,-1.486313,0.273666,0.139999
"2025-11-04 10:31:40.201 +0000",1762252300.201251,-1.451172,0.294785,0.332260
"2025-11-04 10:31:40.211 +0000",1762252300.211232,-1.313461,0.290375,0.449875
"2025-11-04 10:31:40.221 +0000",1762252300.221213,-1.101852,0.104431,0.387665
"2025-11-04 10:31:40.231 +0000",1762252300.231195,-1.035355,0.131119,0.072266
"2025-11-04 10:31:40.241 +0000",1762252300.241176,-0.887589,0.347595,0.253708
"2025-11-04 10:31:40.251 +0000",1762252300.251157,-0.803467,0.501129,0.649261
"2025-11-04 10:31:40.261 +0000",1762252300.261139,-0.926559,0.417938,0.725098
"2025-11-04 10:31:40.271 +0000",1762252300.271120,-1.013046,0.315887,0.731934
"2025-11-04 10:31:40.281 +0000",1762252300.281101,-1.042908,0.349319,0.747437
"2025-11-04 10:31:40.291 +0000",1762252300.291081,-1.085007,0.339371,0.832245
"2025-11-04 10:31:40.301 +0000",1762252300.301063,-1.168182,0.331024,0.954178
"2025-11-04 10:31:40.311 +0000",1762252300.311045,-1.212936,0.443985,0.992096
"2025-11-04 10:31:40.321 +0000",1762252300.321026,-1.361267,0.566269,0.800430
"2025-11-04 10:31:40.331 +0000",1762252300.331008,-1.340836,0.552811,0.345840
"2025-11-04 10:31:40.341 +0000",1762252300.340989,-0.790649,0.031128,-0.154709
"2025-11-04 10:31:40.351 +0000",1762252300.350970,-0.430771,-0.158981,-0.243607
"2025-11-04 10:31:40.361 +0000",1762252300.360952,-0.317505,0.031052,-0.153061
"2025-11-04 10:31:40.371 +0000",1762252300.370932,-0.201340,0.289932,-0.161865
"2025-11-04 10:31:40.381 +0000",1762252300.380913,-0.087784,0.465775,-0.182205
"2025-11-04 10:31:40.391 +0000",1762252300.390895,-0.001282,0.648499,-0.259033
"2025-11-04 10:31:40.401 +0000",1762252300.400877,-0.104523,0.693619,-0.180008
"2025-11-04 10:31:40.411 +0000",1762252300.410858,-0.603226,0.516098,0.063553
"2025-11-04 10:31:40.421 +0000",1762252300.420838,-1.028290,0.413116,0.250244
"2025-11-04 10:31:40.431 +0000",1762252300.430820,-1.095566,0.561630,0.543152
"2025-11-04 10:31:40.441 +0000",1762252300.440802,-0.995697,0.835693,0.797073
"2025-11-04 10:31:40.451 +0000",1762252300.450782,-0.803207,0.908096,0.612503
"2025-11-04 10:31:40.461 +0000",1762252300.460764,-0.594238,0.812393,0.307327
"2025-11-04 10:31:40.471 +0000",1762252300.470746,-0.384338,0.617630,0.120758
"2025-11-04 10:31:40.481 +0000",1762252300.480726,-0.176224,0.421478,-0.038116
"2025-11-04 10:31:40.491 +0000",1762252300.490708,-0.175949,0.384094,-0.227249
"2025-11-04 10:31:40.501 +0000",1762252300.500690,-0.260757,0.500381,-0.287567
"2025-11-04 10:31:40.511 +0000",1762252300.510671,-0.532745,0.697586,-0.350571
"2025-11-04 10:31:40.521 +0000",1762252300.520652,-0.819473,0.775101,-0.252686
"2025-11-04 10:31:40.531 +0000",1762252300.530633,-1.055435,0.768295,-0.119171
"2025-11-04 10:31:40.541 +0000",1762252300.540615,-1.128174,0.710724,0.086060
"2025-11-04 10:31:40.551 +0000",1762252300.550596,-0.990051,0.592163,0.267395
"2025-11-04 10:31:40.561 +0000",1762252300.560577,-0.624008,0.489197,0.404144
"2025-11-04 10:31:40.571 +0000",1762252300.570559,-0.290695,0.475922,0.471878
"2025-11-04 10:31:40.581 +0000",1762252300.580540,-0.116058,0.448990,0.354248
"2025-11-04 10:31:40.591 +0000",1762252300.590520,0.114685,0.487122,0.255051
"2025-11-04 10:31:40.601 +0000",1762252300.600503,0.220764,0.493286,0.136078
"2025-11-04 10:31:40.610 +0000",1762252300.610484,0.185989,0.543716,0.038208
"2025-11-04 10:31:40.620 +0000",1762252300.620465,-0.059555,0.650726,0.154922
"2025-11-04 10:31:40.630 +0000",1762252300.630445,-0.231964,0.702316,0.345169
"2025-11-04 10:31:40.640 +0000",1762252300.640428,-0.276535,0.716049,0.480209
"2025-11-04 10:31:40.650 +0000",1762252300.650409,-0.217651,0.740723,0.672638
"2025-11-04 10:31:40.660 +0000",1762252300.660390,-0.027222,0.798615,0.733597
"2025-11-04 10:31:40.670 +0000",1762252300.670372,0.149872,0.980789,0.689575
"2025-11-04 10:31:40.680 +0000",1762252300.680352,-0.003281,1.854034,0.303223
"2025-11-04 10:31:40.690 +0000",1762252300.690333,-0.339676,2.654007,-0.144409
"2025-11-04 10:31:40.700 +0000",1762252300.700315,-0.290421,2.447052,-0.081924
"2025-11-04 10:31:40.710 +0000",1762252300.710297,0.143356,1.930893,0.212418
"2025-11-04 10:31:40.720 +0000",1762252300.720278,0.344376,1.433121,0.358704
"2025-11-04 10:31:40.730 +0000",1762252300.730259,0.234009,1.364609,0.309067
"2025-11-04 10:31:40.740 +0000",1762252300.740240,-0.156876,1.226212,0.089111
"2025-11-04 10:31:40.750 +0000",1762252300.750222,-0.415558,0.915710,0.024460
"2025-11-04 10:31:40.760 +0000",1762252300.760203,-0.075821,0.887878,0.153351
"2025-11-04 10:31:40.770 +0000",1762252300.770185,0.256790,0.966629,0.236008
"2025-11-04 10:31:40.780 +0000",1762252300.780166,0.396469,0.916245,0.178848
"2025-11-04 10:31:40.790 +0000",1762252300.790147,0.349747,0.805588,0.060699
"2025-11-04 10:31:40.800 +0000",1762252300.800128,0.317886,0.859131,-0.417496
"2025-11-04 10:31:40.810 +0000",1762252300.810109,0.373779,1.007217,-0.827423
"2025-11-04 10:31:40.820 +0000",1762252300.820090,0.433929,0.907227,-0.456238
"2025-11-04 10:31:40.830 +0000",1762252300.830072,0.496429,0.824844,-0.222229
"2025-11-04 10:31:40.840 +0000",1762252300.840054,0.403397,0.620453,-0.098221
"2025-11-04 10:31:40.850 +0000",1762252300.850035,0.440308,0.376587,-0.008316
"2025-11-04 10:31:40.860 +0000",1762252300.860015,0.537888,0.430756,0.116531
"2025-11-04 10:31:40.870 +0000",1762252300.869997,0.465271,0.579956,0.287384
"2025-11-04 10:31:40.880 +0000",1762252300.879979,0.137665,0.389496,0.130936
"2025-11-04 10:31:40.890 +0000",1762252300.889960,-0.100769,0.314423,-0.212662
"2025-11-04 10:31:40.900 +0000",1762252300.899941,0.139297,0.623993,-0.319595
"2025-11-04 10:31:40.910 +0000",1762252300.909923,0.546356,1.144928,-0.152878
"2025-11-04 10:31:40.920 +0000",1762252300.919904,0.629211,1.542648,0.078613
"2025-11-04 10:31:40.930 +0000",1762252300.929885,0.663818,1.576706,0.147675
"2025-11-04 10:31:40.940 +0000",1762252300.939867,0.740692,1.319305,0.124710
"2025-11-04 10:31:40.950 +0000",1762252300.949848,0.739655,1.077927,0.147736
"2025-11-04 10:31:40.960 +0000",1762252300.959829,0.909531,1.020828,0.106079
"2025-11-04 10:31:40.970 +0000",1762252300.969810,0.497406,0.892838,-0.107788
"2025-11-04 10:31:40.980 +0000",1762252300.979791,0.301956,1.018845,-0.120743
"2025-11-04 10:31:40.990 +0000",1762252300.989773,0.486115,0.902176,-0.087540
"2025-11-04 10:31:41.000 +0000",1762252300.999754,0.561707,0.777130,-0.104294
"2025-11-04 10:31:41.010 +0000",1762252301.009736,0.396149,0.655991,-0.091339
"2025-11-04 10:31:41.020 +0000",1762252301.019717,0.270737,0.649765,-0.022842
"2025-11-04 10:31:41.030 +0000",1762252301.029698,0.327805,0.776474,0.024857
"2025-11-04 10:31:41.040 +0000",1762252301.039680,0.506592,0.941376,0.102310
"2025-11-04 10:31:41.050 +0000",1762252301.049661,0.411865,0.992294,0.135376
"2025-11-04 10:31:41.060 +0000",1762252301.059641,0.504120,1.029648,0.006073
"2025-11-04 10:31:41.070 +0000",1762252301.069623,0.497284,0.918304,-0.138184
"2025-11-04 10:31:41.080 +0000",1762252301.079605,0.518570,0.940567,0.001617
"2025-11-04 10:31:41.090 +0000",1762252301.089585,0.608307,1.103485,0.023529
"2025-11-04 10:31:41.100 +0000",1762252301.099567,0.556671,1.058151,0.166901
"2025-11-04 10:31:41.110 +0000",1762252301.109549,0.406662,0.932190,0.201691
"2025-11-04 10:31:41.120 +0000",1762252301.119530,0.353271,0.754150,0.173416
"2025-11-04 10:31:41.130 +0000",1762252301.129511,0.361053,0.590958,0.141235
"2025-11-04 10:31:41.139 +0000",1762252301.139491,0.436661,0.671906,-0.124710
"2025-11-04 10:31:41.149 +0000",1762252301.149474,0.566193,0.895096,-0.016525
"2025-11-04 10:31:41.159 +0000",1762252301.159455,0.405228,0.866150,0.175201
"2025-11-04 10:31:41.169 +0000",1762252301.169436,0.425629,0.912659,-0.034622
"2025-11-04 10:31:41.179 +0000",1762252301.179418,0.673157,1.104935,-0.078156
"2025-11-04 10:31:41.189 +0000",1762252301.189399,0.530533,1.122910,0.156464
"2025-11-04 10:31:41.199 +0000",1762252301.199380,0.316635,1.078278,-0.018158
"2025-11-04 10:31:41.209 +0000",1762252301.209362,0.391556,1.035187,-0.032150
"2025-11-04 10:31:41.219 +0000",1762252301.219342,0.379654,0.916214,0.067795
"2025-11-04 10:31:41.229 +0000",1762252301.229324,0.392487,0.837189,0.068817
"2025-11-04 10:31:41.239 +0000",1762252301.239305,0.373245,0.796814,0.042282
"2025-11-04 10:31:41.249 +0000",1762252301.249287,0.352676,0.780533,0.026871
"2025-11-04 10:31:41.259 +0000",1762252301.259268,0.354614,0.766830,0.016815
"2025-11-04 10:31:41.269 +0000",1762252301.269248,0.362198,0.733856,0.001907
"2025-11-04 10:31:41.279 +0000",1762252301.279231,0.358566,0.686356,0.026428
"2025-11-04 10:31:41.289 +0000",1762252301.289212,0.334442,0.623093,0.075211
"2025-11-04 10:31:41.299 +0000",1762252301.299193,0.294876,0.601212,0.115753
"2025-11-04 10:31:41.309 +0000",1762252301.309175,0.266922,0.632950,0.124924
"2025-11-04 10:31:41.319 +0000",1762252301.319156,0.304977,0.637939,0.114304
"2025-11-04 10:31:41.329 +0000",1762252301.329137,0.324463,0.657516,0.038300
"2025-11-04 10:31:41.339 +0000",1762252301.339118,0.317581,0.815826,-0.000351
"2025-11-04 10:31:41.349 +0000",1762252301.349100,0.324829,0.957382,0.080414
"2025-11-04 10:31:41.359 +0000",1762252301.359081,0.336609,0.959946,0.173447
"2025-11-04 10:31:41.369 +0000",1762252301.369062,0.351669,0.953812,0.079178
"2025-11-04 10:31:41.379 +0000",1762252301.379044,0.326263,0.961609,0.013092
"2025-11-04 10:31:41.389 +0000",1762252301.389025,0.351440,1.021317,0.032913
"2025-11-04 10:31:41.399 +0000",1762252301.399007,0.398911,1.092453,0.036606
"2025-11-04 10:31:41.409 +0000",1762252301.408988,0.394821,1.111221,0.012222
"2025-11-04 10:31:41.419 +0000",1762252301.418968,0.367920,1.116318,-0.013107
"2025-11-04 10:31:41.429 +0000",1762252301.428949,0.391983,1.157974,-0.028229
"2025-11-04 10:31:41.439 +0000",1762252301.438931,0.431061,1.180038,-0.015228
"2025-11-04 10:31:41.449 +0000",1762252301.448913,0.390823,1.153214,-0.019119
"2025-11-04 10:31:41.459 +0000",1762252301.458894,0.364273,1.052826,-0.084518
"2025-11-04 10:31:41.469 +0000",1762252301.468875,0.376297,0.907532,-0.059769
"2025-11-04 10:31:41.479 +0000",1762252301.478857,0.365753,0.872772,-0.056259
"2025-11-04 10:31:41.489 +0000",1762252301.488838,0.373535,0.881683,-0.024857
"2025-11-04 10:31:41.499 +0000",1762252301.498819,0.390625,0.905746,0.094574
"2025-11-04 10:31:41.509 +0000",1762252301.508801,0.408096,0.925430,0.176041
"2025-11-04 10:31:41.519 +0000",1762252301.518781,0.394669,0.908371,0.086014
"2025-11-04 10:31:41.529 +0000",1762252301.528763,0.390747,0.909393,-0.090622
"2025-11-04 10:31:41.539 +0000",1762252301.538744,0.420242,0.933731,-0.103561
"2025-11-04 10:31:41.549 +0000",1762252301.548726,0.414352,0.936691,-0.057404
"2025-11-04 10:31:41.559 +0000",1762252301.558707,0.397125,0.918610,-0.028748
"2025-11-04 10:31:41.569 +0000",1762252301.568688,0.382828,0.872742,0.008652
"2025-11-04 10:31:41.579 +0000",1762252301.578670,0.364182,0.865433,0.031555
"2025-11-04 10:31:41.589 +0000",1762252301.588651,0.306961,0.874573,0.028381
"2025-11-04 10:31:41.599 +0000",1762252301.598632,0.259171,0.885513,-0.009995
"2025-11-04 10:31:41.609 +0000",1762252301.608613,0.295776,0.885483,-0.034393
"2025-11-04 10:31:41.619 +0000",1762252301.618596,0.363144,0.914581,0.040237
"2025-11-04 10:31:41.629 +0000",1762252301.628576,0.377640,0.985138,0.143326
"2025-11-04 10:31:41.639 +0000",1762252301.638557,0.381683,1.056976,0.174622
"2025-11-04 10:31:41.649 +0000",1762252301.648539,0.383163,1.084122,0.108627
"2025-11-04 10:31:41.659 +0000",1762252301.658520,0.400375,1.073898,0.034683
"2025-11-04 10:31:41.669 +0000",1762252301.668501,0.390198,0.992737,0.046387
"2025-11-04 10:31:41.678 +0000",1762252301.678482,0.387497,0.869598,0.065811
"2025-11-04 10:31:41.688 +0000",1762252301.688464,0.400604,0.787766,0.067825
"2025-11-04 10:31:41.698 +0000",1762252301.698445,0.379379,0.790115,0.090378
"2025-11-04 10:31:41.708 +0000",1762252301.708426,0.325897,0.849518,0.137253
"2025-11-04 10:31:41.718 +0000",1762252301.718408,0.246872,0.962921,0.185715
"2025-11-04 10:31:41.728 +0000",1762252301.728389,0.187164,1.031509,0.107285
"2025-11-04 10:31:41.738 +0000",1762252301.738370,0.203156,1.063858,-0.035706
"2025-11-04 10:31:41.748 +0000",1762252301.748352,0.269547,1.036835,-0.070053
"2025-11-04 10:31:41.758 +0000",1762252301.758333,0.310013,0.968552,-0.057495
"2025-11-04 10:31:41.768 +0000",1762252301.768314,0.377213,0.905685,0.019394
"2025-11-04 10:31:41.778 +0000",1762252301.778296,0.428223,0.890701,0.091461
"2025-11-04 10:31:41.788 +0000",1762252301.788277,0.373047,0.913361,0.096481
"2025-11-04 10:31:41.798 +0000",1762252301.798258,0.364243,0.890884,0.112869
"2025-11-04 10:31:41.808 +0000",1762252301.808239,0.393204,0.842133,0.067032
"2025-11-04 10:31:41.818 +0000",1762252301.818221,0.392807,0.812164,0.029724
"2025-11-04 10:31:41.828 +0000",1762252301.828202,0.381149,0.771988,0.029007
"2025-11-04 10:31:41.838 +0000",1762252301.838183,0.388535,0.779495,0.056229
"2025-11-04 10:31:41.848 +0000",1762252301.848165,0.396378,0.868073,0.078720
"2025-11-04 10:31:41.858 +0000",1762252301.858146,0.382980,0.969284,0.074554
"2025-11-04 10:31:41.868 +0000",1762252301.868127,0.363449,0.983246,0.063370
"2025-11-04 10:31:41.878 +0000",1762252301.878109,0.334351,0.908951,0.031143
"2025-11-04 10:31:41.888 +0000",1762252301.888089,0.332840,0.831009,0.025864
"2025-11-04 10:31:41.898 +0000",1762252301.898071,0.350662,0.815140,0.029755
"2025-11-04 10:31:41.908 +0000",1762252301.908052,0.333481,0.841888,0.012207
"2025-11-04 10:31:41.918 +0000",1762252301.918034,0.325577,0.864059,0.000549
"2025-11-04 10:31:41.928 +0000",1762252301.928015,0.316025,0.920837,0.033936
"2025-11-04 10:31:41.938 +0000",1762252301.937996,0.288406,0.969543,0.071365
"2025-11-04 10:31:41.948 +0000",1762252301.947978,0.278137,0.977814,0.062561
"2025-11-04 10:31:41.958 +0000",1762252301.957959,0.336868,0.946655,0.058456
"2025-11-04 10:31:41.968 +0000",1762252301.967940,0.370041,0.910522,0.072647
"2025-11-04 10:31:41.978 +0000",1762252301.977922,0.353561,0.895828,0.079147
"2025-11-04 10:31:41.988 +0000",1762252301.987903,0.377686,0.912567,0.067429
"2025-11-04 10:31:41.998 +0000",1762252301.997884,0.409042,0.926956,-0.003250
"2025-11-04 10:31:42.008 +0000",1762252302.007865,0.414734,0.926239,-0.013977
"2025-11-04 10:31:42.018 +0000",1762252302.017847,0.381149,0.950272,0.035645
"2025-11-04 10:31:42.028 +0000",1762252302.027827,0.296387,0.968506,0.015549
"2025-11-04 10:31:42.038 +0000",1762252302.037808,0.280685,0.954666,-0.045410
"2025-11-04 10:31:42.048 +0000",1762252302.047791,0.301147,0.983093,0.023605
"2025-11-04 10:31:42.058 +0000",1762252302.057772,0.305923,1.041412,0.101624
"2025-11-04 10:31:42.068 +0000",1762252302.067753,0.311127,1.059128,0.073669
"2025-11-04 10:31:42.078 +0000",1762252302.077734,0.358490,0.981873,0.004456
"2025-11-04 10:31:42.088 +0000",1762252302.087716,0.370743,0.896271,-0.031464
"2025-11-04 10:31:42.098 +0000",1762252302.097697,0.345596,0.871124,-0.033218
"2025-11-04 10:31:42.108 +0000",1762252302.107678,0.335251,0.894836,-0.008545
"2025-11-04 10:31:42.118 +0000",1762252302.117660,0.365707,0.928070,0.064041
"2025-11-04 10:31:42.128 +0000",1762252302.127641,0.315948,0.984909,0.076294
"2025-11-04 10:31:42.138 +0000",1762252302.137622,0.291916,0.999466,0.092758
"2025-11-04 10:31:42.148 +0000",1762252302.147604,0.331924,0.982315,0.083908
"2025-11-04 10:31:42.158 +0000",1762252302.157585,0.402573,0.968170,0.105011
"2025-11-04 10:31:42.168 +0000",1762252302.167566,0.401688,0.989609,0.132202
"2025-11-04 10:31:42.178 +0000",1762252302.177547,0.337601,0.980865,0.011703
"2025-11-04 10:31:42.188 +0000",1762252302.187528,0.292267,0.938492,-0.061981
"2025-11-04 10:31:42.198 +0000",1762252302.197510,0.309723,0.886887,-0.119110
"2025-11-04 10:31:42.207 +0000",1762252302.207491,0.317200,0.838791,-0.087814
"2025-11-04 10:31:42.217 +0000",1762252302.217473,0.261230,0.944305,0.097748
"2025-11-04 10:31:42.227 +0000",1762252302.227453,0.242386,1.037857,0.028580
"2025-11-04 10:31:42.237 +0000",1762252302.237434,0.260406,1.064713,0.021912
"2025-11-04 10:31:42.247 +0000",1762252302.247417,0.299393,1.027054,0.075089
"2025-11-04 10:31:42.257 +0000",1762252302.257397,0.346588,0.949142,-0.067886
"2025-11-04 10:31:42.267 +0000",1762252302.267379,0.397446,0.872818,-0.102539
"2025-11-04 10:31:42.277 +0000",1762252302.277359,0.366409,0.827744,-0.025848
"2025-11-04 10:31:42.287 +0000",1762252302.287341,0.320877,0.815536,-0.030701
"2025-11-04 10:31:42.297 +0000",1762252302.297323,0.308716,0.820862,-0.045242
"2025-11-04 10:31:42.307 +0000",1762252302.307303,0.314346,0.830856,-0.002609
"2025-11-04 10:31:42.317 +0000",1762252302.317286,0.287003,0.851883,0.051987
"2025-11-04 10:31:42.327 +0000",1762252302.327267,0.260620,0.923309,0.125473
"2025-11-04 10:31:42.337 +0000",1762252302.337248,0.270065,0.974747,0.165787
"2025-11-04 10:31:42.347 +0000",1762252302.347230,0.267883,0.948547,0.099670
"2025-11-04 10:31:42.357 +0000",1762252302.357210,0.333527,0.890930,0.060532
"2025-11-04 10:31:42.367 +0000",1762252302.367192,0.329132,0.923721,0.079132
"2025-11-04 10:31:42.377 +0000",1762252302.377173,0.314377,0.962540,0.046860
"2025-11-04 10:31:42.387 +0000",1762252302.387154,0.291504,1.001511,-0.007996
"2025-11-04 10:31:42.397 +0000",1762252302.397135,0.275269,0.996338,-0.039322
"2025-11-04 10:31:42.407 +0000",1762252302.407116,0.239853,0.952682,-0.047592
"2025-11-04 10:31:42.417 +0000",1762252302.417098,0.224487,0.900497,-0.034500
"2025-11-04 10:31:42.427 +0000",1762252302.427079,0.248108,0.921692,0.078583
"2025-11-04 10:31:42.437 +0000",1762252302.437060,0.258423,0.956619,0.119034
"2025-11-04 10:31:42.447 +0000",1762252302.447043,0.311691,0.946747,0.029495
"2025-11-04 10:31:42.457 +0000",1762252302.457023,0.312622,0.915009,-0.022110
"2025-11-04 10:31:42.467 +0000",1762252302.467005,0.339859,0.896011,-0.071579
"2025-11-04 10:31:42.477 +0000",1762252302.476986,0.303009,0.942673,0.032761
"2025-11-04 10:31:42.487 +0000",1762252302.486967,0.292130,1.012146,0.020035
"2025-11-04 10:31:42.497 +0000",1762252302.496948,0.314392,1.028564,-0.069275
"2025-11-04 10:31:42.507 +0000",1762252302.506929,0.292206,0.986160,-0.085236
"2025-11-04 10:31:42.517 +0000",1762252302.516911,0.316513,0.906754,-0.065506
"2025-11-04 10:31:42.527 +0000",1762252302.526893,0.313431,0.859619,-0.010651
"2025-11-04 10:31:42.537 +0000",1762252302.536873,0.304123,0.858215,0.053757
"2025-11-04 10:31:42.547 +0000",1762252302.546855,0.287094,0.879211,0.042404
"2025-11-04 10:31:42.557 +0000",1762252302.556837,0.306198,0.887070,-0.013779
"2025-11-04 10:31:42.567 +0000",1762252302.566818,0.279633,0.897659,-0.077988
"2025-11-04 10:31:42.577 +0000",1762252302.576799,0.240219,0.923996,-0.105408
"2025-11-04 10:31:42.587 +0000",1762252302.586780,0.264404,0.905579,-0.100128
"2025-11-04 10:31:42.597 +0000",1762252302.596762,0.267685,0.891144,-0.032883
"2025-11-04 10:31:42.607 +0000",1762252302.606743,0.240387,0.907196,-0.008301
"2025-11-04 10:31:42.617 +0000",1762252302.616724,0.261414,0.914474,-0.015091
"2025-11-04 10:31:42.627 +0000",1762252302.626705,0.287689,0.914917,0.009369
"2025-11-04 10:31:42.637 +0000",1762252302.636686,0.327332,0.915283,0.004959
"2025-11-04 10:31:42.647 +0000",1762252302.646668,0.323105,0.892532,0.013000
"2025-11-04 10:31:42.657 +0000",1762252302.656649,0.304047,0.876144,0.013275
"2025-11-04 10:31:42.667 +0000",1762252302.666631,0.299164,0.876801,-0.007660
"2025-11-04 10:31:42.677 +0000",1762252302.676611,0.276932,0.899719,-0.068863
"2025-11-04 10:31:42.687 +0000",1762252302.686593,0.228790,0.894165,-0.104904
"2025-11-04 10:31:42.697 +0000",1762252302.696575,0.193314,0.845688,-0.095047
"2025-11-04 10:31:42.707 +0000",1762252302.706555,0.250793,0.828445,-0.114212
"2025-11-04 10:31:42.717 +0000",1762252302.716537,0.273102,0.874939,-0.082260
"2025-11-04 10:31:42.727 +0000",1762252302.726518,0.276001,0.923477,-0.036133
"2025-11-04 10:31:42.736 +0000",1762252302.736500,0.327805,0.978989,-0.000824
"2025-11-04 10:31:42.746 +0000",1762252302.746481,0.354446,1.044144,0.056519
"2025-11-04 10:31:42.756 +0000",1762252302.756463,0.384995,1.069778,-0.018112
"2025-11-04 10:31:42.766 +0000",1762252302.766444,0.407684,1.070023,-0.191818
"2025-11-04 10:31:42.776 +0000",1762252302.776425,0.391205,1.029160,-0.293854
"2025-11-04 10:31:42.786 +0000",1762252302.786407,0.315826,0.972549,-0.256119
"2025-11-04 10:31:42.796 +0000",1762252302.796387,0.229004,0.906860,-0.149124
"2025-11-04 10:31:42.806 +0000",1762252302.806368,0.237198,0.851074,-0.122406
"2025-11-04 10:31:42.816 +0000",1762252302.816351,0.318771,0.861816,-0.071518
"2025-11-04 10:31:42.826 +0000",1762252302.826332,0.342896,0.946198,0.048462
"2025-11-04 10:31:42.836 +0000",1762252302.836313,0.355026,1.089203,0.122772
"2025-11-04 10:31:42.846 +0000",1762252302.846294,0.347992,1.214737,0.056839
"2025-11-04 10:31:42.856 +0000",1762252302.856276,0.385269,1.191818,-0.105560
"2025-11-04 10:31:42.866 +0000",1762252302.866257,0.404480,1.045715,-0.222031
"2025-11-04 10:31:42.876 +0000",1762252302.876237,0.348373,0.885651,-0.317413
"2025-11-04 10:31:42.886 +0000",1762252302.886220,0.289413,0.759918,-0.211761
"2025-11-04 10:31:42.896 +0000",1762252302.896201,0.268784,0.715897,-0.075027
"2025-11-04 10:31:42.906 +0000",1762252302.906181,0.264267,0.843491,0.000153
"2025-11-04 10:31:42.916 +0000",1762252302.916164,0.205444,0.953583,0.040024
"2025-11-04 10:31:42.926 +0000",1762252302.926145,0.183350,0.942947,0.044693
"2025-11-04 10:31:42.936 +0000",1762252302.936126,0.249863,0.915253,0.031219
"2025-11-04 10:31:42.946 +0000",1762252302.946106,0.326233,0.959930,0.030212
"2025-11-04 10:31:42.956 +0000",1762252302.956089,0.348785,1.056870,0.005737
"2025-11-04 10:31:42.966 +0000",1762252302.966070,0.408676,1.131989,-0.051361
"2025-11-04 10:31:42.976 +0000",1762252302.976051,0.433578,1.146072,-0.090500
"2025-11-04 10:31:42.986 +0000",1762252302.986033,0.410904,1.098343,-0.246826
"2025-11-04 10:31:42.996 +0000",1762252302.996013,0.372833,1.020538,-0.393509
"2025-11-04 10:31:43.006 +0000",1762252303.005995,0.329849,0.907730,-0.332596
"2025-11-04 10:31:43.016 +0000",1762252303.015976,0.308380,0.764954,-0.153854
"2025-11-04 10:31:43.026 +0000",1762252303.025957,0.243637,0.742935,-0.038391
"2025-11-04 10:31:43.036 +0000",1762252303.035939,0.271011,0.811768,-0.022446
"2025-11-04 10:31:43.046 +0000",1762252303.045919,0.310883,0.918747,0.072433
"2025-11-04 10:31:43.056 +0000",1762252303.055901,0.320389,1.012863,0.144501
"2025-11-04 10:31:43.066 +0000",1762252303.065883,0.290848,1.045364,0.015625
"2025-11-04 10:31:43.076 +0000",1762252303.075863,0.315094,0.947556,-0.142334
"2025-11-04 10:31:43.086 +0000",1762252303.085846,0.349976,0.860641,-0.118011
"2025-11-04 10:31:43.096 +0000",1762252303.095827,0.344177,0.888031,-0.076187
"2025-11-04 10:31:43.106 +0000",1762252303.105808,0.338120,0.988495,-0.081604
"2025-11-04 10:31:43.116 +0000",1762252303.115788,0.296783,0.976898,-0.122437
"2025-11-04 10:31:43.126 +0000",1762252303.125771,0.255402,0.876617,-0.178833
"2025-11-04 10:31:43.136 +0000",1762252303.135752,0.241928,0.774658,-0.207413
"2025-11-04 10:31:43.146 +0000",1762252303.145733,0.250656,0.733994,-0.191116
"2025-11-04 10:31:43.156 +0000",1762252303.155715,0.270187,0.735092,-0.109924
"2025-11-04 10:31:43.166 +0000",1762252303.165695,0.323486,0.772736,-0.008713
"2025-11-04 10:31:43.176 +0000",1762252303.175676,0.308411,0.901321,0.072556
"2025-11-04 10:31:43.186 +0000",1762252303.185658,0.241089,1.020065,0.033539
"2025-11-04 10:31:43.196 +0000",1762252303.195640,0.368393,1.074677,-0.023849
"2025-11-04 10:31:43.206 +0000",1762252303.205620,0.458298,1.186737,0.078018
"2025-11-04 10:31:43.216 +0000",1762252303.215601,0.439102,1.232071,0.044586
"2025-11-04 10:31:43.226 +0000",1762252303.225584,0.408951,1.131302,-0.332565
"2025-11-04 10:31:43.236 +0000",1762252303.235564,0.398300,0.950775,-0.311356
"2025-11-04 10:31:43.246 +0000",1762252303.245545,0.339554,0.768280,-0.143951
"2025-11-04 10:31:43.256 +0000",1762252303.255527,0.241013,0.703583,-0.080688
"2025-11-04 10:31:43.266 +0000",1762252303.265508,0.239807,0.837021,0.004700
"2025-11-04 10:31:43.275 +0000",1762252303.275489,0.259659,0.951355,0.085068
"2025-11-04 10:31:43.285 +0000",1762252303.285470,0.201035,0.955154,0.076813
"2025-11-04 10:31:43.295 +0000",1762252303.295453,0.239182,0.951660,0.128662
"2025-11-04 10:31:43.305 +0000",1762252303.305433,0.357285,1.031158,0.117905
"2025-11-04 10:31:43.315 +0000",1762252303.315415,0.409042,1.207275,0.042740
"2025-11-04 10:31:43.325 +0000",1762252303.325397,0.519348,1.246658,-0.081009
"2025-11-04 10:31:43.335 +0000",1762252303.335377,0.567383,1.113297,-0.299606
"2025-11-04 10:31:43.345 +0000",1762252303.345359,0.501801,0.984268,-0.379654
"2025-11-04 10:31:43.355 +0000",1762252303.355340,0.434799,0.925842,-0.357544
"2025-11-04 10:31:43.365 +0000",1762252303.365322,0.409134,0.776031,-0.159943
"2025-11-04 10:31:43.375 +0000",1762252303.375302,0.364182,0.697952,0.017075
"2025-11-04 10:31:43.385 +0000",1762252303.385283,0.323776,0.797928,0.120117
"2025-11-04 10:31:43.395 +0000",1762252303.395265,0.342133,0.927002,0.146194
"2025-11-04 10:31:43.405 +0000",1762252303.405246,0.328568,1.033173,0.144745
"2025-11-04 10:31:43.415 +0000",1762252303.415227,0.325211,1.200729,0.241699
"2025-11-04 10:31:43.425 +0000",1762252303.425210,0.331268,1.319427,0.136169
"2025-11-04 10:31:43.435 +0000",1762252303.435190,0.323334,1.211670,-0.040878
"2025-11-04 10:31:43.445 +0000",1762252303.445172,0.343552,1.027588,-0.059189
"2025-11-04 10:31:43.455 +0000",1762252303.455152,0.366669,0.908051,-0.009109
"2025-11-04 10:31:43.465 +0000",1762252303.465134,0.342682,0.875214,0.009277
"2025-11-04 10:31:43.475 +0000",1762252303.475115,0.308090,0.861130,-0.010056
"2025-11-04 10:31:43.485 +0000",1762252303.485096,0.333298,0.826447,0.003754
"2025-11-04 10:31:43.495 +0000",1762252303.495078,0.318802,0.764984,0.004898
"2025-11-04 10:31:43.505 +0000",1762252303.505059,0.319000,0.720352,-0.006485
"2025-11-04 10:31:43.515 +0000",1762252303.515040,0.342026,0.770676,0.075577
"2025-11-04 10:31:43.525 +0000",1762252303.525023,0.365433,1.007736,0.283951
"2025-11-04 10:31:43.535 +0000",1762252303.535003,0.315506,1.194168,0.330978
"2025-11-04 10:31:43.545 +0000",1762252303.544985,0.384674,1.180786,0.201248
"2025-11-04 10:31:43.555 +0000",1762252303.554966,0.532196,1.138321,0.220093
"2025-11-04 10:31:43.565 +0000",1762252303.564948,0.412415,1.195602,0.269150
"2025-11-04 10:31:43.575 +0000",1762252303.574928,0.249054,1.220917,0.153961
"2025-11-04 10:31:43.585 +0000",1762252303.584909,0.278687,1.035645,0.061798
"2025-11-04 10:31:43.595 +0000",1762252303.594892,0.312256,0.785583,-0.058990
"2025-11-04 10:31:43.605 +0000",1762252303.604872,0.290741,0.645813,-0.146866
"2025-11-04 10:31:43.615 +0000",1762252303.614853,0.311234,0.587219,-0.136459
"2025-11-04 10:31:43.625 +0000",1762252303.624835,0.335800,0.635376,-0.121323
"2025-11-04 10:31:43.635 +0000",1762252303.634816,0.340302,0.711273,-0.110046
"2025-11-04 10:31:43.645 +0000",1762252303.644798,0.310089,0.774872,-0.105362
"2025-11-04 10:31:43.655 +0000",1762252303.654778,0.329712,0.805008,-0.092972
"2025-11-04 10:31:43.665 +0000",1762252303.664760,0.347610,0.858643,-0.040085
"2025-11-04 10:31:43.675 +0000",1762252303.674742,0.312439,0.930511,-0.035187
"2025-11-04 10:31:43.685 +0000",1762252303.684722,0.309753,0.904694,0.029327
"2025-11-04 10:31:43.695 +0000",1762252303.694705,0.335220,0.833206,0.141159
"2025-11-04 10:31:43.705 +0000",1762252303.704685,0.345535,0.789597,0.107819
"2025-11-04 10:31:43.715 +0000",1762252303.714666,0.331116,0.789246,0.056229
"2025-11-04 10:31:43.725 +0000",1762252303.724648,0.305359,0.822891,0.075119
"2025-11-04 10:31:43.735 +0000",1762252303.734629,0.264404,0.845078,0.088974
"2025-11-04 10:31:43.745 +0000",1762252303.744611,0.228867,0.847763,0.134781
"2025-11-04 10:31:43.755 +0000",1762252303.754591,0.216736,0.839172,0.205322
"2025-11-04 10:31:43.765 +0000",1762252303.764574,0.266434,0.804886,0.123413
"2025-11-04 10:31:43.775 +0000",1762252303.774554,0.329178,0.809616,0.027969
"2025-11-04 10:31:43.785 +0000",1762252303.784535,0.369797,0.821808,-0.049805
"2025-11-04 10:31:43.795 +0000",1762252303.794517,0.372330,0.808258,-0.089264
"2025-11-04 10:31:43.804 +0000",1762252303.804499,0.403610,0.794540,-0.011566
"2025-11-04 10:31:43.814 +0000",1762252303.814479,0.408035,0.853882,0.056335
"2025-11-04 10:31:43.824 +0000",1762252303.824461,0.358551,0.955246,0.013336
"2025-11-04 10:31:43.834 +0000",1762252303.834442,0.333786,0.997086,0.060699
"2025-11-04 10:31:43.844 +0000",1762252303.844423,0.317673,1.004517,0.138489
"2025-11-04 10:31:43.854 +0000",1762252303.854404,0.327133,0.968735,0.124176
"2025-11-04 10:31:43.864 +0000",1762252303.864387,0.365845,0.914703,0.070541
"2025-11-04 10:31:43.874 +0000",1762252303.874367,0.393326,0.927353,0.092133
"2025-11-04 10:31:43.884 +0000",1762252303.884349,0.389359,1.000671,0.180252
"2025-11-04 10:31:43.894 +0000",1762252303.894329,0.331741,1.040649,0.145889
"2025-11-04 10:31:43.904 +0000",1762252303.904312,0.342621,1.059082,0.178879
"2025-11-04 10:31:43.914 +0000",1762252303.914292,0.397415,1.124329,0.223114
"2025-11-04 10:31:43.924 +0000",1762252303.924273,0.376648,1.167923,0.165726
"2025-11-04 10:31:43.934 +0000",1762252303.934255,0.399155,1.132080,0.084824
"2025-11-04 10:31:43.944 +0000",1762252303.944237,0.463181,1.049637,-0.008423
"2025-11-04 10:31:43.954 +0000",1762252303.954217,0.436783,0.954773,-0.081680
"2025-11-04 10:31:43.964 +0000",1762252303.964199,0.380920,0.855972,-0.061035
"2025-11-04 10:31:43.974 +0000",1762252303.974180,0.366028,0.785797,-0.013199
"2025-11-04 10:31:43.984 +0000",1762252303.984161,0.368988,0.795074,-0.004608
"2025-11-04 10:31:43.994 +0000",1762252303.994142,0.407913,0.848511,-0.021881
"2025-11-04 10:31:44.004 +0000",1762252304.004124,0.395462,0.957794,0.008759
"2025-11-04 10:31:44.014 +0000",1762252304.014105,0.400604,1.026260,0.083664
"2025-11-04 10:31:44.024 +0000",1762252304.024087,0.410492,1.018982,0.071869
"2025-11-04 10:31:44.034 +0000",1762252304.034068,0.394867,0.938583,0.024841
"2025-11-04 10:31:44.044 +0000",1762252304.044050,0.363892,0.873184,0.006348
"2025-11-04 10:31:44.054 +0000",1762252304.054030,0.351044,0.824234,0.034149
"2025-11-04 10:31:44.064 +0000",1762252304.064012,0.331741,0.820221,0.067932
"2025-11-04 10:31:44.074 +0000",1762252304.073993,0.319473,0.856369,0.089325
"2025-11-04 10:31:44.084 +0000",1762252304.083975,0.302399,0.910233,0.114532
"2025-11-04 10:31:44.094 +0000",1762252304.093955,0.287994,0.913254,0.126999
"2025-11-04 10:31:44.104 +0000",1762252304.103937,0.269684,0.853638,0.109573
"2025-11-04 10:31:44.114 +0000",1762252304.113918,0.299606,0.793564,0.072906
"2025-11-04 10:31:44.124 +0000",1762252304.123900,0.329224,0.785248,0.044418
"2025-11-04 10:31:44.134 +0000",1762252304.133881,0.352859,0.813583,0.049561
"2025-11-04 10:31:44.144 +0000",1762252304.143862,0.359879,0.867142,0.106216
"2025-11-04 10:31:44.154 +0000",1762252304.153844,0.340973,0.935028,0.170029
"2025-11-04 10:31:44.164 +0000",1762252304.163824,0.325684,0.979614,0.173172
"2025-11-04 10:31:44.174 +0000",1762252304.173807,0.298523,0.978287,0.086273
"2025-11-04 10:31:44.184 +0000",1762252304.183787,0.337387,0.941376,0.021133
"2025-11-04 10:31:44.194 +0000",1762252304.193769,0.364456,0.922897,0.030258
"2025-11-04 10:31:44.204 +0000",1762252304.203750,0.337952,0.887894,0.016159
"2025-11-04 10:31:44.214 +0000",1762252304.213732,0.341461,0.854660,0.019882
"2025-11-04 10:31:44.224 +0000",1762252304.223712,0.357819,0.902130,0.049225
"2025-11-04 10:31:44.234 +0000",1762252304.233693,0.352936,0.943741,0.054153
"2025-11-04 10:31:44.244 +0000",1762252304.243676,0.362274,0.958145,0.081390
"2025-11-04 10:31:44.254 +0000",1762252304.253657,0.346680,0.983017,0.091324
"2025-11-04 10:31:44.264 +0000",1762252304.263638,0.355362,1.003113,0.113541
"2025-11-04 10:31:44.274 +0000",1762252304.273619,0.388657,1.026672,0.137222
"2025-11-04 10:31:44.284 +0000",1762252304.283601,0.401062,1.014999,0.065475
"2025-11-04 10:31:44.294 +0000",1762252304.293582,0.408234,1.001877,0.025757
"2025-11-04 10:31:44.304 +0000",1762252304.303563,0.384933,1.001083,0.016312
"2025-11-04 10:31:44.314 +0000",1762252304.313545,0.342316,0.985687,-0.029648
"2025-11-04 10:31:44.324 +0000",1762252304.323525,0.343857,0.953171,-0.039856
"2025-11-04 10:31:44.334 +0000",1762252304.333507,0.369919,0.958954,-0.020859
"2025-11-04 10:31:44.343 +0000",1762252304.343489,0.388474,1.023621,0.007751
"2025-11-04 10:31:44.353 +0000",1762252304.353469,0.379898,1.059723,0.049286
"2025-11-04 10:31:44.363 +0000",1762252304.363450,0.361038,1.037964,0.089813
"2025-11-04 10:31:44.373 +0000",1762252304.373432,0.343018,0.972946,0.054214
"2025-11-04 10:31:44.383 +0000",1762252304.383414,0.357559,0.868042,0.006317
"2025-11-04 10:31:44.393 +0000",1762252304.393394,0.369003,0.814484,-0.012207
"2025-11-04 10:31:44.403 +0000",1762252304.403375,0.365036,0.834854,0.002258
"2025-11-04 10:31:44.413 +0000",1762252304.413358,0.351517,0.877975,0.060303
"2025-11-04 10:31:44.423 +0000",1762252304.423339,0.313354,0.892624,0.118805
"2025-11-04 10:31:44.433 +0000",1762252304.433319,0.309769,0.887543,0.147141
"2025-11-04 10:31:44.443 +0000",1762252304.443301,0.288651,0.889435,0.120575
"2025-11-04 10:31:44.453 +0000",1762252304.453282,0.284210,0.863358,0.072617
"2025-11-04 10:31:44.463 +0000",1762252304.463263,0.325302,0.839920,0.069763
"2025-11-04 10:31:44.473 +0000",1762252304.473244,0.361038,0.871246,0.071365
"2025-11-04 10:31:44.483 +0000",1762252304.483227,0.355255,0.901611,0.037094
"2025-11-04 10:31:44.493 +0000",1762252304.493208,0.343140,0.932556,0.052795
"2025-11-04 10:31:44.503 +0000",1762252304.503188,0.292847,0.933456,0.050400
"2025-11-04 10:31:44.513 +0000",1762252304.513170,0.291656,0.871552,0.020264
"2025-11-04 10:31:44.755 +0000",1762252304.755049,0.353531,0.903122,0.130569
"2025-11-04 10:31:44.765 +0000",1762252304.765031,0.326035,0.781555,0.153748
"2025-11-04 10:31:44.775 +0000",1762252304.775012,0.322510,0.711899,0.217331
"2025-11-04 10:31:44.785 +0000",1762252304.784994,0.330246,0.705826,0.222229
"2025-11-04 10:31:44.795 +0000",1762252304.794976,0.313919,0.811584,0.306656
"2025-11-04 10:31:44.805 +0000",1762252304.804957,0.321381,0.902725,0.327042
"2025-11-04 10:31:44.815 +0000",1762252304.814938,0.370331,1.023239,0.174683
"2025-11-04 10:31:44.825 +0000",1762252304.824919,0.330887,0.948654,-0.022369
"2025-11-04 10:31:44.835 +0000",1762252304.834902,0.286621,0.840073,-0.081421
"2025-11-04 10:31:44.845 +0000",1762252304.844883,0.363129,0.792206,0.021469
"2025-11-04 10:31:44.855 +0000",1762252304.854865,0.497559,0.791428,0.209991
"2025-11-04 10:31:44.865 +0000",1762252304.864845,0.398178,0.825012,0.361771
"2025-11-04 10:31:44.875 +0000",1762252304.874828,0.250458,0.875717,0.189072
"2025-11-04 10:31:44.885 +0000",1762252304.884810,0.301651,0.813309,0.012894
"2025-11-04 10:31:44.895 +0000",1762252304.894791,0.486618,0.859650,0.174164
"2025-11-04 10:31:44.905 +0000",1762252304.904773,0.499954,1.114655,0.540604
"2025-11-04 10:31:44.915 +0000",1762252304.914754,0.590973,1.340195,0.410782
"2025-11-04 10:31:44.925 +0000",1762252304.924736,0.690292,1.537537,-0.154846
"2025-11-04 10:31:44.935 +0000",1762252304.934717,0.867355,1.298660,-0.475983
"2025-11-04 10:31:44.945 +0000",1762252304.944698,0.512314,0.777542,0.119980
"2025-11-04 10:31:44.955 +0000",1762252304.954680,0.349594,0.889160,0.405792
"2025-11-04 10:31:44.965 +0000",1762252304.964662,0.418594,1.197617,0.203934
"2025-11-04 10:31:44.975 +0000",1762252304.974644,0.447311,1.115448,0.198105
"2025-11-04 10:31:44.985 +0000",1762252304.984624,0.367218,0.966614,0.255951
"2025-11-04 10:31:44.995 +0000",1762252304.994606,0.290634,0.845230,0.283112
"2025-11-04 10:31:45.005 +0000",1762252305.004587,0.321899,0.714920,0.400955
"2025-11-04 10:31:45.015 +0000",1762252305.014570,0.312912,0.672089,0.366272
"2025-11-04 10:31:45.025 +0000",1762252305.024552,0.302261,0.905548,0.127579
"2025-11-04 10:31:45.035 +0000",1762252305.034533,0.428696,1.148804,-0.107452
"2025-11-04 10:31:45.045 +0000",1762252305.044515,0.392807,0.968140,-0.129868
"2025-11-04 10:31:45.054 +0000",1762252305.054496,0.328369,0.779434,0.071487
"2025-11-04 10:31:45.064 +0000",1762252305.064478,0.332169,0.672424,0.171982
"2025-11-04 10:31:45.074 +0000",1762252305.074459,0.334793,0.685226,0.171829
"2025-11-04 10:31:45.084 +0000",1762252305.084441,0.300385,0.732697,0.137405
"2025-11-04 10:31:45.094 +0000",1762252305.094422,0.293854,0.795288,0.060944
"2025-11-04 10:31:45.104 +0000",1762252305.104403,0.315765,0.741760,0.033401
"2025-11-04 10:31:45.114 +0000",1762252305.114386,0.288879,0.634720,0.088058
"2025-11-04 10:31:45.124 +0000",1762252305.124367,0.306992,0.577835,0.135742
"2025-11-04 10:31:45.134 +0000",1762252305.134348,0.347122,0.576309,0.132538
"2025-11-04 10:31:45.144 +0000",1762252305.144331,0.375473,0.648270,0.086014
"2025-11-04 10:31:45.154 +0000",1762252305.154312,0.418610,0.758148,0.054642
"2025-11-04 10:31:45.164 +0000",1762252305.164294,0.434631,0.787201,0.169815
"2025-11-04 10:31:45.174 +0000",1762252305.174276,0.358917,0.829544,0.276428
"2025-11-04 10:31:45.184 +0000",1762252305.184257,0.454758,0.939331,0.419586
"2025-11-04 10:31:45.194 +0000",1762252305.194239,0.652283,1.342361,0.850815
"2025-11-04 10:31:45.204 +0000",1762252305.204220,0.737625,1.804138,0.348679
"2025-11-04 10:31:45.214 +0000",1762252305.214202,0.872528,1.664856,-0.708710
"2025-11-04 10:31:45.224 +0000",1762252305.224183,0.592148,0.824677,-0.057220
"2025-11-04 10:31:45.234 +0000",1762252305.234165,0.157578,0.544037,0.593338
"2025-11-04 10:31:45.244 +0000",1762252305.244146,0.193100,0.499176,0.264236
"2025-11-04 10:31:45.254 +0000",1762252305.254128,0.254013,0.613739,0.077103
"2025-11-04 10:31:45.264 +0000",1762252305.264109,0.256821,0.901703,0.162750
"2025-11-04 10:31:45.274 +0000",1762252305.274092,0.248734,0.968857,0.157013
"2025-11-04 10:31:45.284 +0000",1762252305.284073,0.335938,0.811310,0.252335
"2025-11-04 10:31:45.294 +0000",1762252305.294055,0.335052,0.719086,0.343170
"2025-11-04 10:31:45.304 +0000",1762252305.304037,0.360062,0.765106,0.424149
"2025-11-04 10:31:45.314 +0000",1762252305.314017,0.480179,0.877991,0.542633
"2025-11-04 10:31:45.324 +0000",1762252305.323999,0.626328,1.152695,0.624664
"2025-11-04 10:31:45.334 +0000",1762252305.333981,0.707199,1.400330,0.306747
"2025-11-04 10:31:45.344 +0000",1762252305.343962,0.715805,1.298553,-0.069031
"2025-11-04 10:31:45.354 +0000",1762252305.353945,0.540344,0.925461,-0.162704
"2025-11-04 10:31:45.364 +0000",1762252305.363925,0.404694,0.769424,-0.089737
"2025-11-04 10:31:45.374 +0000",1762252305.373907,0.420456,0.720993,0.363876
"2025-11-04 10:31:45.384 +0000",1762252305.383888,0.532639,0.970200,0.767883
"2025-11-04 10:31:45.394 +0000",1762252305.393870,0.624084,1.420456,0.751617
"2025-11-04 10:31:45.404 +0000",1762252305.403851,0.757858,1.556290,0.385437
"2025-11-04 10:31:45.414 +0000",1762252305.413834,0.677643,1.222565,0.250778
"2025-11-04 10:31:45.424 +0000",1762252305.423815,0.400070,0.926758,0.275909
"2025-11-04 10:31:45.434 +0000",1762252305.433796,0.428009,0.789978,0.245987
"2025-11-04 10:31:45.444 +0000",1762252305.443778,0.449295,0.908432,0.247467
"2025-11-04 10:31:45.454 +0000",1762252305.453759,0.471741,1.008987,0.121109
"2025-11-04 10:31:45.464 +0000",1762252305.463741,0.399384,1.037033,0.075912
"2025-11-04 10:31:45.474 +0000",1762252305.473723,0.344757,0.967224,0.126083
"2025-11-04 10:31:45.484 +0000",1762252305.483705,0.334610,0.919113,0.161972
"2025-11-04 10:31:45.494 +0000",1762252305.493686,0.337204,0.868286,0.127762
"2025-11-04 10:31:45.504 +0000",1762252305.503667,0.353439,0.732666,0.095886
"2025-11-04 10:31:45.514 +0000",1762252305.513649,0.324615,0.663757,0.086868
"2025-11-04 10:31:45.524 +0000",1762252305.523630,0.322739,0.628357,0.046158
"2025-11-04 10:31:45.534 +0000",1762252305.533612,0.342438,0.617661,0.035233
"2025-11-04 10:31:45.544 +0000",1762252305.543594,0.326660,0.657669,0.153870
"2025-11-04 10:31:45.554 +0000",1762252305.553576,0.342682,0.692825,0.203323
"2025-11-04 10:31:45.564 +0000",1762252305.563558,0.413010,0.692307,0.201691
"2025-11-04 10:31:45.574 +0000",1762252305.573538,0.415955,0.805328,0.167770
"2025-11-04 10:31:45.584 +0000",1762252305.583521,0.393158,0.799850,0.158340
"2025-11-04 10:31:45.594 +0000",1762252305.593501,0.306061,0.751541,0.124802
"2025-11-04 10:31:45.603 +0000",1762252305.603483,0.303619,0.676926,0.148422
"2025-11-04 10:31:45.613 +0000",1762252305.613466,0.287872,0.677841,0.176941
"2025-11-04 10:31:45.623 +0000",1762252305.623446,0.332977,0.739853,0.222000
"2025-11-04 10:31:45.633 +0000",1762252305.633429,0.360138,0.831131,0.219147
"2025-11-04 10:31:45.643 +0000",1762252305.643409,0.360260,0.874619,0.251328
"2025-11-04 10:31:45.653 +0000",1762252305.653391,0.355988,0.878616,0.250458
"2025-11-04 10:31:45.663 +0000",1762252305.663373,0.307388,0.870667,0.151978
"2025-11-04 10:31:45.673 +0000",1762252305.673355,0.321091,0.799911,0.095459
"2025-11-04 10:31:45.683 +0000",1762252305.683336,0.303421,0.713531,0.103348
"2025-11-04 10:31:45.693 +0000",1762252305.693317,0.292480,0.682388,0.108963
"2025-11-04 10:31:45.703 +0000",1762252305.703299,0.315628,0.698944,0.065079
"2025-11-04 10:31:45.713 +0000",1762252305.713280,0.315323,0.734406,0.136627
"2025-11-04 10:31:45.723 +0000",1762252305.723262,0.322632,0.777954,0.185486
"2025-11-04 10:31:45.733 +0000",1762252305.733244,0.320602,0.833603,0.185059
"2025-11-04 10:31:45.743 +0000",1762252305.743225,0.360931,0.878128,0.124130
"2025-11-04 10:31:45.753 +0000",1762252305.753208,0.416077,0.866913,0.158752
"2025-11-04 10:31:45.763 +0000",1762252305.763188,0.385559,0.878891,0.173996
"2025-11-04 10:31:45.773 +0000",1762252305.773170,0.392380,0.831314,0.174408
"2025-11-04 10:31:45.783 +0000",1762252305.783152,0.364975,0.805984,0.166534
"2025-11-04 10:31:45.793 +0000",1762252305.793133,0.391022,0.867477,0.158127
"2025-11-04 10:31:45.803 +0000",1762252305.803115,0.438110,0.935959,0.238022
"2025-11-04 10:31:45.813 +0000",1762252305.813096,0.436188,0.997299,0.311859
"2025-11-04 10:31:45.823 +0000",1762252305.823079,0.421570,1.027573,0.236877
"2025-11-04 10:31:45.833 +0000",1762252305.833059,0.451309,0.970261,0.190155
"2025-11-04 10:31:45.843 +0000",1762252305.843041,0.392166,0.968658,0.314545
"2025-11-04 10:31:45.853 +0000",1762252305.853023,0.430344,0.992615,0.368256
"2025-11-04 10:31:45.863 +0000",1762252305.863005,0.474487,1.064819,0.352768
"2025-11-04 10:31:45.873 +0000",1762252305.872986,0.482437,1.139755,0.178162
"2025-11-04 10:31:45.883 +0000",1762252305.882967,0.487442,1.097595,0.185486
"2025-11-04 10:31:45.893 +0000",1762252305.892949,0.445663,0.967545,0.098022
"2025-11-04 10:31:45.903 +0000",1762252305.902930,0.416290,0.874222,0.136429
"2025-11-04 10:31:45.913 +0000",1762252305.912912,0.445633,0.896225,0.115402
"2025-11-04 10:31:45.923 +0000",1762252305.922894,0.432526,0.887314,0.230545
"2025-11-04 10:31:45.933 +0000",1762252305.932875,0.382706,0.893677,0.223511
"2025-11-04 10:31:45.943 +0000",1762252305.942858,0.376282,0.847885,0.207092
"2025-11-04 10:31:45.953 +0000",1762252305.952838,0.352386,0.812637,0.207550
"2025-11-04 10:31:45.963 +0000",1762252305.962820,0.400650,0.804596,0.190109
"2025-11-04 10:31:45.973 +0000",1762252305.972802,0.405136,0.844330,0.229904
"2025-11-04 10:31:45.983 +0000",1762252305.982783,0.449539,0.902115,0.264847
"2025-11-04 10:31:45.993 +0000",1762252305.992765,0.463882,1.037659,0.139572
"2025-11-04 10:31:46.003 +0000",1762252306.002746,0.468842,0.991287,0.131393
"2025-11-04 10:31:46.013 +0000",1762252306.012728,0.431229,0.910263,0.153580
"2025-11-04 10:31:46.023 +0000",1762252306.022709,0.415665,0.856888,0.178482
"2025-11-04 10:31:46.033 +0000",1762252306.032691,0.399902,0.845810,0.116196
"2025-11-04 10:31:46.043 +0000",1762252306.042674,0.417908,0.823669,0.124680
"2025-11-04 10:31:46.053 +0000",1762252306.052655,0.407440,0.812500,0.181641
"2025-11-04 10:31:46.063 +0000",1762252306.062636,0.392197,0.817047,0.103561
"2025-11-04 10:31:46.073 +0000",1762252306.072617,0.382034,0.794693,0.046844
"2025-11-04 10:31:46.083 +0000",1762252306.082599,0.403244,0.781769,0.060974
"2025-11-04 10:31:46.093 +0000",1762252306.092581,0.398895,0.787704,0.075317
"2025-11-04 10:31:46.103 +0000",1762252306.102562,0.378265,0.785431,0.056000
"2025-11-04 10:31:46.113 +0000",1762252306.112545,0.400681,0.779648,0.117157
"2025-11-04 10:31:46.123 +0000",1762252306.122525,0.390305,0.823608,0.143082
"2025-11-04 10:31:46.133 +0000",1762252306.132507,0.406784,0.826462,0.183136
"2025-11-04 10:31:46.142 +0000",1762252306.142489,0.403442,0.851837,0.185455
"2025-11-04 10:31:46.152 +0000",1762252306.152471,0.411819,0.869125,0.203888
"2025-11-04 10:31:46.162 +0000",1762252306.162453,0.413086,0.872421,0.119843
"2025-11-04 10:31:46.172 +0000",1762252306.172433,0.429428,0.841507,0.150238
"2025-11-04 10:31:46.182 +0000",1762252306.182416,0.409180,0.864044,0.098724
"2025-11-04 10:31:46.192 +0000",1762252306.192397,0.432739,0.846725,0.089630
"2025-11-04 10:31:46.202 +0000",1762252306.202379,0.398376,0.822098,0.063446
"2025-11-04 10:31:46.212 +0000",1762252306.212361,0.408051,0.805893,0.148300
"2025-11-04 10:31:46.222 +0000",1762252306.222342,0.428360,0.877960,0.204071
"2025-11-04 10:31:46.232 +0000",1762252306.232323,0.455841,0.942871,0.279816
"2025-11-04 10:31:46.242 +0000",1762252306.242304,0.459061,1.032486,0.255844
"2025-11-04 10:31:46.252 +0000",1762252306.252287,0.488861,1.014587,0.069489
"2025-11-04 10:31:46.262 +0000",1762252306.262268,0.384247,0.853073,0.017197
"2025-11-04 10:31:46.272 +0000",1762252306.272250,0.372482,0.747437,0.079208
"2025-11-04 10:31:46.282 +0000",1762252306.282231,0.417465,0.823868,0.101273
"2025-11-04 10:31:46.292 +0000",1762252306.292212,0.458878,0.908783,0.157730
"2025-11-04 10:31:46.302 +0000",1762252306.302195,0.471512,0.993866,0.143036
"2025-11-04 10:31:46.312 +0000",1762252306.312176,0.434952,0.961166,0.151520
"2025-11-04 10:31:46.322 +0000",1762252306.322157,0.410721,0.875900,0.199249
"2025-11-04 10:31:46.332 +0000",1762252306.332139,0.426743,0.911255,0.195908
"2025-11-04 10:31:46.342 +0000",1762252306.342120,0.465073,0.939346,0.147369
"2025-11-04 10:31:46.352 +0000",1762252306.352103,0.456268,0.924469,0.092148
"2025-11-04 10:31:46.362 +0000",1762252306.362084,0.446930,0.907623,0.036148
"2025-11-04 10:31:46.372 +0000",1762252306.372065,0.416458,0.876923,0.028351
"2025-11-04 10:31:46.382 +0000",1762252306.382047,0.437668,0.876541,0.004227
"2025-11-04 10:31:46.392 +0000",1762252306.392029,0.400940,0.839676,0.009857
"2025-11-04 10:31:46.402 +0000",1762252306.402011,0.394135,0.842499,0.099701
"2025-11-04 10:31:46.412 +0000",1762252306.411993,0.411850,0.886246,0.101883
"2025-11-04 10:31:46.422 +0000",1762252306.421974,0.399185,0.850891,0.170609
"2025-11-04 10:31:46.432 +0000",1762252306.431956,0.401733,0.907578,0.129654
"2025-11-04 10:31:46.442 +0000",1762252306.441936,0.417984,0.869598,0.083710
"2025-11-04 10:31:46.452 +0000",1762252306.451919,0.407578,0.868484,0.050339
"2025-11-04 10:31:46.462 +0000",1762252306.461901,0.452805,0.821487,0.099426
"2025-11-04 10:31:46.472 +0000",1762252306.471881,0.408310,0.871582,0.058167
"2025-11-04 10:31:46.482 +0000",1762252306.481864,0.435089,0.841110,0.070312
"2025-11-04 10:31:46.492 +0000",1762252306.491844,0.407669,0.870071,0.062683
"2025-11-04 10:31:46.502 +0000",1762252306.501826,0.440765,0.895081,0.090866
"2025-11-04 10:31:46.512 +0000",1762252306.511808,0.438202,0.931580,0.133621
"2025-11-04 10:31:46.522 +0000",1762252306.521790,0.443176,0.934143,0.188309
"2025-11-04 10:31:46.532 +0000",1762252306.531771,0.440247,0.985352,0.153290
"2025-11-04 10:31:46.542 +0000",1762252306.541752,0.467255,0.988205,0.031921
"2025-11-04 10:31:46.552 +0000",1762252306.551734,0.424057,0.903488,0.027969
"2025-11-04 10:31:46.562 +0000",1762252306.561716,0.411179,0.870712,0.082642
"2025-11-04 10:31:46.572 +0000",1762252306.571697,0.430588,0.902405,-0.011810
"2025-11-04 10:31:46.582 +0000",1762252306.581680,0.389557,0.854095,0.008347
"2025-11-04 10:31:46.592 +0000",1762252306.591661,0.380783,0.791458,0.081390
"2025-11-04 10:31:46.602 +0000",1762252306.601643,0.356384,0.793945,0.142761
"2025-11-04 10:31:46.612 +0000",1762252306.611625,0.390030,0.854568,0.200485
"2025-11-04 10:31:46.622 +0000",1762252306.621606,0.415756,0.984497,0.127670
"2025-11-04 10:31:46.632 +0000",1762252306.631588,0.451752,0.950150,0.041580
"2025-11-04 10:31:46.642 +0000",1762252306.641569,0.391266,0.876068,0.079681
"2025-11-04 10:31:46.652 +0000",1762252306.651550,0.408401,0.851700,0.108765
"2025-11-04 10:31:46.662 +0000",1762252306.661533,0.400177,0.900391,0.072449
"2025-11-04 10:31:46.672 +0000",1762252306.671513,0.417725,0.866486,0.116974
"2025-11-04 10:31:46.681 +0000",1762252306.681496,0.406265,0.895935,0.071091
"2025-11-04 10:31:46.691 +0000",1762252306.691476,0.407211,0.851852,0.055527
"2025-11-04 10:31:46.701 +0000",1762252306.701458,0.387939,0.850967,0.040161
"2025-11-04 10:31:46.711 +0000",1762252306.711441,0.403809,0.816162,0.109787
"2025-11-04 10:31:46.721 +0000",1762252306.721422,0.426636,0.902054,0.122055
"2025-11-04 10:31:46.731 +0000",1762252306.731403,0.456421,0.945969,0.101593
"2025-11-04 10:31:46.741 +0000",1762252306.741385,0.454849,0.969696,0.053772
"2025-11-04 10:31:46.751 +0000",1762252306.751366,0.456924,0.943130,-0.013458
"2025-11-04 10:31:46.761 +0000",1762252306.761348,0.412613,0.869400,-0.038315
"2025-11-04 10:31:46.771 +0000",1762252306.771330,0.396530,0.812897,0.030701
"2025-11-04 10:31:46.781 +0000",1762252306.781312,0.397934,0.820663,0.029495
"2025-11-04 10:31:46.791 +0000",1762252306.791294,0.406311,0.845718,0.026596
"2025-11-04 10:31:46.801 +0000",1762252306.801275,0.428604,0.865524,0.050735
"2025-11-04 10:31:46.811 +0000",1762252306.811257,0.390305,0.880646,0.041626
"2025-11-04 10:31:46.821 +0000",1762252306.821237,0.409866,0.824219,0.062943
"2025-11-04 10:31:46.831 +0000",1762252306.831219,0.388504,0.836227,0.080750
"2025-11-04 10:31:46.841 +0000",1762252306.841202,0.430130,0.863556,0.075165
"2025-11-04 10:31:46.851 +0000",1762252306.851182,0.426880,0.932922,0.025604
"2025-11-04 10:31:46.861 +0000",1762252306.861164,0.457474,0.882355,0.004181
"2025-11-04 10:31:46.871 +0000",1762252306.871146,0.418991,0.902313,-0.007065
"2025-11-04 10:31:46.881 +0000",1762252306.881127,0.443512,0.889664,0.060135
"2025-11-04 10:31:46.891 +0000",1762252306.891110,0.449905,0.930710,0.068756
"2025-11-04 10:31:46.901 +0000",1762252306.901090,0.459198,0.966599,0.096497
"2025-11-04 10:31:46.911 +0000",1762252306.911072,0.471039,1.009781,0.025681
"2025-11-04 10:31:46.921 +0000",1762252306.921054,0.434937,0.992020,-0.063644
"2025-11-04 10:31:46.931 +0000",1762252306.931035,0.435806,0.920120,-0.020645
"2025-11-04 10:31:46.941 +0000",1762252306.941018,0.422867,0.886185,-0.040619
"2025-11-04 10:31:46.951 +0000",1762252306.950999,0.434326,0.857620,-0.017197
"2025-11-04 10:31:46.961 +0000",1762252306.960980,0.417801,0.897797,-0.039825
"2025-11-04 10:31:46.971 +0000",1762252306.970962,0.465332,0.900635,-0.043549
"2025-11-04 10:31:46.981 +0000",1762252306.980944,0.424683,0.908447,-0.030807
"2025-11-04 10:31:46.991 +0000",1762252306.990925,0.431091,0.859100,-0.013733
"2025-11-04 10:31:47.001 +0000",1762252307.000907,0.417145,0.860764,-0.051468
"2025-11-04 10:31:47.011 +0000",1762252307.010888,0.406448,0.859100,0.000534
"2025-11-04 10:31:47.021 +0000",1762252307.020871,0.436096,0.869965,0.017868
"2025-11-04 10:31:47.031 +0000",1762252307.030851,0.419617,0.888885,-0.006653
"2025-11-04 10:31:47.041 +0000",1762252307.040834,0.433075,0.889343,0.020874
"2025-11-04 10:31:47.051 +0000",1762252307.050815,0.419754,0.921967,-0.029633
"2025-11-04 10:31:47.061 +0000",1762252307.060796,0.436310,0.880508,-0.033157
"2025-11-04 10:31:47.071 +0000",1762252307.070778,0.400360,0.878113,-0.017319
"2025-11-04 10:31:47.081 +0000",1762252307.080760,0.408981,0.879654,0.007095
"2025-11-04 10:31:47.091 +0000",1762252307.090741,0.399155,0.892807,-0.015015
"2025-11-04 10:31:47.101 +0000",1762252307.100724,0.407593,0.887436,0.005905
"2025-11-04 10:31:47.111 +0000",1762252307.110705,0.417725,0.929489,0.039856
"2025-11-04 10:31:47.121 +0000",1762252307.120687,0.423676,0.963211,0.010941
"2025-11-04 10:31:47.131 +0000",1762252307.130668,0.444687,0.956879,-0.049316
"2025-11-04 10:31:47.141 +0000",1762252307.140649,0.428406,0.958908,-0.045425
"2025-11-04 10:31:47.151 +0000",1762252307.150632,0.455841,0.895447,-0.005920
"2025-11-04 10:31:47.161 +0000",1762252307.160613,0.404007,0.861908,-0.031693
"2025-11-04 10:31:47.171 +0000",1762252307.170594,0.412689,0.804306,-0.000275
"2025-11-04 10:31:47.181 +0000",1762252307.180577,0.407120,0.842529,-0.057205
"2025-11-04 10:31:47.191 +0000",1762252307.190558,0.384216,0.815781,-0.025925
"2025-11-04 10:31:47.201 +0000",1762252307.200540,0.382980,0.775848,-0.041000
"2025-11-04 10:31:47.211 +0000",1762252307.210521,0.360703,0.827255,-0.061935
"2025-11-04 10:31:54.359 +0000",1762252314.359053,0.039993,-0.303085,-0.962341
"2025-11-04 10:31:54.369 +0000",1762252314.369035,0.041046,-0.305923,-0.960678
"2025-11-04 10:31:54.379 +0000",1762252314.379017,0.045593,-0.314819,-0.964142
"2025-11-04 10:31:54.389 +0000",1762252314.388997,0.040451,-0.321594,-0.964630
"2025-11-04 10:31:54.399 +0000",1762252314.398980,0.033554,-0.328629,-0.958893
"2025-11-04 10:31:54.409 +0000",1762252314.408961,0.033051,-0.328796,-0.955643
"2025-11-04 10:31:54.419 +0000",1762252314.418943,0.036591,-0.329712,-0.953583
"2025-11-04 10:31:54.429 +0000",1762252314.428924,0.037292,-0.330978,-0.955124
"2025-11-04 10:31:54.439 +0000",1762252314.438905,0.035309,-0.327408,-0.964798
"2025-11-04 10:31:54.449 +0000",1762252314.448887,0.032822,-0.321518,-0.975372
"2025-11-04 10:31:54.459 +0000",1762252314.458869,0.031250,-0.318298,-0.964050
"2025-11-04 10:31:54.469 +0000",1762252314.468849,0.026154,-0.317932,-0.943649
"2025-11-04 10:31:54.479 +0000",1762252314.478832,0.027069,-0.318802,-0.933792
"2025-11-04 10:31:54.489 +0000",1762252314.488814,0.025757,-0.321289,-0.927719
"2025-11-04 10:31:54.499 +0000",1762252314.498795,0.037079,-0.297577,-0.891678
"2025-11-04 10:31:54.509 +0000",1762252314.508778,0.028625,-0.281967,-0.867905
"2025-11-04 10:31:54.519 +0000",1762252314.518759,-0.019241,-0.305847,-0.887955
"2025-11-04 10:31:54.529 +0000",1762252314.528740,-0.033615,-0.291916,-0.904907
"2025-11-04 10:31:54.539 +0000",1762252314.538721,-0.002548,-0.343445,-0.942902
"2025-11-04 10:31:54.549 +0000",1762252314.548702,0.012863,-0.363403,-0.973618
"2025-11-04 10:31:54.559 +0000",1762252314.558684,0.020737,-0.360046,-0.968140
"2025-11-04 10:31:54.569 +0000",1762252314.568666,0.016296,-0.350128,-0.942169
"2025-11-04 10:31:54.579 +0000",1762252314.578647,0.008255,-0.347137,-0.921249
"2025-11-04 10:31:54.589 +0000",1762252314.588629,0.003540,-0.357437,-0.905533
"2025-11-04 10:31:54.599 +0000",1762252314.598611,0.010696,-0.371353,-0.909607
"2025-11-04 10:31:54.609 +0000",1762252314.608592,0.017822,-0.374741,-0.913071
"2025-11-04 10:31:54.619 +0000",1762252314.618574,0.017685,-0.367172,-0.912933
"2025-11-04 10:31:54.629 +0000",1762252314.628554,0.022324,-0.356888,-0.918762
"2025-11-04 10:31:54.639 +0000",1762252314.638538,0.019348,-0.359283,-0.933441
"2025-11-04 10:31:54.649 +0000",1762252314.648518,0.016922,-0.379608,-0.945984
"2025-11-04 10:31:54.659 +0000",1762252314.658501,0.003265,-0.328110,-0.957336
"2025-11-04 10:31:54.668 +0000",1762252314.668481,-0.028030,-0.223267,-0.940018
"2025-11-04 10:31:54.678 +0000",1762252314.678463,0.004257,-0.382736,-0.954193
"2025-11-04 10:31:54.688 +0000",1762252314.688445,0.002319,-0.417328,-0.962479
"2025-11-04 10:31:54.698 +0000",1762252314.698426,-0.005798,-0.409256,-1.011642
"2025-11-04 10:31:54.708 +0000",1762252314.708408,-0.033112,-0.343033,-1.028091
"2025-11-04 10:31:54.718 +0000",1762252314.718388,-0.020981,-0.292969,-0.945526
"2025-11-04 10:31:54.728 +0000",1762252314.728372,-0.008133,-0.304230,-0.929138
"2025-11-04 10:31:54.738 +0000",1762252314.738351,0.013306,-0.312714,-0.917679
"2025-11-04 10:31:54.748 +0000",1762252314.748335,0.011551,-0.321503,-0.893845
"2025-11-04 10:31:54.758 +0000",1762252314.758316,-0.027390,-0.348206,-0.933060
"2025-11-04 10:31:54.768 +0000",1762252314.768297,-0.046600,-0.354355,-0.920303
"2025-11-04 10:31:54.778 +0000",1762252314.778279,-0.053452,-0.332123,-0.925446
"2025-11-04 10:31:54.788 +0000",1762252314.788260,-0.034439,-0.289978,-0.943756
"2025-11-04 10:31:54.798 +0000",1762252314.798243,0.001343,-0.252411,-0.997894
"2025-11-04 10:31:54.808 +0000",1762252314.808223,0.067032,-0.317245,-1.019760
"2025-11-04 10:31:54.818 +0000",1762252314.818205,0.097260,-0.331940,-1.040924
"2025-11-04 10:31:54.828 +0000",1762252314.828186,0.080185,-0.319336,-1.061371
"2025-11-04 10:31:54.838 +0000",1762252314.838168,0.056030,-0.288651,-1.032730
"2025-11-04 10:31:54.848 +0000",1762252314.848150,0.029358,-0.270599,-0.989777
"2025-11-04 10:31:54.858 +0000",1762252314.858131,0.017700,-0.278442,-0.948318
"2025-11-04 10:31:54.868 +0000",1762252314.868113,0.022736,-0.294327,-0.910782
"2025-11-04 10:31:54.878 +0000",1762252314.878094,0.017731,-0.316162,-0.888107
"2025-11-04 10:31:54.888 +0000",1762252314.888076,-0.000916,-0.338257,-0.878433
"2025-11-04 10:31:54.898 +0000",1762252314.898057,-0.004257,-0.355194,-0.869659
"2025-11-04 10:31:54.908 +0000",1762252314.908039,0.004913,-0.365158,-0.876419
"2025-11-04 10:31:54.918 +0000",1762252314.918020,0.010376,-0.365799,-0.903076
"2025-11-04 10:31:54.928 +0000",1762252314.928003,0.009918,-0.359833,-0.938416
"2025-11-04 10:31:54.938 +0000",1762252314.937985,0.005417,-0.334488,-0.975067
"2025-11-04 10:31:54.948 +0000",1762252314.947965,0.003006,-0.299850,-0.993301
"2025-11-04 10:31:54.958 +0000",1762252314.957947,0.000626,-0.291977,-0.990646
"2025-11-04 10:31:54.968 +0000",1762252314.967928,0.001236,-0.304245,-0.964188
"2025-11-04 10:31:54.978 +0000",1762252314.977910,0.012161,-0.313248,-0.934402
"2025-11-04 10:31:54.988 +0000",1762252314.987890,0.024216,-0.314499,-0.916824
"2025-11-04 10:31:54.998 +0000",1762252314.997872,0.037964,-0.320862,-0.913239
"2025-11-04 10:31:55.008 +0000",1762252315.007854,0.053268,-0.332214,-0.934402
"2025-11-04 10:31:55.018 +0000",1762252315.017836,0.066849,-0.334351,-0.970230
"2025-11-04 10:31:55.028 +0000",1762252315.027818,0.066666,-0.331375,-0.994629
"2025-11-04 10:31:55.038 +0000",1762252315.037799,0.063766,-0.325455,-0.998535
"2025-11-04 10:31:55.048 +0000",1762252315.047781,0.055862,-0.316681,-1.001144
"2025-11-04 10:31:55.058 +0000",1762252315.057762,0.049942,-0.312195,-0.999695
"2025-11-04 10:31:55.068 +0000",1762252315.067744,0.044708,-0.310745,-0.989731
"2025-11-04 10:31:55.078 +0000",1762252315.077726,0.024185,-0.313995,-0.983154
"2025-11-04 10:31:55.088 +0000",1762252315.087707,-0.010681,-0.327026,-0.976913
"2025-11-04 10:31:55.098 +0000",1762252315.097689,-0.046448,-0.341095,-0.970993
"2025-11-04 10:31:55.108 +0000",1762252315.107671,-0.068893,-0.358215,-0.961472
"2025-11-04 10:31:55.118 +0000",1762252315.117652,-0.069565,-0.381561,-0.939133
"2025-11-04 10:31:55.128 +0000",1762252315.127634,-0.047760,-0.399841,-0.899429
"2025-11-04 10:31:55.138 +0000",1762252315.137615,-0.021790,-0.410782,-0.866760
"2025-11-04 10:31:55.148 +0000",1762252315.147597,-0.006454,-0.417267,-0.857208
"2025-11-04 10:31:55.158 +0000",1762252315.157579,-0.012634,-0.413116,-0.852707
"2025-11-04 10:31:55.168 +0000",1762252315.167561,-0.029663,-0.395737,-0.865524
"2025-11-04 10:31:55.178 +0000",1762252315.177541,-0.049789,-0.375168,-0.880768
"2025-11-04 10:31:55.188 +0000",1762252315.187523,-0.056030,-0.361801,-0.887039
"2025-11-04 10:31:55.198 +0000",1762252315.197506,-0.040634,-0.355133,-0.892487
"2025-11-04 10:31:55.207 +0000",1762252315.207487,-0.028488,-0.346817,-0.908798
"2025-11-04 10:31:55.217 +0000",1762252315.217468,-0.026306,-0.338959,-0.931213
"2025-11-04 10:31:55.227 +0000",1762252315.227449,-0.023193,-0.337219,-0.951294
"2025-11-04 10:31:55.237 +0000",1762252315.237431,-0.023331,-0.335953,-0.966080
"2025-11-04 10:31:55.247 +0000",1762252315.247413,-0.033203,-0.327377,-0.972794
"2025-11-04 10:31:55.257 +0000",1762252315.257394,-0.046036,-0.317352,-0.972076
"2025-11-04 10:31:55.267 +0000",1762252315.267376,-0.051514,-0.317291,-0.974228
"2025-11-04 10:31:55.277 +0000",1762252315.277357,-0.054657,-0.321167,-0.967377
"2025-11-04 10:31:55.287 +0000",1762252315.287340,-0.059433,-0.326797,-0.947632
"2025-11-04 10:31:55.297 +0000",1762252315.297320,-0.053574,-0.335205,-0.928482
"2025-11-04 10:31:55.307 +0000",1762252315.307302,-0.040726,-0.338943,-0.920059
"2025-11-04 10:31:55.317 +0000",1762252315.317284,-0.034515,-0.335587,-0.924469
"2025-11-04 10:31:55.327 +0000",1762252315.327266,-0.031158,-0.333176,-0.940201
"2025-11-04 10:31:55.337 +0000",1762252315.337247,-0.033600,-0.333969,-0.957443
"2025-11-04 10:31:55.347 +0000",1762252315.347228,-0.040421,-0.336975,-0.968369
"2025-11-04 10:31:55.357 +0000",1762252315.357210,-0.049210,-0.341721,-0.970871
"2025-11-04 10:31:55.367 +0000",1762252315.367192,-0.058212,-0.345993,-0.967255
"2025-11-04 10:31:55.377 +0000",1762252315.377172,-0.059845,-0.344620,-0.956406
"2025-11-04 10:31:55.387 +0000",1762252315.387154,-0.049255,-0.333115,-0.945099
"2025-11-04 10:31:55.397 +0000",1762252315.397136,-0.038071,-0.318222,-0.942566
"2025-11-04 10:31:55.407 +0000",1762252315.407118,-0.036499,-0.309372,-0.938461
"2025-11-04 10:31:55.417 +0000",1762252315.417100,-0.043655,-0.309326,-0.934525
"2025-11-04 10:31:55.427 +0000",1762252315.427081,-0.044098,-0.316559,-0.944153
"2025-11-04 10:31:55.437 +0000",1762252315.437063,-0.045074,-0.324554,-0.965668
"2025-11-04 10:31:55.447 +0000",1762252315.447044,-0.046341,-0.319717,-0.971237
"2025-11-04 10:31:55.457 +0000",1762252315.457026,-0.048309,-0.314514,-0.956619
"2025-11-04 10:31:55.467 +0000",1762252315.467008,-0.056503,-0.328522,-0.944382
"2025-11-04 10:31:55.477 +0000",1762252315.476989,-0.050613,-0.344498,-0.952713
"2025-11-04 10:31:55.487 +0000",1762252315.486971,-0.033844,-0.349442,-0.967285
"2025-11-04 10:31:55.497 +0000",1762252315.496952,-0.022400,-0.343124,-0.976425
"2025-11-04 10:31:55.507 +0000",1762252315.506933,-0.024368,-0.328110,-0.976868
"2025-11-04 10:31:55.517 +0000",1762252315.516916,-0.042389,-0.318024,-0.975403
"2025-11-04 10:31:55.527 +0000",1762252315.526896,-0.047958,-0.319260,-0.970428
"2025-11-04 10:31:55.537 +0000",1762252315.536879,-0.040970,-0.329712,-0.957352
"2025-11-04 10:31:55.547 +0000",1762252315.546860,-0.034882,-0.333511,-0.948547
"2025-11-04 10:31:55.557 +0000",1762252315.556841,-0.027344,-0.331741,-0.949493
"2025-11-04 10:31:55.567 +0000",1762252315.566825,-0.021622,-0.331345,-0.956467
"2025-11-04 10:31:55.577 +0000",1762252315.576805,-0.017029,-0.329453,-0.966187
"2025-11-04 10:31:55.587 +0000",1762252315.586787,-0.014526,-0.322754,-0.966629
"2025-11-04 10:31:55.597 +0000",1762252315.596769,-0.018646,-0.316101,-0.960419
"2025-11-04 10:31:55.607 +0000",1762252315.606750,-0.027496,-0.308350,-0.958084
"2025-11-04 10:31:55.617 +0000",1762252315.616732,-0.033386,-0.299271,-0.964569
"2025-11-04 10:31:55.627 +0000",1762252315.626713,-0.034927,-0.303757,-0.957336
"2025-11-04 10:31:55.637 +0000",1762252315.636695,-0.053650,-0.290878,-0.871307
"2025-11-04 10:31:55.647 +0000",1762252315.646678,-0.160568,-0.324692,-0.627716
