timestamp,timeIntervalSince1970,x,y,z
"2025-11-04 10:08:00.228 +0000",1762250880.228000,-0.134747,0.036371,0.095590
"2025-11-04 10:08:00.238 +0000",1762250880.237981,-0.320306,-0.168347,0.018440
"2025-11-04 10:08:00.248 +0000",1762250880.247962,-0.355225,-0.396447,-0.058466
"2025-11-04 10:08:00.258 +0000",1762250880.257943,-0.222810,-0.469050,-0.126259
"2025-11-04 10:08:00.268 +0000",1762250880.267924,-0.044311,-0.355212,-0.194702
"2025-11-04 10:08:00.278 +0000",1762250880.277905,0.083806,-0.199139,-0.257122
"2025-11-04 10:08:00.288 +0000",1762250880.287887,0.163189,-0.042111,-0.309090
"2025-11-04 10:08:00.298 +0000",1762250880.297868,0.194894,0.103866,-0.327630
"2025-11-04 10:08:00.308 +0000",1762250880.307848,0.152755,0.141316,-0.315040
"2025-11-04 10:08:00.318 +0000",1762250880.317829,0.066324,0.091676,-0.295797
"2025-11-04 10:08:00.328 +0000",1762250880.327810,-0.045446,0.009755,-0.269295
"2025-11-04 10:08:00.338 +0000",1762250880.337791,-0.129859,-0.098700,-0.230388
"2025-11-04 10:08:00.348 +0000",1762250880.347773,-0.189022,-0.198312,-0.190300
"2025-11-04 10:08:00.358 +0000",1762250880.357754,-0.225163,-0.249170,-0.133898
"2025-11-04 10:08:00.368 +0000",1762250880.367735,-0.244796,-0.255383,-0.067909
"2025-11-04 10:08:00.378 +0000",1762250880.377716,-0.247186,-0.222669,0.004731
"2025-11-04 10:08:00.388 +0000",1762250880.387697,-0.217996,-0.172680,0.053479
"2025-11-04 10:08:00.398 +0000",1762250880.397679,-0.166081,-0.100409,0.079457
"2025-11-04 10:08:00.408 +0000",1762250880.407660,-0.124369,-0.049945,0.064961
"2025-11-04 10:08:00.418 +0000",1762250880.417641,-0.060200,-0.043767,0.005015
"2025-11-04 10:08:00.428 +0000",1762250880.427623,0.023985,-0.036253,-0.081058
"2025-11-04 10:08:00.438 +0000",1762250880.437603,0.094705,-0.055314,-0.158354
"2025-11-04 10:08:00.448 +0000",1762250880.447584,0.139095,-0.112957,-0.215624
"2025-11-04 10:08:00.458 +0000",1762250880.457566,0.146400,-0.187155,-0.250623
"2025-11-04 10:08:00.468 +0000",1762250880.467547,0.098394,-0.250996,-0.223517
"2025-11-04 10:08:00.478 +0000",1762250880.477529,-0.006497,-0.308626,-0.155832
"2025-11-04 10:08:00.488 +0000",1762250880.487510,-0.112580,-0.376208,-0.090322
"2025-11-04 10:08:00.497 +0000",1762250880.497491,-0.193935,-0.451366,-0.039849
"2025-11-04 10:08:00.507 +0000",1762250880.507471,-0.224287,-0.453075,0.009805
"2025-11-04 10:08:00.517 +0000",1762250880.517454,-0.217666,-0.407671,0.041132
"2025-11-04 10:08:00.527 +0000",1762250880.527435,-0.176434,-0.329958,0.032778
"2025-11-04 10:08:00.537 +0000",1762250880.537415,-0.113842,-0.253038,-0.020421
"2025-11-04 10:08:00.547 +0000",1762250880.547396,-0.045793,-0.214552,-0.079797
"2025-11-04 10:08:00.557 +0000",1762250880.557377,0.002686,-0.206876,-0.120403
"2025-11-04 10:08:00.567 +0000",1762250880.567359,0.008619,-0.219925,-0.165125
"2025-11-04 10:08:00.577 +0000",1762250880.577340,-0.037772,-0.273305,-0.188256
"2025-11-04 10:08:00.587 +0000",1762250880.587322,-0.131958,-0.353656,-0.174878
"2025-11-04 10:08:00.597 +0000",1762250880.597302,-0.233283,-0.441827,-0.160942
"2025-11-04 10:08:00.607 +0000",1762250880.607283,-0.297109,-0.513599,-0.155054
"2025-11-04 10:08:00.617 +0000",1762250880.617265,-0.330088,-0.573105,-0.161601
"2025-11-04 10:08:00.627 +0000",1762250880.627246,-0.337869,-0.561131,-0.176318
"2025-11-04 10:08:00.637 +0000",1762250880.637227,-0.320383,-0.475767,-0.187500
"2025-11-04 10:08:00.647 +0000",1762250880.647209,-0.270460,-0.379326,-0.193300
"2025-11-04 10:08:00.657 +0000",1762250880.657189,-0.194239,-0.329624,-0.203426
"2025-11-04 10:08:00.667 +0000",1762250880.667171,-0.095388,-0.220881,-0.193103
"2025-11-04 10:08:00.677 +0000",1762250880.677151,-0.015435,-0.103906,-0.157118
"2025-11-04 10:08:00.687 +0000",1762250880.687133,0.032520,-0.038119,-0.133002
"2025-11-04 10:08:00.697 +0000",1762250880.697115,0.038787,-0.165996,-0.108921
"2025-11-04 10:08:00.707 +0000",1762250880.707095,0.098488,-0.226587,0.181738
"2025-11-04 10:08:00.717 +0000",1762250880.717076,0.100948,-0.132882,0.492540
"2025-11-04 10:08:00.727 +0000",1762250880.727057,0.190206,-0.143258,0.487138
"2025-11-04 10:08:00.737 +0000",1762250880.737040,0.190635,-0.156946,0.411470
"2025-11-04 10:08:00.747 +0000",1762250880.747020,0.122127,-0.109652,0.349964
"2025-11-04 10:08:00.757 +0000",1762250880.757001,0.079832,-0.153188,0.278689
"2025-11-04 10:08:00.767 +0000",1762250880.766982,0.018438,-0.187013,0.225339
"2025-11-04 10:08:00.777 +0000",1762250880.776963,-0.072150,-0.171272,0.191630
"2025-11-04 10:08:00.787 +0000",1762250880.786944,-0.164962,-0.128847,0.170010
"2025-11-04 10:08:00.797 +0000",1762250880.796928,-0.216455,-0.059769,0.136570
"2025-11-04 10:08:00.807 +0000",1762250880.806907,-0.195993,0.008664,0.121400
"2025-11-04 10:08:00.817 +0000",1762250880.816889,-0.092565,0.043709,0.114219
"2025-11-04 10:08:00.827 +0000",1762250880.826870,0.033899,0.046578,0.091917
"2025-11-04 10:08:00.837 +0000",1762250880.836850,0.104497,0.048519,0.050339
"2025-11-04 10:08:00.847 +0000",1762250880.846831,0.093208,0.063316,0.003231
"2025-11-04 10:08:00.857 +0000",1762250880.856814,0.041581,0.079217,-0.052762
"2025-11-04 10:08:00.867 +0000",1762250880.866795,0.005274,0.097217,-0.104102
"2025-11-04 10:08:00.877 +0000",1762250880.876776,0.031846,0.099598,-0.131818
"2025-11-04 10:08:00.887 +0000",1762250880.886757,0.114979,0.069738,-0.125851
"2025-11-04 10:08:00.897 +0000",1762250880.896738,0.215351,-0.010781,-0.097493
"2025-11-04 10:08:00.907 +0000",1762250880.906720,0.275074,-0.088053,-0.050461
"2025-11-04 10:08:00.917 +0000",1762250880.916701,0.264485,-0.112110,0.018196
"2025-11-04 10:08:00.927 +0000",1762250880.926682,0.192805,-0.105021,0.086266
"2025-11-04 10:08:00.937 +0000",1762250880.936662,0.094975,-0.075671,0.153742
"2025-11-04 10:08:00.947 +0000",1762250880.946644,0.008039,-0.052958,0.224925
"2025-11-04 10:08:00.957 +0000",1762250880.956625,-0.017438,-0.039922,0.252237
"2025-11-04 10:08:00.967 +0000",1762250880.966606,0.023723,-0.043086,0.243951
"2025-11-04 10:08:00.977 +0000",1762250880.976587,0.106089,-0.073859,0.219871
"2025-11-04 10:08:00.987 +0000",1762250880.986569,0.180976,-0.137387,0.180842
"2025-11-04 10:08:00.997 +0000",1762250880.996549,0.226891,-0.215089,0.134088
"2025-11-04 10:08:01.007 +0000",1762250881.006530,0.252160,-0.271168,0.098479
"2025-11-04 10:08:01.017 +0000",1762250881.016512,0.276780,-0.275492,0.081425
"2025-11-04 10:08:01.026 +0000",1762250881.026493,0.292125,-0.247284,0.070625
"2025-11-04 10:08:01.036 +0000",1762250881.036475,0.303660,-0.184595,0.057315
"2025-11-04 10:08:01.046 +0000",1762250881.046456,0.280787,-0.073273,0.052186
"2025-11-04 10:08:01.056 +0000",1762250881.056436,0.188549,0.048755,0.081871
"2025-11-04 10:08:01.066 +0000",1762250881.066417,0.006308,0.100396,0.117568
"2025-11-04 10:08:01.076 +0000",1762250881.076400,-0.195647,0.063301,0.151519
"2025-11-04 10:08:01.086 +0000",1762250881.086380,-0.335252,-0.035151,0.148319
"2025-11-04 10:08:01.096 +0000",1762250881.096361,-0.361897,-0.115074,0.128298
"2025-11-04 10:08:01.106 +0000",1762250881.106343,-0.302987,-0.153771,0.080671
"2025-11-04 10:08:01.116 +0000",1762250881.116324,-0.216777,-0.145295,0.009966
"2025-11-04 10:08:01.126 +0000",1762250881.126305,-0.162060,-0.101336,-0.076923
"2025-11-04 10:08:01.136 +0000",1762250881.136287,-0.166310,-0.026779,-0.149314
"2025-11-04 10:08:01.146 +0000",1762250881.146267,-0.208961,0.049968,-0.181491
"2025-11-04 10:08:01.156 +0000",1762250881.156249,-0.249912,0.098635,-0.164578
"2025-11-04 10:08:01.166 +0000",1762250881.166230,-0.257586,0.113276,-0.111306
"2025-11-04 10:08:01.176 +0000",1762250881.176210,-0.234601,0.114388,-0.043037
"2025-11-04 10:08:01.186 +0000",1762250881.186191,-0.206934,0.107265,0.016684
"2025-11-04 10:08:01.196 +0000",1762250881.196173,-0.176001,0.076055,0.045765
"2025-11-04 10:08:01.206 +0000",1762250881.206153,-0.135357,0.049167,0.047056
"2025-11-04 10:08:01.216 +0000",1762250881.216135,-0.080083,0.018026,0.045429
"2025-11-04 10:08:01.226 +0000",1762250881.226116,-0.014176,-0.021582,0.056076
"2025-11-04 10:08:01.236 +0000",1762250881.236097,0.062495,-0.070412,0.088346
"2025-11-04 10:08:01.246 +0000",1762250881.246079,0.160281,-0.122675,0.109098
"2025-11-04 10:08:01.256 +0000",1762250881.256059,0.273435,-0.145914,0.120268
"2025-11-04 10:08:01.266 +0000",1762250881.266040,0.374045,-0.122767,0.135073
"2025-11-04 10:08:01.276 +0000",1762250881.276021,0.423889,-0.071243,0.157070
"2025-11-04 10:08:01.286 +0000",1762250881.286003,0.407684,-0.010578,0.190549
"2025-11-04 10:08:01.296 +0000",1762250881.296013,0.322532,0.032134,0.221153
"2025-11-04 10:08:01.306 +0000",1762250881.305966,0.180241,0.041997,0.249342
"2025-11-04 10:08:01.316 +0000",1762250881.315948,0.015594,-0.004129,0.264466
"2025-11-04 10:08:01.326 +0000",1762250881.325929,-0.108658,-0.071968,0.258689
"2025-11-04 10:08:01.336 +0000",1762250881.335910,-0.154545,-0.132932,0.241344
"2025-11-04 10:08:01.346 +0000",1762250881.345891,-0.124511,-0.170134,0.210739
"2025-11-04 10:08:01.356 +0000",1762250881.355873,-0.058011,-0.181412,0.179051
"2025-11-04 10:08:01.366 +0000",1762250881.365854,-0.013039,-0.149588,0.142295
"2025-11-04 10:08:01.376 +0000",1762250881.375835,-0.029856,-0.084525,0.109847
"2025-11-04 10:08:01.386 +0000",1762250881.385817,-0.091141,-0.013804,0.081268
"2025-11-04 10:08:01.396 +0000",1762250881.395797,-0.191617,0.091408,0.072475
"2025-11-04 10:08:01.406 +0000",1762250881.405777,-0.300889,0.188100,0.081144
"2025-11-04 10:08:01.416 +0000",1762250881.415762,-0.382359,0.210092,0.099786
"2025-11-04 10:08:01.426 +0000",1762250881.425742,-0.418616,0.167513,0.098678
"2025-11-04 10:08:01.436 +0000",1762250881.435722,-0.417498,0.102604,0.068436
"2025-11-04 10:08:01.446 +0000",1762250881.445703,-0.407376,0.032948,0.001607
"2025-11-04 10:08:01.456 +0000",1762250881.455685,-0.392101,0.001226,-0.084222
"2025-11-04 10:08:01.466 +0000",1762250881.465665,-0.383153,-0.004498,-0.152839
"2025-11-04 10:08:01.476 +0000",1762250881.475647,-0.327208,-0.028182,-0.186126
"2025-11-04 10:08:01.486 +0000",1762250881.485628,-0.227920,0.012424,-0.188532
"2025-11-04 10:08:01.496 +0000",1762250881.495608,-0.123709,0.084093,-0.178258
"2025-11-04 10:08:01.506 +0000",1762250881.505589,-0.037045,0.131326,-0.158508
"2025-11-04 10:08:01.516 +0000",1762250881.515571,0.041625,0.162083,-0.123943
"2025-11-04 10:08:01.526 +0000",1762250881.525553,0.090238,0.163785,-0.067330
"2025-11-04 10:08:01.536 +0000",1762250881.535534,0.118133,0.084211,0.012229
"2025-11-04 10:08:01.546 +0000",1762250881.545515,0.100819,0.015665,0.087793
"2025-11-04 10:08:01.555 +0000",1762250881.555496,0.016743,-0.034230,0.145938
"2025-11-04 10:08:01.565 +0000",1762250881.565477,-0.060013,-0.086737,0.186326
"2025-11-04 10:08:01.575 +0000",1762250881.575459,-0.069332,-0.135460,0.194769
"2025-11-04 10:08:01.585 +0000",1762250881.585440,0.001928,-0.146003,0.171112
"2025-11-04 10:08:01.595 +0000",1762250881.595421,0.135443,-0.142528,0.122028
"2025-11-04 10:08:01.605 +0000",1762250881.605402,0.250357,-0.116076,0.071452
"2025-11-04 10:08:01.615 +0000",1762250881.615383,0.271600,-0.074631,0.030810
"2025-11-04 10:08:01.625 +0000",1762250881.625364,0.187113,-0.049174,0.027230
"2025-11-04 10:08:01.635 +0000",1762250881.635346,0.036758,-0.019526,0.051328
"2025-11-04 10:08:01.645 +0000",1762250881.645328,-0.133917,0.008100,0.085584
"2025-11-04 10:08:01.655 +0000",1762250881.655308,-0.269023,0.017730,0.116162
"2025-11-04 10:08:01.665 +0000",1762250881.665289,-0.336817,0.039239,0.127256
"2025-11-04 10:08:01.675 +0000",1762250881.675269,-0.333044,0.067094,0.118485
"2025-11-04 10:08:01.685 +0000",1762250881.685252,-0.293690,0.103656,0.086022
"2025-11-04 10:08:01.695 +0000",1762250881.695233,-0.246517,0.162127,0.048025
"2025-11-04 10:08:01.705 +0000",1762250881.705213,-0.209850,0.196827,0.007881
"2025-11-04 10:08:01.715 +0000",1762250881.715195,-0.187381,0.205912,-0.020779
"2025-11-04 10:08:01.725 +0000",1762250881.725176,-0.172238,0.217640,-0.040367
"2025-11-04 10:08:01.735 +0000",1762250881.735157,-0.157397,0.224225,-0.052567
"2025-11-04 10:08:01.745 +0000",1762250881.745139,-0.159626,0.209471,-0.050664
"2025-11-04 10:08:01.755 +0000",1762250881.755120,-0.189378,0.183701,-0.028290
"2025-11-04 10:08:01.765 +0000",1762250881.765101,-0.230802,0.131763,0.004468
"2025-11-04 10:08:01.775 +0000",1762250881.775083,-0.259505,0.053228,0.022977
"2025-11-04 10:08:01.785 +0000",1762250881.785063,-0.265776,-0.005346,0.017856
"2025-11-04 10:08:01.795 +0000",1762250881.795045,-0.260141,-0.018008,0.001029
"2025-11-04 10:08:01.805 +0000",1762250881.805026,-0.249777,-0.049052,-0.005674
"2025-11-04 10:08:01.815 +0000",1762250881.815007,-0.210639,-0.067351,-0.005771
"2025-11-04 10:08:01.825 +0000",1762250881.824988,-0.122358,-0.069782,0.021632
"2025-11-04 10:08:01.835 +0000",1762250881.834969,-0.010229,-0.045844,0.061280
"2025-11-04 10:08:01.845 +0000",1762250881.844950,0.071680,-0.012199,0.101475
"2025-11-04 10:08:01.855 +0000",1762250881.854932,0.099426,-0.005502,0.130340
"2025-11-04 10:08:01.865 +0000",1762250881.864913,0.075763,-0.008485,0.152669
"2025-11-04 10:08:01.875 +0000",1762250881.874894,0.041329,0.005107,0.158565
"2025-11-04 10:08:01.885 +0000",1762250881.884875,0.027795,0.028561,0.145551
"2025-11-04 10:08:01.895 +0000",1762250881.894856,0.055008,0.054321,0.111501
"2025-11-04 10:08:01.905 +0000",1762250881.904838,0.123377,0.057639,0.072982
"2025-11-04 10:08:01.915 +0000",1762250881.914819,0.212989,0.028900,0.038348
"2025-11-04 10:08:01.925 +0000",1762250881.924800,0.281425,0.006185,0.005587
"2025-11-04 10:08:01.935 +0000",1762250881.934781,0.302931,-0.001027,-0.019600
"2025-11-04 10:08:01.945 +0000",1762250881.944762,0.291601,0.000370,-0.048326
"2025-11-04 10:08:01.955 +0000",1762250881.954743,0.249398,0.019855,-0.078406
"2025-11-04 10:08:01.965 +0000",1762250881.964725,0.177153,0.048717,-0.071869
"2025-11-04 10:08:01.975 +0000",1762250881.974706,0.113519,0.033522,-0.022816
"2025-11-04 10:08:01.985 +0000",1762250881.984687,0.097264,-0.046942,0.032188
"2025-11-04 10:08:01.995 +0000",1762250881.994668,0.142008,-0.137995,0.066700
"2025-11-04 10:08:02.005 +0000",1762250882.004649,0.229397,-0.199916,0.077083
"2025-11-04 10:08:02.015 +0000",1762250882.014631,0.297619,-0.232473,0.083148
"2025-11-04 10:08:02.025 +0000",1762250882.024612,0.314887,-0.261416,0.101959
"2025-11-04 10:08:02.035 +0000",1762250882.034593,0.295459,-0.248116,0.129885
"2025-11-04 10:08:02.045 +0000",1762250882.044573,0.244617,-0.251587,0.151304
"2025-11-04 10:08:02.055 +0000",1762250882.054555,0.175418,-0.210492,0.171876
"2025-11-04 10:08:02.065 +0000",1762250882.064536,0.096744,-0.133203,0.195755
"2025-11-04 10:08:02.075 +0000",1762250882.074518,0.005445,-0.101060,0.222913
"2025-11-04 10:08:02.084 +0000",1762250882.084499,-0.089281,-0.123052,0.251046
"2025-11-04 10:08:02.094 +0000",1762250882.094480,-0.185394,-0.159680,0.278801
"2025-11-04 10:08:02.104 +0000",1762250882.104461,-0.278199,-0.179118,0.291556
"2025-11-04 10:08:02.114 +0000",1762250882.114442,-0.340091,-0.189471,0.258376
"2025-11-04 10:08:02.124 +0000",1762250882.124423,-0.359033,-0.203130,0.183553
"2025-11-04 10:08:02.134 +0000",1762250882.134405,-0.330553,-0.188950,0.089031
"2025-11-04 10:08:02.144 +0000",1762250882.144386,-0.270519,-0.149230,-0.008052
"2025-11-04 10:08:02.154 +0000",1762250882.154366,-0.188157,-0.123795,-0.081968
"2025-11-04 10:08:02.164 +0000",1762250882.164349,-0.104447,-0.126039,-0.116200
"2025-11-04 10:08:02.174 +0000",1762250882.174329,-0.040572,-0.139323,-0.102932
"2025-11-04 10:08:02.184 +0000",1762250882.184311,-0.008645,-0.140272,-0.058568
"2025-11-04 10:08:02.194 +0000",1762250882.194291,0.009036,-0.130528,0.002390
"2025-11-04 10:08:02.204 +0000",1762250882.204273,0.029276,-0.091649,0.065406
"2025-11-04 10:08:02.214 +0000",1762250882.214255,0.049483,-0.008474,0.113695
"2025-11-04 10:08:02.224 +0000",1762250882.224236,0.062517,0.079805,0.144854
"2025-11-04 10:08:02.234 +0000",1762250882.234217,0.067348,0.135586,0.166504
"2025-11-04 10:08:02.244 +0000",1762250882.244198,0.092789,0.139933,0.176321
"2025-11-04 10:08:02.254 +0000",1762250882.254178,0.152830,0.111236,0.186876
"2025-11-04 10:08:02.264 +0000",1762250882.264161,0.231257,0.074778,0.199167
"2025-11-04 10:08:02.274 +0000",1762250882.274142,0.276709,0.059762,0.213077
"2025-11-04 10:08:02.284 +0000",1762250882.284123,0.242646,0.058307,0.215865
"2025-11-04 10:08:02.294 +0000",1762250882.294103,0.131230,0.085345,0.226150
"2025-11-04 10:08:02.304 +0000",1762250882.304085,0.015494,0.099715,0.245812
"2025-11-04 10:08:02.314 +0000",1762250882.314066,-0.012249,0.123918,0.261534
"2025-11-04 10:08:02.324 +0000",1762250882.324048,0.073727,0.167466,0.273660
"2025-11-04 10:08:02.334 +0000",1762250882.334030,0.212409,0.153738,0.266173
"2025-11-04 10:08:02.344 +0000",1762250882.344010,0.329858,0.093892,0.253323
"2025-11-04 10:08:02.354 +0000",1762250882.353991,0.372070,0.047681,0.235431
"2025-11-04 10:08:02.364 +0000",1762250882.363972,0.348263,0.068365,0.224084
"2025-11-04 10:08:02.374 +0000",1762250882.373955,0.289419,0.104768,0.218443
"2025-11-04 10:08:02.384 +0000",1762250882.383935,0.208509,0.128201,0.221494
"2025-11-04 10:08:02.394 +0000",1762250882.393916,0.106339,0.136303,0.243942
"2025-11-04 10:08:02.404 +0000",1762250882.403896,-0.012332,0.143956,0.261357
"2025-11-04 10:08:02.414 +0000",1762250882.413878,-0.118653,0.160738,0.261833
"2025-11-04 10:08:02.424 +0000",1762250882.423861,-0.214743,0.170994,0.229226
"2025-11-04 10:08:02.434 +0000",1762250882.433841,-0.252006,0.158380,0.182983
"2025-11-04 10:08:02.444 +0000",1762250882.443822,-0.205142,0.142226,0.127993
"2025-11-04 10:08:02.454 +0000",1762250882.453803,-0.121480,0.143594,0.066007
"2025-11-04 10:08:02.464 +0000",1762250882.463785,-0.064919,0.148526,0.024757
"2025-11-04 10:08:02.474 +0000",1762250882.473765,-0.059872,0.147792,0.008396
"2025-11-04 10:08:02.484 +0000",1762250882.483747,-0.093660,0.141139,0.008136
"2025-11-04 10:08:02.494 +0000",1762250882.493729,-0.118210,0.135227,0.010741
"2025-11-04 10:08:02.504 +0000",1762250882.503709,-0.105285,0.128713,0.015909
"2025-11-04 10:08:02.514 +0000",1762250882.513690,-0.053725,0.142229,0.019342
"2025-11-04 10:08:02.524 +0000",1762250882.523672,0.016843,0.135061,0.026163
"2025-11-04 10:08:02.534 +0000",1762250882.533653,0.084583,0.109036,0.033103
"2025-11-04 10:08:02.544 +0000",1762250882.543634,0.111609,0.076622,0.034383
"2025-11-04 10:08:02.554 +0000",1762250882.553615,0.097224,0.059052,0.028700
"2025-11-04 10:08:02.564 +0000",1762250882.563596,0.058466,0.040393,0.008656
"2025-11-04 10:08:02.574 +0000",1762250882.573578,0.034172,0.008080,0.009194
"2025-11-04 10:08:02.584 +0000",1762250882.583559,0.049667,-0.027538,0.029527
"2025-11-04 10:08:02.594 +0000",1762250882.593540,0.110577,-0.066769,0.064765
"2025-11-04 10:08:02.604 +0000",1762250882.603520,0.203374,-0.099155,0.093956
"2025-11-04 10:08:02.614 +0000",1762250882.613501,0.304065,-0.100860,0.120437
"2025-11-04 10:08:02.623 +0000",1762250882.623484,0.367302,-0.089501,0.143666
"2025-11-04 10:08:02.633 +0000",1762250882.633466,0.411511,-0.063132,0.169296
"2025-11-04 10:08:02.643 +0000",1762250882.643446,0.434473,0.017802,0.188995
"2025-11-04 10:08:02.653 +0000",1762250882.653427,0.414579,0.128659,0.200549
"2025-11-04 10:08:02.663 +0000",1762250882.663407,0.346065,0.228853,0.219003
"2025-11-04 10:08:02.673 +0000",1762250882.673390,0.250756,0.274640,0.246019
"2025-11-04 10:08:02.683 +0000",1762250882.683371,0.155590,0.244636,0.277160
"2025-11-04 10:08:02.693 +0000",1762250882.693352,0.088482,0.151175,0.298319
"2025-11-04 10:08:02.703 +0000",1762250882.703333,0.041628,0.028429,0.310059
"2025-11-04 10:08:02.713 +0000",1762250882.713314,0.008645,-0.067640,0.302700
"2025-11-04 10:08:02.723 +0000",1762250882.723295,-0.008834,-0.099650,0.280615
"2025-11-04 10:08:02.733 +0000",1762250882.733278,-0.000336,-0.055741,0.247692
"2025-11-04 10:08:02.743 +0000",1762250882.743258,0.013319,0.018571,0.215723
"2025-11-04 10:08:02.753 +0000",1762250882.753238,0.008449,0.080446,0.189872
"2025-11-04 10:08:02.763 +0000",1762250882.763219,-0.032715,0.142339,0.198282
"2025-11-04 10:08:02.773 +0000",1762250882.773202,-0.133468,0.212572,0.251312
"2025-11-04 10:08:02.783 +0000",1762250882.783183,-0.269168,0.265746,0.330837
"2025-11-04 10:08:02.793 +0000",1762250882.793164,-0.384438,0.315421,0.388445
"2025-11-04 10:08:02.803 +0000",1762250882.803144,-0.424878,0.345535,0.403408
"2025-11-04 10:08:02.813 +0000",1762250882.813126,-0.396219,0.337599,0.388425
"2025-11-04 10:08:02.823 +0000",1762250882.823108,-0.295440,0.250734,0.341697
"2025-11-04 10:08:02.833 +0000",1762250882.833090,-0.125172,0.114700,0.168704
"2025-11-04 10:08:02.843 +0000",1762250882.843070,0.057885,-0.024808,-0.070898
"2025-11-04 10:08:02.853 +0000",1762250882.853051,0.188301,-0.157174,-0.214147
"2025-11-04 10:08:02.863 +0000",1762250882.863031,0.268793,-0.204298,-0.177421
"2025-11-04 10:08:02.873 +0000",1762250882.873013,0.329220,-0.132442,-0.046778
"2025-11-04 10:08:02.883 +0000",1762250882.882995,0.351149,0.022298,0.094408
"2025-11-04 10:08:02.893 +0000",1762250882.892976,0.318409,0.306989,0.232054
"2025-11-04 10:08:02.903 +0000",1762250882.902957,0.267606,0.565531,0.391459
"2025-11-04 10:08:02.913 +0000",1762250882.912937,0.223089,0.725531,0.526742
"2025-11-04 10:08:02.923 +0000",1762250882.922919,0.188705,0.827425,0.616323
"2025-11-04 10:08:02.933 +0000",1762250882.932902,0.162581,0.549342,0.393382
"2025-11-04 10:08:02.943 +0000",1762250882.942882,0.111563,0.032071,0.043901
"2025-11-04 10:08:02.953 +0000",1762250882.952863,0.087130,-0.551891,-0.064602
"2025-11-04 10:08:02.963 +0000",1762250882.962845,0.071257,-0.920887,0.068515
"2025-11-04 10:08:02.973 +0000",1762250882.972826,0.064272,-1.147343,0.087256
"2025-11-04 10:08:02.983 +0000",1762250882.982807,-0.018448,-1.150221,0.068626
"2025-11-04 10:08:02.993 +0000",1762250882.992788,-0.107401,-1.074470,0.046506
"2025-11-04 10:08:03.003 +0000",1762250883.002769,-0.111846,-0.969772,0.001825
"2025-11-04 10:08:03.013 +0000",1762250883.012751,-0.034547,-0.830894,-0.007221
"2025-11-04 10:08:03.023 +0000",1762250883.022732,0.076534,-0.641927,0.029089
"2025-11-04 10:08:03.033 +0000",1762250883.032713,0.195411,-0.467589,0.059368
"2025-11-04 10:08:03.043 +0000",1762250883.042693,0.278167,-0.322336,0.095278
"2025-11-04 10:08:03.053 +0000",1762250883.052675,0.201965,-0.302473,0.113515
"2025-11-04 10:08:03.063 +0000",1762250883.062656,0.112771,-0.191521,0.088374
"2025-11-04 10:08:03.073 +0000",1762250883.072638,0.108937,-0.180563,0.069327
"2025-11-04 10:08:03.083 +0000",1762250883.082619,0.193741,-0.231729,0.047097
"2025-11-04 10:08:03.093 +0000",1762250883.092600,0.272307,-0.337385,0.019173
"2025-11-04 10:08:03.103 +0000",1762250883.102581,0.292518,-0.368902,-0.010583
"2025-11-04 10:08:03.113 +0000",1762250883.112562,0.243300,-0.222561,-0.023770
"2025-11-04 10:08:03.123 +0000",1762250883.122544,0.165194,0.066123,-0.036283
"2025-11-04 10:08:03.133 +0000",1762250883.132525,-0.005650,0.333865,-0.066407
"2025-11-04 10:08:03.143 +0000",1762250883.142506,-0.834448,-0.611340,-0.259087
"2025-11-04 10:08:03.152 +0000",1762250883.152487,-1.262973,-1.587232,-0.151102
"2025-11-04 10:08:03.162 +0000",1762250883.162468,-1.179806,-1.451767,0.154821
"2025-11-04 10:08:03.172 +0000",1762250883.172449,-1.107710,-0.775297,0.493188
"2025-11-04 10:08:03.182 +0000",1762250883.182431,-0.995401,-0.178763,0.676141
"2025-11-04 10:08:03.192 +0000",1762250883.192411,-0.682629,0.252293,0.866971
"2025-11-04 10:08:03.202 +0000",1762250883.202392,-0.257545,0.758438,0.975248
"2025-11-04 10:08:03.212 +0000",1762250883.212374,0.212546,1.293399,0.735446
"2025-11-04 10:08:03.222 +0000",1762250883.222355,0.883018,1.524640,0.318874
"2025-11-04 10:08:03.232 +0000",1762250883.232337,1.603518,1.726215,0.024885
"2025-11-04 10:08:03.242 +0000",1762250883.242318,2.072249,2.411502,0.012556
"2025-11-04 10:08:03.252 +0000",1762250883.252298,2.276800,3.136657,0.328858
"2025-11-04 10:08:03.262 +0000",1762250883.262280,1.904733,4.041820,0.367051
"2025-11-04 10:08:03.272 +0000",1762250883.272261,1.288552,3.557137,0.378443
"2025-11-04 10:08:03.282 +0000",1762250883.282242,0.047995,1.607784,0.378600
"2025-11-04 10:08:03.292 +0000",1762250883.292223,-0.835932,0.653223,0.399162
"2025-11-04 10:08:03.302 +0000",1762250883.302206,-1.155914,0.914252,0.289663
"2025-11-04 10:08:03.312 +0000",1762250883.312186,-1.174830,1.283980,0.125230
"2025-11-04 10:08:03.322 +0000",1762250883.322167,-0.967915,1.366642,0.028261
"2025-11-04 10:08:03.332 +0000",1762250883.332148,-0.713901,1.222657,0.067187
"2025-11-04 10:08:03.342 +0000",1762250883.342129,-0.522164,1.194800,0.100169
"2025-11-04 10:08:03.352 +0000",1762250883.352111,-0.369803,1.268663,0.111189
"2025-11-04 10:08:03.362 +0000",1762250883.362092,-0.256572,1.396580,0.169696
"2025-11-04 10:08:03.372 +0000",1762250883.372073,-0.241419,1.586002,0.235110
"2025-11-04 10:08:03.382 +0000",1762250883.382054,-0.363871,1.704509,0.329540
"2025-11-04 10:08:03.392 +0000",1762250883.392035,-0.663308,2.080228,0.529832
"2025-11-04 10:08:03.402 +0000",1762250883.402017,-1.098075,2.756160,0.716459
"2025-11-04 10:08:03.412 +0000",1762250883.411998,-1.703836,3.243807,0.926036
"2025-11-04 10:08:03.422 +0000",1762250883.421979,-2.411094,3.245751,1.203293
"2025-11-04 10:08:03.432 +0000",1762250883.431960,-2.784872,2.220150,1.284314
"2025-11-04 10:08:03.442 +0000",1762250883.441941,-2.763946,1.531498,1.337795
"2025-11-04 10:08:03.452 +0000",1762250883.451922,-2.532576,1.166559,1.100621
"2025-11-04 10:08:03.462 +0000",1762250883.461904,-2.091260,1.326176,0.618523
"2025-11-04 10:08:03.472 +0000",1762250883.471885,-1.391769,1.565702,0.066533
"2025-11-04 10:08:03.482 +0000",1762250883.481865,-0.576269,1.587418,-0.441840
"2025-11-04 10:08:03.492 +0000",1762250883.491848,0.097493,1.334180,-0.801694
"2025-11-04 10:08:03.502 +0000",1762250883.501830,0.452711,1.008892,-0.987806
"2025-11-04 10:08:03.512 +0000",1762250883.511810,0.545554,0.738019,-1.078099
"2025-11-04 10:08:03.522 +0000",1762250883.521791,0.482450,0.559935,-1.179985
"2025-11-04 10:08:03.532 +0000",1762250883.531772,0.364674,0.455297,-1.347876
"2025-11-04 10:08:03.542 +0000",1762250883.541754,0.257004,0.365113,-1.689405
"2025-11-04 10:08:03.552 +0000",1762250883.551736,0.291893,-0.169039,-1.929515
"2025-11-04 10:08:03.562 +0000",1762250883.561716,0.606767,-1.168687,-1.444218
"2025-11-04 10:08:03.572 +0000",1762250883.571697,0.779658,-1.441680,-1.319144
"2025-11-04 10:08:03.582 +0000",1762250883.581678,0.808426,-1.159188,-1.497031
"2025-11-04 10:08:03.592 +0000",1762250883.591660,0.736783,-0.791204,-1.517833
"2025-11-04 10:08:03.602 +0000",1762250883.601641,0.631374,-0.356526,-1.376099
"2025-11-04 10:08:03.612 +0000",1762250883.611622,0.473287,-0.031666,-1.197645
"2025-11-04 10:08:03.622 +0000",1762250883.621603,0.207731,0.033504,-0.972398
"2025-11-04 10:08:03.632 +0000",1762250883.631584,-0.179508,-0.143880,-0.684092
"2025-11-04 10:08:03.642 +0000",1762250883.641566,-0.589870,-0.327918,-0.409351
"2025-11-04 10:08:03.652 +0000",1762250883.651547,-0.878224,-0.253617,-0.233435
"2025-11-04 10:08:03.662 +0000",1762250883.661528,-0.992233,-0.122014,-0.227838
"2025-11-04 10:08:03.672 +0000",1762250883.671509,-0.918275,0.043192,-0.331869
"2025-11-04 10:08:03.681 +0000",1762250883.681490,-0.715873,0.210427,-0.412785
"2025-11-04 10:08:03.691 +0000",1762250883.691472,-0.507766,0.303547,-0.385332
"2025-11-04 10:08:03.701 +0000",1762250883.701453,-0.418446,0.534569,-0.171214
"2025-11-04 10:08:03.711 +0000",1762250883.711434,-0.136870,0.460185,0.056440
"2025-11-04 10:08:03.721 +0000",1762250883.721415,0.026008,0.358898,0.425967
"2025-11-04 10:08:03.731 +0000",1762250883.731395,0.218979,0.278929,0.656567
"2025-11-04 10:08:03.741 +0000",1762250883.741378,0.476262,0.160442,0.796044
"2025-11-04 10:08:03.751 +0000",1762250883.751359,0.643346,0.161145,0.852735
"2025-11-04 10:08:03.761 +0000",1762250883.761340,0.683794,0.149386,0.794085
"2025-11-04 10:08:03.771 +0000",1762250883.771320,0.629620,0.079840,0.670130
"2025-11-04 10:08:03.781 +0000",1762250883.781303,0.474508,-0.010669,0.522138
"2025-11-04 10:08:03.791 +0000",1762250883.791284,0.237470,-0.121527,0.372944
"2025-11-04 10:08:03.801 +0000",1762250883.801265,-0.016249,-0.257610,0.268462
"2025-11-04 10:08:03.811 +0000",1762250883.811246,-0.185739,-0.428453,0.231052
"2025-11-04 10:08:03.821 +0000",1762250883.821227,-0.205677,-0.575983,0.233561
"2025-11-04 10:08:03.831 +0000",1762250883.831209,-0.054524,-0.641142,0.263491
"2025-11-04 10:08:03.841 +0000",1762250883.841190,0.238200,-0.562915,0.293497
"2025-11-04 10:08:03.851 +0000",1762250883.851171,0.586952,-0.353208,0.285142
"2025-11-04 10:08:03.861 +0000",1762250883.861152,0.876601,-0.154024,0.268129
"2025-11-04 10:08:03.871 +0000",1762250883.871133,1.034341,-0.074622,0.287332
"2025-11-04 10:08:03.881 +0000",1762250883.881115,1.012992,-0.123139,0.319941
"2025-11-04 10:08:03.891 +0000",1762250883.891096,0.834596,-0.203443,0.367267
"2025-11-04 10:08:03.901 +0000",1762250883.901077,0.612132,-0.272802,0.408019
"2025-11-04 10:08:03.911 +0000",1762250883.911057,0.422355,-0.270312,0.404842
"2025-11-04 10:08:03.921 +0000",1762250883.921039,0.286409,-0.195398,0.332729
"2025-11-04 10:08:03.931 +0000",1762250883.931021,0.204200,-0.104450,0.196905
"2025-11-04 10:08:03.941 +0000",1762250883.941002,0.158111,0.011933,0.063303
"2025-11-04 10:08:03.951 +0000",1762250883.950982,0.128911,0.096562,-0.021417
"2025-11-04 10:08:03.961 +0000",1762250883.960964,0.112645,0.093108,-0.049392
"2025-11-04 10:08:03.971 +0000",1762250883.970945,0.120252,0.015882,-0.037755
"2025-11-04 10:08:03.981 +0000",1762250883.980927,0.135634,-0.105341,-0.040920
"2025-11-04 10:08:03.991 +0000",1762250883.990908,0.113897,-0.254454,-0.075702
"2025-11-04 10:08:04.001 +0000",1762250884.000889,0.056842,-0.370870,-0.092734
"2025-11-04 10:08:04.011 +0000",1762250884.010870,-0.001929,-0.415405,-0.099557
"2025-11-04 10:08:04.021 +0000",1762250884.020852,-0.074323,-0.417485,-0.129676
"2025-11-04 10:08:04.031 +0000",1762250884.030832,-0.169771,-0.438225,-0.145548
"2025-11-04 10:08:04.041 +0000",1762250884.040813,-0.270430,-0.463131,-0.112714
"2025-11-04 10:08:04.051 +0000",1762250884.050795,-0.352524,-0.505500,-0.081532
"2025-11-04 10:08:04.061 +0000",1762250884.060776,-0.388906,-0.552912,-0.079834
"2025-11-04 10:08:04.071 +0000",1762250884.070757,-0.365432,-0.593891,-0.111601
"2025-11-04 10:08:04.081 +0000",1762250884.080739,-0.261203,-0.587596,-0.208284
"2025-11-04 10:08:04.091 +0000",1762250884.090720,-0.094671,-0.548684,-0.351014
"2025-11-04 10:08:04.101 +0000",1762250884.100701,0.120994,-0.463065,-0.466023
"2025-11-04 10:08:04.111 +0000",1762250884.110681,0.317476,-0.347235,-0.550663
"2025-11-04 10:08:04.121 +0000",1762250884.120663,0.421729,-0.290331,-0.590448
"2025-11-04 10:08:04.131 +0000",1762250884.130645,0.452035,-0.287240,-0.561709
"2025-11-04 10:08:04.141 +0000",1762250884.140625,0.449195,-0.223221,-0.486015
"2025-11-04 10:08:04.151 +0000",1762250884.150607,0.429861,-0.050301,-0.392821
"2025-11-04 10:08:04.161 +0000",1762250884.160589,0.406544,0.132471,-0.313563
"2025-11-04 10:08:04.171 +0000",1762250884.170570,0.351854,0.252727,-0.252271
"2025-11-04 10:08:04.181 +0000",1762250884.180551,0.263742,0.264825,-0.225654
"2025-11-04 10:08:04.191 +0000",1762250884.190531,0.135401,0.159010,-0.233606
"2025-11-04 10:08:04.201 +0000",1762250884.200513,-0.008471,-0.047092,-0.253282
"2025-11-04 10:08:04.210 +0000",1762250884.210495,-0.181340,-0.288546,-0.206854
"2025-11-04 10:08:04.220 +0000",1762250884.220476,-0.318509,-0.512128,-0.181085
"2025-11-04 10:08:04.230 +0000",1762250884.230456,-0.371695,-0.656428,-0.082847
"2025-11-04 10:08:04.240 +0000",1762250884.240438,-0.375564,-0.703964,0.004880
"2025-11-04 10:08:04.250 +0000",1762250884.250418,-0.316367,-0.632520,0.014058
"2025-11-04 10:08:04.260 +0000",1762250884.260400,-0.240204,-0.444771,0.026408
"2025-11-04 10:08:04.270 +0000",1762250884.270382,-0.201362,-0.240205,0.020047
"2025-11-04 10:08:04.280 +0000",1762250884.280362,-0.213316,-0.146974,-0.011611
"2025-11-04 10:08:04.290 +0000",1762250884.290344,-0.231257,-0.175524,-0.065881
"2025-11-04 10:08:04.300 +0000",1762250884.300324,-0.242402,-0.197989,-0.135840
"2025-11-04 10:08:04.310 +0000",1762250884.310307,-0.229323,-0.261941,-0.194401
"2025-11-04 10:08:04.320 +0000",1762250884.320287,-0.164733,-0.363645,-0.197919
"2025-11-04 10:08:04.330 +0000",1762250884.330268,-0.110161,-0.525907,-0.108390
"2025-11-04 10:08:04.340 +0000",1762250884.340250,-0.052717,-0.485416,-0.019144
"2025-11-04 10:08:04.350 +0000",1762250884.350231,0.018348,-0.253879,0.054076
"2025-11-04 10:08:04.360 +0000",1762250884.360212,0.101278,0.390687,0.153048
"2025-11-04 10:08:04.370 +0000",1762250884.370193,0.208316,0.785398,0.218218
"2025-11-04 10:08:04.380 +0000",1762250884.380174,0.225488,0.799336,0.215516
"2025-11-04 10:08:04.390 +0000",1762250884.390155,0.211352,0.650836,0.185433
"2025-11-04 10:08:04.400 +0000",1762250884.400138,0.222017,0.412110,0.122604
"2025-11-04 10:08:04.410 +0000",1762250884.410119,0.254196,0.117569,0.036798
"2025-11-04 10:08:04.420 +0000",1762250884.420100,0.339530,-0.102179,-0.046749
"2025-11-04 10:08:04.430 +0000",1762250884.430081,0.451436,-0.198027,-0.119778
"2025-11-04 10:08:04.440 +0000",1762250884.440061,0.522717,-0.198382,-0.189753
"2025-11-04 10:08:04.450 +0000",1762250884.450043,0.531938,-0.166415,-0.290304
"2025-11-04 10:08:04.460 +0000",1762250884.460024,0.464013,-0.181702,-0.467630
"2025-11-04 10:08:04.470 +0000",1762250884.470006,0.288831,-0.253126,-0.712144
"2025-11-04 10:08:04.480 +0000",1762250884.479987,0.056360,-0.371893,-0.920105
"2025-11-04 10:08:04.490 +0000",1762250884.489968,-0.161661,-0.441961,-1.022018
"2025-11-04 10:08:04.500 +0000",1762250884.499949,-0.309290,-0.446372,-1.004989
"2025-11-04 10:08:04.510 +0000",1762250884.509931,-0.375225,-0.340725,-0.909595
"2025-11-04 10:08:04.520 +0000",1762250884.519911,-0.386408,-0.166936,-0.752970
"2025-11-04 10:08:04.530 +0000",1762250884.529893,-0.346303,-0.006900,-0.558305
"2025-11-04 10:08:04.540 +0000",1762250884.539874,-0.254986,0.019655,-0.407358
"2025-11-04 10:08:04.550 +0000",1762250884.549855,-0.174822,-0.099518,-0.450509
"2025-11-04 10:08:04.560 +0000",1762250884.559837,-0.145754,-0.335702,-0.652811
"2025-11-04 10:08:04.570 +0000",1762250884.569818,-0.108695,-0.565744,-0.879835
"2025-11-04 10:08:04.580 +0000",1762250884.579799,-0.077448,-0.780044,-1.070580
"2025-11-04 10:08:04.590 +0000",1762250884.589780,-0.060166,-0.990430,-1.164445
"2025-11-04 10:08:04.600 +0000",1762250884.599762,-0.018661,-1.055587,-1.130597
"2025-11-04 10:08:04.610 +0000",1762250884.609742,0.012332,-0.993292,-1.048236
"2025-11-04 10:08:04.620 +0000",1762250884.619723,-0.057789,-0.777736,-0.925933
"2025-11-04 10:08:04.630 +0000",1762250884.629706,-0.304142,-0.462046,-0.699204
"2025-11-04 10:08:04.640 +0000",1762250884.639686,-0.496222,-0.310183,-0.410502
"2025-11-04 10:08:04.650 +0000",1762250884.649668,-0.463367,-0.152755,-0.143779
"2025-11-04 10:08:04.660 +0000",1762250884.659649,-0.293290,-0.033870,-0.026205
"2025-11-04 10:08:04.670 +0000",1762250884.669630,-0.014103,0.006548,0.007788
"2025-11-04 10:08:04.680 +0000",1762250884.679612,0.326857,-0.025297,0.036171
"2025-11-04 10:08:04.690 +0000",1762250884.689593,0.634801,-0.060696,0.033896
"2025-11-04 10:08:04.700 +0000",1762250884.699574,0.796512,-0.091374,-0.037964
"2025-11-04 10:08:04.710 +0000",1762250884.709554,0.835055,-0.124027,-0.127848
"2025-11-04 10:08:04.720 +0000",1762250884.719536,0.835090,-0.146287,-0.190207
"2025-11-04 10:08:04.730 +0000",1762250884.729517,0.857727,-0.186018,-0.225705
"2025-11-04 10:08:04.739 +0000",1762250884.739499,0.886786,-0.253397,-0.236734
"2025-11-04 10:08:04.749 +0000",1762250884.749480,0.883074,-0.325745,-0.222698
"2025-11-04 10:08:04.759 +0000",1762250884.759461,0.814414,-0.398164,-0.270772
"2025-11-04 10:08:04.769 +0000",1762250884.769442,0.652794,-0.480680,-0.365592
"2025-11-04 10:08:04.779 +0000",1762250884.779424,0.474833,-0.598355,-0.450072
"2025-11-04 10:08:04.789 +0000",1762250884.789404,0.334405,-0.675052,-0.506977
"2025-11-04 10:08:04.799 +0000",1762250884.799385,0.244724,-0.811834,-0.521392
"2025-11-04 10:08:04.809 +0000",1762250884.809366,0.221752,-1.032001,-0.452504
"2025-11-04 10:08:04.819 +0000",1762250884.819348,0.218442,-1.193109,-0.319653
"2025-11-04 10:08:04.829 +0000",1762250884.829330,0.204235,-1.256554,-0.147603
"2025-11-04 10:08:04.839 +0000",1762250884.839311,0.138002,-1.158877,0.013361
"2025-11-04 10:08:04.849 +0000",1762250884.849292,0.003294,-0.812653,0.123597
"2025-11-04 10:08:04.859 +0000",1762250884.859272,-0.174051,-0.254435,0.157397
"2025-11-04 10:08:04.869 +0000",1762250884.869254,-0.364543,0.388758,0.119707
"2025-11-04 10:08:04.879 +0000",1762250884.879235,-0.498953,0.828143,0.104394
"2025-11-04 10:08:04.889 +0000",1762250884.889217,-0.564851,1.130626,0.154493
"2025-11-04 10:08:04.899 +0000",1762250884.899197,-0.544443,1.453094,0.229837
"2025-11-04 10:08:04.909 +0000",1762250884.909178,-0.422912,1.709743,0.314912
"2025-11-04 10:08:04.919 +0000",1762250884.919160,-0.325283,1.858216,0.332969
"2025-11-04 10:08:04.929 +0000",1762250884.929141,-0.318908,1.764592,0.274413
"2025-11-04 10:08:04.939 +0000",1762250884.939123,-0.421589,1.399875,0.200258
"2025-11-04 10:08:04.949 +0000",1762250884.949103,-0.488324,0.866349,0.197272
"2025-11-04 10:08:04.959 +0000",1762250884.959085,-0.419840,0.477403,0.222412
"2025-11-04 10:08:04.969 +0000",1762250884.969066,-0.294115,0.295818,0.208133
"2025-11-04 10:08:04.979 +0000",1762250884.979047,-0.207152,0.260310,0.107760
"2025-11-04 10:08:04.989 +0000",1762250884.989029,-0.182801,0.329011,-0.052606
"2025-11-04 10:08:04.999 +0000",1762250884.999009,-0.115372,0.368143,-0.165929
"2025-11-04 10:08:05.009 +0000",1762250885.008991,0.070778,0.489622,-0.170011
"2025-11-04 10:08:05.019 +0000",1762250885.018972,0.391676,0.714873,0.008681
"2025-11-04 10:08:05.029 +0000",1762250885.028953,0.765497,1.094277,0.323164
"2025-11-04 10:08:05.039 +0000",1762250885.038934,0.953994,1.469813,0.528648
"2025-11-04 10:08:05.049 +0000",1762250885.048915,0.821223,1.538291,0.465721
"2025-11-04 10:08:05.059 +0000",1762250885.058897,0.372302,1.181389,0.082677
"2025-11-04 10:08:05.069 +0000",1762250885.068878,-0.276490,0.670801,-0.305194
"2025-11-04 10:08:05.079 +0000",1762250885.078860,-0.893409,0.453048,-0.530357
"2025-11-04 10:08:05.089 +0000",1762250885.088840,-1.258677,0.244118,-0.589449
"2025-11-04 10:08:05.099 +0000",1762250885.098823,-1.377672,0.126262,-0.537853
"2025-11-04 10:08:05.109 +0000",1762250885.108804,-1.322598,0.049286,-0.459222
"2025-11-04 10:08:05.119 +0000",1762250885.118784,-1.152395,0.127447,-0.352614
"2025-11-04 10:08:05.129 +0000",1762250885.128766,-0.935394,0.358179,-0.209418
"2025-11-04 10:08:05.139 +0000",1762250885.138746,-0.747370,0.611832,-0.088775
"2025-11-04 10:08:05.149 +0000",1762250885.148728,-0.673197,0.883451,-0.094025
"2025-11-04 10:08:05.159 +0000",1762250885.158709,-0.570436,1.056669,-0.123371
"2025-11-04 10:08:05.169 +0000",1762250885.168690,-0.384285,1.312046,-0.144624
"2025-11-04 10:08:05.179 +0000",1762250885.178672,-0.221721,1.414630,-0.227598
"2025-11-04 10:08:05.189 +0000",1762250885.188651,-0.109061,1.318715,-0.372251
"2025-11-04 10:08:05.199 +0000",1762250885.198634,-0.055720,1.089703,-0.529027
"2025-11-04 10:08:05.209 +0000",1762250885.208615,-0.039282,0.860119,-0.674661
"2025-11-04 10:08:05.219 +0000",1762250885.218596,0.059958,0.738124,-0.816261
"2025-11-04 10:08:05.229 +0000",1762250885.228577,0.139499,0.398344,-0.918062
"2025-11-04 10:08:05.239 +0000",1762250885.238559,0.238936,-0.317559,-0.671302
"2025-11-04 10:08:05.249 +0000",1762250885.248540,0.167391,-0.818762,-0.216863
"2025-11-04 10:08:05.259 +0000",1762250885.258521,-0.011424,-1.155908,-0.003312
"2025-11-04 10:08:05.269 +0000",1762250885.268502,-0.064011,-1.269920,0.297442
"2025-11-04 10:08:05.278 +0000",1762250885.278482,0.040559,-1.154028,0.499304
"2025-11-04 10:08:05.288 +0000",1762250885.288465,0.368623,-0.965416,0.521353
"2025-11-04 10:08:05.298 +0000",1762250885.298446,0.714954,-0.795101,0.334600
"2025-11-04 10:08:05.308 +0000",1762250885.308428,0.896340,-0.895647,-0.041518
"2025-11-04 10:08:05.318 +0000",1762250885.318408,0.827247,-1.250415,-0.503560
"2025-11-04 10:08:05.328 +0000",1762250885.328389,0.702761,-1.648371,-0.781292
"2025-11-04 10:08:05.338 +0000",1762250885.338371,0.708257,-2.085380,-0.836306
"2025-11-04 10:08:05.348 +0000",1762250885.348352,1.037101,-2.631897,-0.736658
"2025-11-04 10:08:05.358 +0000",1762250885.358333,1.367436,-2.243973,-0.508420
"2025-11-04 10:08:05.368 +0000",1762250885.368314,1.635609,-1.576867,-0.258832
"2025-11-04 10:08:05.378 +0000",1762250885.378296,1.873674,-1.317141,-0.030907
"2025-11-04 10:08:05.388 +0000",1762250885.388278,1.900786,-1.337589,0.183435
"2025-11-04 10:08:05.398 +0000",1762250885.398258,1.844574,-1.769255,0.436592
"2025-11-04 10:08:05.408 +0000",1762250885.408239,1.834714,-2.262446,0.746747
"2025-11-04 10:08:05.418 +0000",1762250885.418220,1.711172,-2.151461,1.128748
"2025-11-04 10:08:05.428 +0000",1762250885.428203,1.496183,-1.428673,1.254127
"2025-11-04 10:08:05.438 +0000",1762250885.438183,1.262406,-0.469357,1.215618
"2025-11-04 10:08:05.448 +0000",1762250885.448164,0.942057,0.322980,1.301174
"2025-11-04 10:08:05.458 +0000",1762250885.458145,0.574648,0.472375,1.388202
"2025-11-04 10:08:05.468 +0000",1762250885.468126,0.169652,0.030554,1.250282
"2025-11-04 10:08:05.478 +0000",1762250885.478109,-0.191571,-0.735178,0.918192
"2025-11-04 10:08:05.488 +0000",1762250885.488089,-0.468661,-1.534195,0.490385
"2025-11-04 10:08:05.498 +0000",1762250885.498070,-0.524764,-2.084378,0.192045
"2025-11-04 10:08:05.508 +0000",1762250885.508051,-0.378307,-2.417510,0.093549
"2025-11-04 10:08:05.518 +0000",1762250885.518033,-0.118820,-1.836180,0.154414
"2025-11-04 10:08:05.528 +0000",1762250885.528014,0.073929,-1.407709,0.187635
"2025-11-04 10:08:05.538 +0000",1762250885.537995,0.322544,-1.430435,0.421422
"2025-11-04 10:08:05.548 +0000",1762250885.547975,0.507240,-1.355830,0.704526
"2025-11-04 10:08:05.558 +0000",1762250885.557956,0.600315,-1.369042,1.020543
"2025-11-04 10:08:05.568 +0000",1762250885.567938,0.650724,-1.278562,1.339487
"2025-11-04 10:08:05.578 +0000",1762250885.577919,0.610222,-1.125205,1.553405
"2025-11-04 10:08:05.588 +0000",1762250885.587900,0.526417,-0.979967,1.683097
"2025-11-04 10:08:05.598 +0000",1762250885.597881,0.482088,-0.714633,1.682933
"2025-11-04 10:08:05.608 +0000",1762250885.607864,0.547660,-0.361930,1.510078
"2025-11-04 10:08:05.618 +0000",1762250885.617844,0.788897,0.022018,1.285776
"2025-11-04 10:08:05.628 +0000",1762250885.627826,1.107899,0.301015,1.095356
"2025-11-04 10:08:05.638 +0000",1762250885.637806,1.392947,0.343521,0.965066
"2025-11-04 10:08:05.648 +0000",1762250885.647787,1.670345,0.209539,0.870441
"2025-11-04 10:08:05.658 +0000",1762250885.657769,1.935896,-0.054088,0.782946
"2025-11-04 10:08:05.668 +0000",1762250885.667750,2.131507,-0.437364,0.654360
"2025-11-04 10:08:05.678 +0000",1762250885.677731,2.227430,-0.902630,0.372117
"2025-11-04 10:08:05.688 +0000",1762250885.687712,2.248142,-1.288430,-0.092708
"2025-11-04 10:08:05.698 +0000",1762250885.697693,2.293683,-1.412821,-0.316400
"2025-11-04 10:08:05.708 +0000",1762250885.707675,2.330077,-1.454664,-0.323075
"2025-11-04 10:08:05.718 +0000",1762250885.717656,2.341751,-1.490985,-0.325685
"2025-11-04 10:08:05.728 +0000",1762250885.727637,2.292953,-1.440457,-0.417419
"2025-11-04 10:08:05.738 +0000",1762250885.737620,2.186351,-1.299764,-0.538563
"2025-11-04 10:08:05.748 +0000",1762250885.747601,1.975108,-1.021668,-0.590335
"2025-11-04 10:08:05.758 +0000",1762250885.757582,1.665585,-0.656272,-0.583415
"2025-11-04 10:08:05.768 +0000",1762250885.767562,1.234534,-0.279729,-0.502593
"2025-11-04 10:08:05.778 +0000",1762250885.777544,0.689316,0.045182,-0.377482
"2025-11-04 10:08:05.788 +0000",1762250885.787525,0.140101,0.274884,-0.241390
"2025-11-04 10:08:05.798 +0000",1762250885.797507,-0.293840,0.411161,-0.195069
"2025-11-04 10:08:05.807 +0000",1762250885.807488,-0.539402,0.529819,-0.279159
"2025-11-04 10:08:05.817 +0000",1762250885.817469,-0.600179,0.668203,-0.412597
"2025-11-04 10:08:05.827 +0000",1762250885.827449,-0.452473,0.785321,-0.464689
"2025-11-04 10:08:05.837 +0000",1762250885.837431,-0.205699,0.992603,-0.423523
"2025-11-04 10:08:05.847 +0000",1762250885.847413,-0.072112,1.027014,-0.297819
"2025-11-04 10:08:05.857 +0000",1762250885.857394,-0.300126,0.648732,-0.066152
"2025-11-04 10:08:05.867 +0000",1762250885.867375,-0.967664,-0.333453,0.259873
"2025-11-04 10:08:05.877 +0000",1762250885.877356,-1.635849,-1.505508,0.546248
"2025-11-04 10:08:05.887 +0000",1762250885.887339,-1.897296,-2.315945,0.619595
"2025-11-04 10:08:05.897 +0000",1762250885.897319,-1.821359,-2.606212,0.375999
"2025-11-04 10:08:05.907 +0000",1762250885.907300,-1.479610,-2.219777,-0.072078
"2025-11-04 10:08:05.917 +0000",1762250885.917281,-0.953268,-1.503476,-0.533725
"2025-11-04 10:08:05.927 +0000",1762250885.927262,-0.316767,-0.704264,-0.930055
"2025-11-04 10:08:05.937 +0000",1762250885.937244,0.242970,0.060516,-1.269347
"2025-11-04 10:08:05.947 +0000",1762250885.947225,0.652336,0.601392,-1.434408
"2025-11-04 10:08:05.957 +0000",1762250885.957206,0.877679,1.045835,-1.408327
"2025-11-04 10:08:05.967 +0000",1762250885.967187,0.933807,1.459876,-1.241656
"2025-11-04 10:08:05.977 +0000",1762250885.977169,0.800363,1.696885,-0.933248
"2025-11-04 10:08:05.987 +0000",1762250885.987150,0.437640,1.599182,-0.507146
"2025-11-04 10:08:05.997 +0000",1762250885.997131,-0.091894,1.128784,-0.032361
"2025-11-04 10:08:06.007 +0000",1762250886.007111,-0.551566,0.557322,0.398346
"2025-11-04 10:08:06.017 +0000",1762250886.017093,-0.738679,0.048099,0.788095
"2025-11-04 10:08:06.027 +0000",1762250886.027076,-0.674574,-0.270524,1.092088
"2025-11-04 10:08:06.037 +0000",1762250886.037055,-0.513628,-0.335590,1.164141
"2025-11-04 10:08:06.047 +0000",1762250886.047037,-0.447750,-0.230468,0.940340
"2025-11-04 10:08:06.057 +0000",1762250886.057018,-0.533696,-0.043667,0.518604
"2025-11-04 10:08:06.067 +0000",1762250886.066999,-0.734641,0.185041,0.005665
"2025-11-04 10:08:06.077 +0000",1762250886.076981,-0.971129,0.376181,-0.456132
"2025-11-04 10:08:06.087 +0000",1762250886.086962,-1.147124,0.583526,-0.751666
"2025-11-04 10:08:06.097 +0000",1762250886.096942,-1.236808,0.823356,-0.868408
"2025-11-04 10:08:06.107 +0000",1762250886.106924,-1.228926,1.052919,-0.892484
"2025-11-04 10:08:06.117 +0000",1762250886.116906,-1.075051,1.271065,-0.853720
"2025-11-04 10:08:06.127 +0000",1762250886.126887,-0.802332,1.429287,-0.810464
"2025-11-04 10:08:06.137 +0000",1762250886.136868,-0.479267,1.389765,-0.829965
"2025-11-04 10:08:06.147 +0000",1762250886.146849,-0.161217,1.157349,-0.881794
"2025-11-04 10:08:06.157 +0000",1762250886.156829,0.134392,0.780827,-0.884852
"2025-11-04 10:08:06.167 +0000",1762250886.166812,0.425612,0.297914,-0.848447
"2025-11-04 10:08:06.177 +0000",1762250886.176793,0.698922,-0.197217,-0.812754
"2025-11-04 10:08:06.187 +0000",1762250886.186774,0.906095,-0.595577,-0.794580
"2025-11-04 10:08:06.197 +0000",1762250886.196755,1.010630,-0.879349,-0.772772
"2025-11-04 10:08:06.207 +0000",1762250886.206737,0.989576,-1.053972,-0.705493
"2025-11-04 10:08:06.217 +0000",1762250886.216717,0.857602,-1.071373,-0.570159
"2025-11-04 10:08:06.227 +0000",1762250886.226698,0.650981,-0.946554,-0.361823
"2025-11-04 10:08:06.237 +0000",1762250886.236679,0.406136,-0.743159,-0.123486
"2025-11-04 10:08:06.247 +0000",1762250886.246661,0.121633,-0.541960,0.064216
"2025-11-04 10:08:06.257 +0000",1762250886.256642,-0.243939,-0.373835,0.173904
"2025-11-04 10:08:06.267 +0000",1762250886.266623,-0.612279,-0.256048,0.221637
"2025-11-04 10:08:06.277 +0000",1762250886.276603,-0.861897,-0.197314,0.237105
"2025-11-04 10:08:06.287 +0000",1762250886.286586,-0.942011,-0.164303,0.220560
"2025-11-04 10:08:06.297 +0000",1762250886.296568,-0.894054,-0.174062,0.168524
"2025-11-04 10:08:06.307 +0000",1762250886.306549,-0.767182,-0.231029,0.080981
"2025-11-04 10:08:06.317 +0000",1762250886.316529,-0.578433,-0.312261,-0.020096
"2025-11-04 10:08:06.327 +0000",1762250886.326510,-0.364626,-0.372593,-0.111667
"2025-11-04 10:08:06.336 +0000",1762250886.336491,-0.181692,-0.381390,-0.200657
"2025-11-04 10:08:06.346 +0000",1762250886.346473,-0.025939,-0.289787,-0.294036
"2025-11-04 10:08:06.356 +0000",1762250886.356454,0.123620,-0.085998,-0.379044
"2025-11-04 10:08:06.366 +0000",1762250886.366435,0.232588,0.143536,-0.417367
"2025-11-04 10:08:06.376 +0000",1762250886.376415,0.251390,0.310062,-0.394355
"2025-11-04 10:08:06.386 +0000",1762250886.386397,0.177669,0.368362,-0.339330
"2025-11-04 10:08:06.396 +0000",1762250886.396379,0.042333,0.300801,-0.301915
"2025-11-04 10:08:06.406 +0000",1762250886.406360,-0.101844,0.186906,-0.301541
"2025-11-04 10:08:06.416 +0000",1762250886.416341,-0.248579,0.075828,-0.338242
"2025-11-04 10:08:06.426 +0000",1762250886.426322,-0.374494,0.016178,-0.397224
"2025-11-04 10:08:06.436 +0000",1762250886.436305,-0.455515,0.045241,-0.451883
"2025-11-04 10:08:06.446 +0000",1762250886.446285,-0.499176,0.089453,-0.488629
"2025-11-04 10:08:06.456 +0000",1762250886.456266,-0.516746,0.165218,-0.490436
"2025-11-04 10:08:06.466 +0000",1762250886.466247,-0.532492,0.257341,-0.452623
"2025-11-04 10:08:06.476 +0000",1762250886.476228,-0.562838,0.321895,-0.372290
"2025-11-04 10:08:06.486 +0000",1762250886.486211,-0.608538,0.344591,-0.262785
"2025-11-04 10:08:06.496 +0000",1762250886.496191,-0.665203,0.332990,-0.136175
"2025-11-04 10:08:06.506 +0000",1762250886.506172,-0.717167,0.290285,-0.010748
"2025-11-04 10:08:06.516 +0000",1762250886.516153,-0.765497,0.207227,0.103865
"2025-11-04 10:08:06.526 +0000",1762250886.526135,-0.797801,0.106463,0.182334
"2025-11-04 10:08:06.536 +0000",1762250886.536116,-0.806056,0.003365,0.240532
"2025-11-04 10:08:06.546 +0000",1762250886.546097,-0.779555,-0.138126,0.286499
"2025-11-04 10:08:06.556 +0000",1762250886.556078,-0.704562,-0.306877,0.326368
"2025-11-04 10:08:06.566 +0000",1762250886.566058,-0.570433,-0.479453,0.372970
"2025-11-04 10:08:06.576 +0000",1762250886.576041,-0.373032,-0.634094,0.423600
"2025-11-04 10:08:06.586 +0000",1762250886.586023,-0.134630,-0.702861,0.458776
"2025-11-04 10:08:06.596 +0000",1762250886.596003,0.114410,-0.693904,0.451910
"2025-11-04 10:08:06.606 +0000",1762250886.605983,0.334101,-0.679565,0.395987
"2025-11-04 10:08:06.616 +0000",1762250886.615966,0.492239,-0.645029,0.315442
"2025-11-04 10:08:06.626 +0000",1762250886.625947,0.580364,-0.574005,0.219341
"2025-11-04 10:08:06.636 +0000",1762250886.635927,0.592639,-0.456322,0.138711
"2025-11-04 10:08:06.646 +0000",1762250886.645909,0.528847,-0.313409,0.079192
"2025-11-04 10:08:06.656 +0000",1762250886.655890,0.407667,-0.163389,0.019648
"2025-11-04 10:08:06.666 +0000",1762250886.665872,0.267879,-0.034759,-0.046793
"2025-11-04 10:08:06.676 +0000",1762250886.675853,0.131628,0.061107,-0.123061
"2025-11-04 10:08:06.686 +0000",1762250886.685834,-0.028217,0.081404,-0.195064
"2025-11-04 10:08:06.696 +0000",1762250886.695815,-0.196808,0.024110,-0.209906
"2025-11-04 10:08:06.706 +0000",1762250886.705796,-0.288536,-0.100690,-0.149311
"2025-11-04 10:08:06.716 +0000",1762250886.715778,-0.280483,-0.238266,-0.115860
"2025-11-04 10:08:06.726 +0000",1762250886.725759,-0.203357,-0.339229,-0.122412
"2025-11-04 10:08:06.736 +0000",1762250886.735740,-0.074547,-0.407373,-0.148440
"2025-11-04 10:08:06.746 +0000",1762250886.745720,0.140728,-0.359395,-0.242509
"2025-11-04 10:08:06.756 +0000",1762250886.755702,0.427390,-0.226247,-0.429244
"2025-11-04 10:08:06.766 +0000",1762250886.765684,0.695033,-0.128509,-0.595506
"2025-11-04 10:08:06.776 +0000",1762250886.775665,0.848605,-0.059299,-0.674003
"2025-11-04 10:08:06.786 +0000",1762250886.785646,0.869918,0.050742,-0.663734
"2025-11-04 10:08:06.796 +0000",1762250886.795628,0.758267,0.178534,-0.589363
"2025-11-04 10:08:06.806 +0000",1762250886.805609,0.545372,0.245418,-0.478195
"2025-11-04 10:08:06.816 +0000",1762250886.815590,0.261315,0.206111,-0.365091
"2025-11-04 10:08:06.826 +0000",1762250886.825571,-0.112392,0.161727,-0.262429
"2025-11-04 10:08:06.836 +0000",1762250886.835552,-0.571838,0.121008,-0.213362
"2025-11-04 10:08:06.846 +0000",1762250886.845534,-1.010804,0.108710,-0.224906
"2025-11-04 10:08:06.856 +0000",1762250886.855515,-1.267900,0.157714,-0.220189
"2025-11-04 10:08:06.865 +0000",1762250886.865495,-1.288506,0.207670,-0.172236
"2025-11-04 10:08:06.875 +0000",1762250886.875477,-1.104542,0.238088,-0.133737
"2025-11-04 10:08:06.885 +0000",1762250886.885458,-0.789064,0.193408,-0.133501
"2025-11-04 10:08:06.895 +0000",1762250886.895441,-0.441801,0.065079,-0.147279
"2025-11-04 10:08:06.905 +0000",1762250886.905421,-0.165018,-0.098950,-0.173912
"2025-11-04 10:08:06.915 +0000",1762250886.915401,-0.010838,-0.217577,-0.174994
"2025-11-04 10:08:06.925 +0000",1762250886.925383,0.036153,-0.245834,-0.132824
"2025-11-04 10:08:06.935 +0000",1762250886.935364,0.018931,-0.212180,-0.066564
"2025-11-04 10:08:06.945 +0000",1762250886.945346,-0.027679,-0.188822,-0.001843
"2025-11-04 10:08:06.955 +0000",1762250886.955327,-0.098452,-0.229432,0.048196
"2025-11-04 10:08:06.965 +0000",1762250886.965308,-0.176058,-0.315526,0.030684
"2025-11-04 10:08:06.975 +0000",1762250886.975289,-0.243579,-0.391186,-0.038807
"2025-11-04 10:08:06.985 +0000",1762250886.985271,-0.259870,-0.373571,-0.142647
"2025-11-04 10:08:06.995 +0000",1762250886.995252,-0.201190,-0.253308,-0.262987
"2025-11-04 10:08:07.005 +0000",1762250887.005233,-0.070967,-0.063485,-0.365303
"2025-11-04 10:08:07.015 +0000",1762250887.015215,0.108483,0.120098,-0.400907
"2025-11-04 10:08:07.025 +0000",1762250887.025197,0.272260,0.229880,-0.377566
"2025-11-04 10:08:07.035 +0000",1762250887.035177,0.374855,0.206102,-0.291233
"2025-11-04 10:08:07.045 +0000",1762250887.045157,0.401198,0.069364,-0.175525
"2025-11-04 10:08:07.055 +0000",1762250887.055139,0.364355,-0.090380,-0.071732
"2025-11-04 10:08:07.065 +0000",1762250887.065120,0.304038,-0.191210,0.023924
"2025-11-04 10:08:07.075 +0000",1762250887.075102,0.262513,-0.240533,0.113036
"2025-11-04 10:08:07.085 +0000",1762250887.085083,0.260765,-0.258913,0.185316
"2025-11-04 10:08:07.095 +0000",1762250887.095064,0.291402,-0.293775,0.236217
"2025-11-04 10:08:07.105 +0000",1762250887.105044,0.321281,-0.379845,0.263006
"2025-11-04 10:08:07.115 +0000",1762250887.115027,0.317385,-0.490768,0.269500
"2025-11-04 10:08:07.125 +0000",1762250887.125008,0.278558,-0.566977,0.276017
"2025-11-04 10:08:07.135 +0000",1762250887.134989,0.198437,-0.569395,0.278652
"2025-11-04 10:08:07.145 +0000",1762250887.144970,0.104812,-0.492623,0.272518
"2025-11-04 10:08:07.155 +0000",1762250887.154951,0.015204,-0.374220,0.261771
"2025-11-04 10:08:07.165 +0000",1762250887.164933,-0.074164,-0.220140,0.223472
"2025-11-04 10:08:07.175 +0000",1762250887.174913,-0.135370,-0.038607,0.173637
"2025-11-04 10:08:07.185 +0000",1762250887.184895,-0.147231,0.138709,0.107025
"2025-11-04 10:08:07.195 +0000",1762250887.194875,-0.131797,0.270197,0.011937
"2025-11-04 10:08:07.205 +0000",1762250887.204858,-0.110636,0.312491,-0.057193
"2025-11-04 10:08:07.215 +0000",1762250887.214839,-0.112317,0.302610,-0.100474
"2025-11-04 10:08:07.225 +0000",1762250887.224820,-0.178282,0.302994,-0.170124
"2025-11-04 10:08:07.235 +0000",1762250887.234800,-0.301439,0.266651,-0.232989
"2025-11-04 10:08:07.245 +0000",1762250887.244781,-0.415095,0.111768,-0.166757
"2025-11-04 10:08:07.255 +0000",1762250887.254764,-0.471336,-0.002210,-0.102890
"2025-11-04 10:08:07.265 +0000",1762250887.264745,-0.482649,0.001468,-0.128377
"2025-11-04 10:08:07.275 +0000",1762250887.274725,-0.452994,0.098941,-0.218494
"2025-11-04 10:08:07.285 +0000",1762250887.284707,-0.371373,0.269659,-0.311348
"2025-11-04 10:08:07.295 +0000",1762250887.294688,-0.244443,0.391454,-0.341100
"2025-11-04 10:08:07.305 +0000",1762250887.304670,-0.092882,0.450515,-0.344632
"2025-11-04 10:08:07.315 +0000",1762250887.314651,0.037242,0.453467,-0.331140
"2025-11-04 10:08:07.325 +0000",1762250887.324632,0.095850,0.391126,-0.283293
"2025-11-04 10:08:07.335 +0000",1762250887.334614,0.084098,0.320902,-0.202862
"2025-11-04 10:08:07.345 +0000",1762250887.344595,0.018834,0.258240,-0.108368
"2025-11-04 10:08:07.355 +0000",1762250887.354576,-0.082540,0.204205,-0.038405
"2025-11-04 10:08:07.365 +0000",1762250887.364557,-0.184417,0.158503,0.027255
"2025-11-04 10:08:07.375 +0000",1762250887.374538,-0.256488,0.092068,0.106739
"2025-11-04 10:08:07.385 +0000",1762250887.384520,-0.300284,0.044925,0.176261
"2025-11-04 10:08:07.395 +0000",1762250887.394501,-0.325237,-0.011490,0.255827
"2025-11-04 10:08:07.404 +0000",1762250887.404482,-0.341204,-0.086520,0.367169
"2025-11-04 10:08:07.414 +0000",1762250887.414463,-0.337973,-0.127280,0.446813
"2025-11-04 10:08:07.424 +0000",1762250887.424446,-0.293650,-0.113709,0.464490
"2025-11-04 10:08:07.434 +0000",1762250887.434426,-0.225449,-0.055902,0.410831
"2025-11-04 10:08:07.444 +0000",1762250887.444407,-0.098609,0.041683,0.308494
"2025-11-04 10:08:07.454 +0000",1762250887.454388,0.065776,0.125691,0.145498
"2025-11-04 10:08:07.464 +0000",1762250887.464369,0.208829,0.189301,-0.033704
"2025-11-04 10:08:07.474 +0000",1762250887.474351,0.283479,0.234974,-0.161559
"2025-11-04 10:08:07.484 +0000",1762250887.484332,0.276371,0.242505,-0.178328
"2025-11-04 10:08:07.494 +0000",1762250887.494313,0.193525,0.237068,-0.108068
"2025-11-04 10:08:07.504 +0000",1762250887.504294,0.057804,0.252063,-0.010603
"2025-11-04 10:08:07.514 +0000",1762250887.514275,-0.129087,0.288040,0.095073
"2025-11-04 10:08:07.524 +0000",1762250887.524257,-0.306811,0.361343,0.193437
"2025-11-04 10:08:07.534 +0000",1762250887.534238,-0.407616,0.379822,0.282044
"2025-11-04 10:08:07.544 +0000",1762250887.544219,-0.410002,0.314637,0.353509
"2025-11-04 10:08:07.554 +0000",1762250887.554200,-0.315813,0.201433,0.403889
"2025-11-04 10:08:07.564 +0000",1762250887.564182,-0.155657,0.083680,0.433310
"2025-11-04 10:08:07.574 +0000",1762250887.574162,0.008246,-0.023761,0.432252
"2025-11-04 10:08:07.584 +0000",1762250887.584144,0.133970,-0.091649,0.417970
"2025-11-04 10:08:07.594 +0000",1762250887.594125,0.191804,-0.147362,0.401292
"2025-11-04 10:08:07.604 +0000",1762250887.604107,0.185245,-0.186552,0.385718
"2025-11-04 10:08:07.614 +0000",1762250887.614087,0.166376,-0.217472,0.379525
"2025-11-04 10:08:07.624 +0000",1762250887.624069,0.164705,-0.201391,0.347400
"2025-11-04 10:08:07.634 +0000",1762250887.634050,0.167653,-0.132814,0.270381
"2025-11-04 10:08:07.644 +0000",1762250887.644032,0.151516,-0.075146,0.174762
"2025-11-04 10:08:07.654 +0000",1762250887.654013,0.113743,-0.014858,0.083591
"2025-11-04 10:08:07.664 +0000",1762250887.663993,0.086375,0.053334,0.027297
"2025-11-04 10:08:07.674 +0000",1762250887.673975,0.063864,0.130292,-0.019183
"2025-11-04 10:08:07.684 +0000",1762250887.683956,0.081821,0.205206,-0.049445
"2025-11-04 10:08:07.694 +0000",1762250887.693938,0.114913,0.218243,-0.049975
"2025-11-04 10:08:07.704 +0000",1762250887.703919,0.135955,0.195606,-0.057233
"2025-11-04 10:08:07.714 +0000",1762250887.713900,0.146069,0.148144,-0.065521
"2025-11-04 10:08:07.724 +0000",1762250887.723881,0.116363,0.074454,-0.073788
"2025-11-04 10:08:07.734 +0000",1762250887.733863,0.086944,0.009409,-0.075373
"2025-11-04 10:08:07.744 +0000",1762250887.743844,0.085154,-0.039350,-0.101829
"2025-11-04 10:08:07.754 +0000",1762250887.753825,0.071226,-0.033572,-0.167493
"2025-11-04 10:08:07.764 +0000",1762250887.763806,0.061478,0.028872,-0.237880
"2025-11-04 10:08:07.774 +0000",1762250887.773786,0.056922,0.129388,-0.310537
"2025-11-04 10:08:07.784 +0000",1762250887.783770,0.066426,0.248291,-0.372001
"2025-11-04 10:08:07.794 +0000",1762250887.793749,0.070289,0.331532,-0.391389
"2025-11-04 10:08:07.804 +0000",1762250887.803731,0.049653,0.422258,-0.384660
"2025-11-04 10:08:07.814 +0000",1762250887.813712,0.012863,0.499368,-0.401428
"2025-11-04 10:08:07.824 +0000",1762250887.823694,-0.061089,0.497687,-0.389829
"2025-11-04 10:08:07.834 +0000",1762250887.833675,-0.123123,0.454229,-0.304303
"2025-11-04 10:08:07.844 +0000",1762250887.843656,-0.168637,0.398261,-0.192496
"2025-11-04 10:08:07.854 +0000",1762250887.853637,-0.238941,0.350004,-0.090826
"2025-11-04 10:08:07.864 +0000",1762250887.863617,-0.354971,0.330745,0.017980
"2025-11-04 10:08:07.874 +0000",1762250887.873600,-0.521455,0.330187,0.146792
"2025-11-04 10:08:07.884 +0000",1762250887.883581,-0.694106,0.327325,0.285824
"2025-11-04 10:08:07.894 +0000",1762250887.893562,-0.806723,0.269041,0.417174
"2025-11-04 10:08:07.904 +0000",1762250887.903543,-0.818692,0.151276,0.529797
"2025-11-04 10:08:07.914 +0000",1762250887.913525,-0.701570,0.028342,0.599143
"2025-11-04 10:08:07.924 +0000",1762250887.923506,-0.478922,-0.078190,0.584326
"2025-11-04 10:08:07.933 +0000",1762250887.933487,-0.219379,-0.115709,0.465837
"2025-11-04 10:08:07.943 +0000",1762250887.943467,0.022380,-0.142006,0.297320
"2025-11-04 10:08:07.953 +0000",1762250887.953450,0.196479,-0.153631,0.136590
"2025-11-04 10:08:07.963 +0000",1762250887.963431,0.267205,-0.124662,0.033685
"2025-11-04 10:08:07.973 +0000",1762250887.973412,0.225430,-0.070188,0.007583
"2025-11-04 10:08:07.983 +0000",1762250887.983393,0.123833,0.003800,0.037993
"2025-11-04 10:08:07.993 +0000",1762250887.993375,0.060102,0.108814,0.081991
"2025-11-04 10:08:08.003 +0000",1762250888.003356,0.032793,0.231756,0.077040
"2025-11-04 10:08:08.013 +0000",1762250888.013337,0.051076,0.341516,0.032035
"2025-11-04 10:08:08.023 +0000",1762250888.023318,0.079493,0.376335,-0.027314
"2025-11-04 10:08:08.033 +0000",1762250888.033299,0.099691,0.348946,-0.071232
"2025-11-04 10:08:08.043 +0000",1762250888.043281,0.124527,0.238308,-0.064469
"2025-11-04 10:08:08.053 +0000",1762250888.053262,0.136239,0.093030,-0.009048
"2025-11-04 10:08:08.063 +0000",1762250888.063243,0.126760,-0.016550,0.084277
"2025-11-04 10:08:08.073 +0000",1762250888.073224,0.098700,-0.085983,0.189711
"2025-11-04 10:08:08.083 +0000",1762250888.083206,0.096811,-0.127665,0.259443
"2025-11-04 10:08:08.093 +0000",1762250888.093186,0.143660,-0.158557,0.301015
"2025-11-04 10:08:08.103 +0000",1762250888.103168,0.214400,-0.144330,0.292089
"2025-11-04 10:08:08.113 +0000",1762250888.113149,0.278761,-0.096022,0.233739
"2025-11-04 10:08:08.123 +0000",1762250888.123130,0.296613,-0.027527,0.162482
"2025-11-04 10:08:08.133 +0000",1762250888.133112,0.251505,0.050788,0.098108
"2025-11-04 10:08:08.143 +0000",1762250888.143093,0.175317,0.104329,0.102260
"2025-11-04 10:08:08.153 +0000",1762250888.153074,0.114963,0.129291,0.127417
"2025-11-04 10:08:08.163 +0000",1762250888.163055,0.111350,0.134747,0.135046
"2025-11-04 10:08:08.173 +0000",1762250888.173036,0.172480,0.142642,0.126855
"2025-11-04 10:08:08.183 +0000",1762250888.183018,0.301002,0.145666,0.088702
"2025-11-04 10:08:08.193 +0000",1762250888.192999,0.453362,0.092799,0.066278
"2025-11-04 10:08:08.203 +0000",1762250888.202980,0.571066,-0.017984,0.080135
"2025-11-04 10:08:08.213 +0000",1762250888.212962,0.601798,-0.208819,0.158509
"2025-11-04 10:08:08.223 +0000",1762250888.222942,0.478212,-0.437650,0.289800
"2025-11-04 10:08:08.233 +0000",1762250888.232923,0.235775,-0.590042,0.423035
"2025-11-04 10:08:08.243 +0000",1762250888.242905,-0.003286,-0.584520,0.502903
"2025-11-04 10:08:08.253 +0000",1762250888.252886,-0.152136,-0.456491,0.451303
"2025-11-04 10:08:08.263 +0000",1762250888.262868,-0.135080,-0.239283,0.295381
"2025-11-04 10:08:08.273 +0000",1762250888.272849,0.036437,0.006991,0.055419
"2025-11-04 10:08:08.283 +0000",1762250888.282830,0.243391,0.195952,-0.202211
"2025-11-04 10:08:08.293 +0000",1762250888.292811,0.393541,0.325052,-0.373334
"2025-11-04 10:08:08.303 +0000",1762250888.302792,0.452200,0.399112,-0.405066
"2025-11-04 10:08:08.313 +0000",1762250888.312773,0.398080,0.324919,-0.314642
"2025-11-04 10:08:08.323 +0000",1762250888.322755,0.177375,0.055789,-0.114098
"2025-11-04 10:08:08.333 +0000",1762250888.332736,-0.209564,-0.289715,0.205801
"2025-11-04 10:08:08.343 +0000",1762250888.342718,-0.604702,-0.541802,0.550260
"2025-11-04 10:08:08.353 +0000",1762250888.352698,-0.814059,-0.608616,0.708441
"2025-11-04 10:08:08.363 +0000",1762250888.362679,-0.749476,-0.412683,0.580114
"2025-11-04 10:08:08.373 +0000",1762250888.372660,-0.497411,-0.038677,0.254176
"2025-11-04 10:08:08.383 +0000",1762250888.382641,-0.222363,0.288226,-0.084082
"2025-11-04 10:08:08.393 +0000",1762250888.392624,-0.028250,0.373264,-0.292490
"2025-11-04 10:08:08.403 +0000",1762250888.402605,0.058540,0.212781,-0.313084
"2025-11-04 10:08:08.413 +0000",1762250888.412585,0.032419,-0.003013,-0.221826
"2025-11-04 10:08:08.423 +0000",1762250888.422567,-0.087340,-0.109058,-0.143721
"2025-11-04 10:08:08.433 +0000",1762250888.432549,-0.215185,-0.075393,-0.119137
"2025-11-04 10:08:08.443 +0000",1762250888.442529,-0.275791,0.049662,-0.145250
"2025-11-04 10:08:08.453 +0000",1762250888.452511,-0.225693,0.210523,-0.214698
"2025-11-04 10:08:08.462 +0000",1762250888.462491,-0.078797,0.333224,-0.289094
"2025-11-04 10:08:08.472 +0000",1762250888.472473,0.102727,0.371606,-0.352355
"2025-11-04 10:08:08.482 +0000",1762250888.482455,0.277072,0.313916,-0.345939
"2025-11-04 10:08:08.492 +0000",1762250888.492436,0.389126,0.166006,-0.264374
"2025-11-04 10:08:08.502 +0000",1762250888.502416,0.355576,-0.055665,-0.105921
"2025-11-04 10:08:08.512 +0000",1762250888.512399,0.212532,-0.271530,0.075818
"2025-11-04 10:08:08.522 +0000",1762250888.522380,0.040595,-0.413765,0.181247
"2025-11-04 10:08:08.532 +0000",1762250888.532361,-0.084784,-0.436337,0.156160
"2025-11-04 10:08:08.542 +0000",1762250888.542341,-0.078433,-0.291874,0.007907
"2025-11-04 10:08:08.552 +0000",1762250888.552322,0.084647,-0.033265,-0.229312
"2025-11-04 10:08:08.562 +0000",1762250888.562304,0.322193,0.206732,-0.450187
"2025-11-04 10:08:08.572 +0000",1762250888.572285,0.509511,0.337722,-0.535330
"2025-11-04 10:08:08.582 +0000",1762250888.582267,0.587554,0.328565,-0.463720
"2025-11-04 10:08:08.592 +0000",1762250888.592247,0.547995,0.184849,-0.279348
"2025-11-04 10:08:08.602 +0000",1762250888.602230,0.429577,-0.038932,-0.031546
"2025-11-04 10:08:08.612 +0000",1762250888.612210,0.278958,-0.270196,0.243313
"2025-11-04 10:08:08.622 +0000",1762250888.622192,0.181047,-0.440094,0.463110
"2025-11-04 10:08:08.632 +0000",1762250888.632172,0.193230,-0.520628,0.542422
"2025-11-04 10:08:08.642 +0000",1762250888.642154,0.229827,-0.507652,0.488227
"2025-11-04 10:08:08.652 +0000",1762250888.652135,0.221463,-0.425295,0.400554
"2025-11-04 10:08:08.662 +0000",1762250888.662116,0.123811,-0.326845,0.326897
"2025-11-04 10:08:08.672 +0000",1762250888.672098,-0.058888,-0.281090,0.263916
"2025-11-04 10:08:08.682 +0000",1762250888.682078,-0.260677,-0.268972,0.238342
"2025-11-04 10:08:08.692 +0000",1762250888.692061,-0.412919,-0.238872,0.200301
"2025-11-04 10:08:08.702 +0000",1762250888.702041,-0.451075,-0.159562,0.108288
"2025-11-04 10:08:08.712 +0000",1762250888.712022,-0.399287,-0.062648,-0.036167
"2025-11-04 10:08:08.722 +0000",1762250888.722004,-0.304390,-0.003426,-0.171373
"2025-11-04 10:08:08.732 +0000",1762250888.731986,-0.245720,0.008899,-0.259414
"2025-11-04 10:08:08.742 +0000",1762250888.741966,-0.266802,0.017589,-0.310197
"2025-11-04 10:08:08.752 +0000",1762250888.751948,-0.363419,0.043877,-0.350240
"2025-11-04 10:08:08.762 +0000",1762250888.761929,-0.518120,0.109179,-0.399681
"2025-11-04 10:08:08.772 +0000",1762250888.771910,-0.666310,0.203995,-0.464757
"2025-11-04 10:08:08.782 +0000",1762250888.781891,-0.741243,0.303325,-0.533375
"2025-11-04 10:08:08.792 +0000",1762250888.791873,-0.688562,0.425720,-0.623803
"2025-11-04 10:08:08.802 +0000",1762250888.801853,-0.503678,0.516052,-0.715046
"2025-11-04 10:08:08.812 +0000",1762250888.811835,-0.247086,0.558635,-0.769625
"2025-11-04 10:08:08.822 +0000",1762250888.821817,-0.022623,0.498168,-0.758629
"2025-11-04 10:08:08.832 +0000",1762250888.831797,0.051299,0.318887,-0.673670
"2025-11-04 10:08:08.842 +0000",1762250888.841778,0.034045,0.118320,-0.523935
"2025-11-04 10:08:08.852 +0000",1762250888.851759,0.016476,-0.050231,-0.369250
"2025-11-04 10:08:08.862 +0000",1762250888.861741,0.025387,-0.111718,-0.290394
"2025-11-04 10:08:08.872 +0000",1762250888.871722,0.136305,-0.100469,-0.273945
"2025-11-04 10:08:08.882 +0000",1762250888.881704,0.260709,-0.077928,-0.291868
"2025-11-04 10:08:08.892 +0000",1762250888.891685,0.340807,-0.086862,-0.270097
"2025-11-04 10:08:08.902 +0000",1762250888.901667,0.384461,-0.110868,-0.234783
"2025-11-04 10:08:08.912 +0000",1762250888.911648,0.422375,-0.079409,-0.241542
"2025-11-04 10:08:08.922 +0000",1762250888.921628,0.466543,0.037189,-0.290474
"2025-11-04 10:08:08.932 +0000",1762250888.931609,0.527185,0.232624,-0.347609
"2025-11-04 10:08:08.942 +0000",1762250888.941592,0.594145,0.415992,-0.384362
"2025-11-04 10:08:08.952 +0000",1762250888.951572,0.620317,0.553220,-0.397009
"2025-11-04 10:08:08.962 +0000",1762250888.961553,0.609308,0.602162,-0.354135
"2025-11-04 10:08:08.972 +0000",1762250888.971534,0.538420,0.561693,-0.263603
"2025-11-04 10:08:08.982 +0000",1762250888.981516,0.394474,0.444462,-0.149317
"2025-11-04 10:08:08.991 +0000",1762250888.991497,0.179110,0.252245,-0.005299
"2025-11-04 10:08:09.001 +0000",1762250889.001478,-0.078626,0.028251,0.138083
"2025-11-04 10:08:09.011 +0000",1762250889.011459,-0.296575,-0.177941,0.263667
"2025-11-04 10:08:09.021 +0000",1762250889.021440,-0.452231,-0.371772,0.326094
"2025-11-04 10:08:09.031 +0000",1762250889.031422,-0.495299,-0.487518,0.309348
"2025-11-04 10:08:09.041 +0000",1762250889.041403,-0.389667,-0.470809,0.235725
"2025-11-04 10:08:09.051 +0000",1762250889.051384,-0.198864,-0.280427,0.088197
"2025-11-04 10:08:09.061 +0000",1762250889.061365,-0.011923,-0.001725,-0.069312
"2025-11-04 10:08:09.071 +0000",1762250889.071347,0.084245,0.236688,-0.190079
"2025-11-04 10:08:09.081 +0000",1762250889.081328,0.092477,0.365967,-0.248771
"2025-11-04 10:08:09.091 +0000",1762250889.091309,0.061329,0.375370,-0.253704
"2025-11-04 10:08:09.101 +0000",1762250889.101290,0.046606,0.309832,-0.211132
"2025-11-04 10:08:09.111 +0000",1762250889.111272,0.073758,0.191666,-0.140267
"2025-11-04 10:08:09.121 +0000",1762250889.121253,0.107170,0.081676,-0.075337
"2025-11-04 10:08:09.131 +0000",1762250889.131235,0.104855,0.006515,-0.042032
"2025-11-04 10:08:09.141 +0000",1762250889.141215,0.052127,-0.045384,-0.019873
"2025-11-04 10:08:09.151 +0000",1762250889.151198,-0.020238,-0.067489,-0.004281
"2025-11-04 10:08:09.161 +0000",1762250889.161177,-0.046732,-0.050630,-0.016279
"2025-11-04 10:08:09.171 +0000",1762250889.171159,-0.047996,-0.039898,-0.068042
"2025-11-04 10:08:09.181 +0000",1762250889.181140,-0.013217,-0.066716,-0.119069
"2025-11-04 10:08:09.191 +0000",1762250889.191121,0.045147,-0.118642,-0.154568
"2025-11-04 10:08:09.201 +0000",1762250889.201103,0.133376,-0.157970,-0.195899
"2025-11-04 10:08:09.211 +0000",1762250889.211084,0.249115,-0.121061,-0.260034
"2025-11-04 10:08:09.221 +0000",1762250889.221065,0.404991,-0.031765,-0.355919
"2025-11-04 10:08:09.231 +0000",1762250889.231046,0.608270,0.049243,-0.436835
"2025-11-04 10:08:09.241 +0000",1762250889.241028,0.756887,0.094150,-0.472990
"2025-11-04 10:08:09.251 +0000",1762250889.251010,0.798655,0.046259,-0.461042
"2025-11-04 10:08:09.261 +0000",1762250889.260990,0.756895,-0.035130,-0.410671
"2025-11-04 10:08:09.271 +0000",1762250889.270971,0.616571,-0.129917,-0.330096
"2025-11-04 10:08:09.281 +0000",1762250889.280954,0.389385,-0.263203,-0.203681
"2025-11-04 10:08:09.291 +0000",1762250889.290934,0.147226,-0.365555,-0.045557
"2025-11-04 10:08:09.301 +0000",1762250889.300915,-0.048468,-0.382947,0.139917
"2025-11-04 10:08:09.311 +0000",1762250889.310896,-0.170952,-0.301692,0.293649
"2025-11-04 10:08:09.321 +0000",1762250889.320879,-0.174533,-0.132114,0.364666
"2025-11-04 10:08:09.331 +0000",1762250889.330859,-0.135148,-0.096962,0.344652
"2025-11-04 10:08:09.341 +0000",1762250889.340840,-0.168459,-0.224015,0.229779
"2025-11-04 10:08:09.351 +0000",1762250889.350820,-0.228981,-0.346801,0.100191
"2025-11-04 10:08:09.361 +0000",1762250889.360802,-0.303503,-0.462714,-0.011352
"2025-11-04 10:08:09.371 +0000",1762250889.370784,-0.352702,-0.596124,-0.129801
"2025-11-04 10:08:09.381 +0000",1762250889.380765,-0.325006,-0.663506,-0.212378
"2025-11-04 10:08:09.391 +0000",1762250889.390746,-0.200822,-0.705613,-0.228704
"2025-11-04 10:08:09.401 +0000",1762250889.400728,-0.030693,-0.692555,-0.149150
"2025-11-04 10:08:09.411 +0000",1762250889.410709,0.059180,-0.602531,-0.021442
"2025-11-04 10:08:09.421 +0000",1762250889.420690,0.059894,-0.487835,0.102681
"2025-11-04 10:08:09.431 +0000",1762250889.430671,-0.026820,-0.343154,0.172328
"2025-11-04 10:08:09.441 +0000",1762250889.440652,-0.159138,-0.118034,0.190887
"2025-11-04 10:08:09.451 +0000",1762250889.450634,-0.246006,0.082306,0.186565
"2025-11-04 10:08:09.461 +0000",1762250889.460615,-0.218945,0.287750,0.155635
"2025-11-04 10:08:09.471 +0000",1762250889.470596,-0.087368,0.416687,0.138306
"2025-11-04 10:08:09.481 +0000",1762250889.480577,0.030779,0.426160,0.153436
"2025-11-04 10:08:09.491 +0000",1762250889.490558,0.104407,0.420967,0.216343
"2025-11-04 10:08:09.501 +0000",1762250889.500541,0.122540,0.407217,0.300863
"2025-11-04 10:08:09.511 +0000",1762250889.510521,0.070777,0.308780,0.356063
"2025-11-04 10:08:09.521 +0000",1762250889.520502,-0.021793,0.089830,0.341294
"2025-11-04 10:08:09.530 +0000",1762250889.530483,-0.115524,-0.124396,0.269492
"2025-11-04 10:08:09.540 +0000",1762250889.540465,-0.182314,-0.306907,0.169703
"2025-11-04 10:08:09.550 +0000",1762250889.550445,-0.201750,-0.427083,0.059446
"2025-11-04 10:08:09.560 +0000",1762250889.560427,-0.170529,-0.392161,-0.062858
"2025-11-04 10:08:09.570 +0000",1762250889.570408,-0.084556,-0.227267,-0.166181
"2025-11-04 10:08:09.580 +0000",1762250889.580391,0.058433,-0.069391,-0.297026
"2025-11-04 10:08:09.590 +0000",1762250889.590371,0.267564,0.078617,-0.450526
"2025-11-04 10:08:09.600 +0000",1762250889.600352,0.407093,0.160655,-0.524912
"2025-11-04 10:08:09.610 +0000",1762250889.610332,0.375868,0.038810,-0.469239
"2025-11-04 10:08:09.620 +0000",1762250889.620315,0.226875,-0.046088,-0.362293
"2025-11-04 10:08:09.630 +0000",1762250889.630296,0.050264,-0.053556,-0.233846
"2025-11-04 10:08:09.640 +0000",1762250889.640277,-0.123777,0.048129,-0.077329
"2025-11-04 10:08:09.650 +0000",1762250889.650257,-0.268526,0.050711,-0.026258
"2025-11-04 10:08:09.660 +0000",1762250889.660241,-0.376129,0.011910,0.039498
"2025-11-04 10:08:09.670 +0000",1762250889.670220,-0.469117,-0.059887,0.110163
"2025-11-04 10:08:09.680 +0000",1762250889.680202,-0.480672,-0.135112,0.205895
"2025-11-04 10:08:09.690 +0000",1762250889.690183,-0.382032,-0.170289,0.231845
"2025-11-04 10:08:09.700 +0000",1762250889.700164,-0.241006,-0.164988,0.172969
"2025-11-04 10:08:09.710 +0000",1762250889.710145,-0.097690,-0.186106,0.062353
"2025-11-04 10:08:09.720 +0000",1762250889.720127,0.023452,-0.291038,-0.033744
"2025-11-04 10:08:09.730 +0000",1762250889.730108,0.148289,-0.447453,-0.080010
"2025-11-04 10:08:09.740 +0000",1762250889.740089,0.257943,-0.655268,-0.093528
"2025-11-04 10:08:09.750 +0000",1762250889.750071,0.338376,-0.839369,-0.147040
"2025-11-04 10:08:09.760 +0000",1762250889.760052,0.358293,-0.735372,-0.182545
"2025-11-04 10:08:09.770 +0000",1762250889.770033,0.315413,-0.450928,-0.163275
"2025-11-04 10:08:09.780 +0000",1762250889.780014,0.219593,-0.239037,-0.118861
"2025-11-04 10:08:09.790 +0000",1762250889.789996,0.087897,-0.252957,-0.075190
"2025-11-04 10:08:09.800 +0000",1762250889.799976,-0.024852,-0.359465,-0.061758
"2025-11-04 10:08:09.810 +0000",1762250889.809958,-0.057366,-0.399391,-0.116121
"2025-11-04 10:08:09.820 +0000",1762250889.819941,-0.020321,-0.268931,-0.225973
"2025-11-04 10:08:09.830 +0000",1762250889.829921,0.047305,-0.029304,-0.360452
"2025-11-04 10:08:09.840 +0000",1762250889.839902,0.120015,0.244978,-0.449773
"2025-11-04 10:08:09.850 +0000",1762250889.849883,0.171586,0.472235,-0.451925
"2025-11-04 10:08:09.860 +0000",1762250889.859864,0.191991,0.510591,-0.355652
"2025-11-04 10:08:09.870 +0000",1762250889.869846,0.283250,0.108845,-0.055794
"2025-11-04 10:08:09.880 +0000",1762250889.879827,0.388676,-0.398409,0.415034
"2025-11-04 10:08:09.890 +0000",1762250889.889807,0.466573,-0.652216,0.569781
"2025-11-04 10:08:09.900 +0000",1762250889.899789,0.520774,-0.768676,0.393013
"2025-11-04 10:08:09.910 +0000",1762250889.909771,0.440878,-0.816818,0.140747
"2025-11-04 10:08:09.920 +0000",1762250889.919752,0.246278,-0.790225,0.074138
"2025-11-04 10:08:09.930 +0000",1762250889.929733,0.026071,-0.674715,0.110689
"2025-11-04 10:08:09.940 +0000",1762250889.939714,-0.143462,-0.447308,0.144583
"2025-11-04 10:08:09.950 +0000",1762250889.949696,-0.234893,-0.159779,0.221044
"2025-11-04 10:08:09.960 +0000",1762250889.959677,-0.259304,0.107529,0.270219
"2025-11-04 10:08:09.970 +0000",1762250889.969658,-0.250806,0.334124,0.267709
"2025-11-04 10:08:09.980 +0000",1762250889.979639,-0.242197,0.501334,0.287354
"2025-11-04 10:08:09.990 +0000",1762250889.989620,-0.266724,0.631104,0.345385
"2025-11-04 10:08:10.000 +0000",1762250889.999602,-0.308117,0.738376,0.424721
"2025-11-04 10:08:10.010 +0000",1762250890.009583,-0.306031,0.775625,0.519709
"2025-11-04 10:08:10.020 +0000",1762250890.019564,-0.207625,0.777572,0.627005
"2025-11-04 10:08:10.030 +0000",1762250890.029545,-0.077975,0.726565,0.699473
"2025-11-04 10:08:10.040 +0000",1762250890.039526,-0.079090,0.522542,0.693152
"2025-11-04 10:08:10.050 +0000",1762250890.049507,-0.272559,0.260546,0.622074
"2025-11-04 10:08:10.059 +0000",1762250890.059489,-0.543902,0.079104,0.539325
"2025-11-04 10:08:10.069 +0000",1762250890.069470,-0.693413,-0.102443,0.451950
"2025-11-04 10:08:10.079 +0000",1762250890.079452,-0.639347,-0.137926,0.287833
"2025-11-04 10:08:10.089 +0000",1762250890.089433,-0.416288,0.014355,0.109422
"2025-11-04 10:08:10.099 +0000",1762250890.099415,-0.149182,0.163456,-0.015397
"2025-11-04 10:08:10.109 +0000",1762250890.109395,0.124492,0.304433,-0.087962
"2025-11-04 10:08:10.119 +0000",1762250890.119377,0.363584,0.471035,-0.129959
"2025-11-04 10:08:10.129 +0000",1762250890.129357,0.476989,0.603980,-0.191088
"2025-11-04 10:08:10.139 +0000",1762250890.139338,0.415907,0.647734,-0.222152
"2025-11-04 10:08:10.149 +0000",1762250890.149319,0.219861,0.623751,-0.161212
"2025-11-04 10:08:10.159 +0000",1762250890.159302,-0.013602,0.534034,-0.044814
"2025-11-04 10:08:10.169 +0000",1762250890.169283,-0.229803,0.398959,0.036138
"2025-11-04 10:08:10.179 +0000",1762250890.179263,-0.358986,0.200407,0.034107
"2025-11-04 10:08:10.189 +0000",1762250890.189245,-0.349976,0.058085,-0.065976
"2025-11-04 10:08:10.199 +0000",1762250890.199227,-0.226492,0.074939,-0.216791
"2025-11-04 10:08:10.209 +0000",1762250890.209208,-0.063128,0.160101,-0.359389
"2025-11-04 10:08:10.219 +0000",1762250890.219189,0.118641,0.237716,-0.465471
"2025-11-04 10:08:10.229 +0000",1762250890.229169,0.298153,0.297780,-0.494578
"2025-11-04 10:08:10.239 +0000",1762250890.239152,0.386896,0.249775,-0.451704
"2025-11-04 10:08:10.249 +0000",1762250890.249134,0.379093,0.177395,-0.398285
"2025-11-04 10:08:10.259 +0000",1762250890.259114,0.312214,0.099276,-0.363566
"2025-11-04 10:08:10.269 +0000",1762250890.269094,0.283381,0.102013,-0.375249
"2025-11-04 10:08:10.279 +0000",1762250890.279076,0.282480,0.207568,-0.440402
"2025-11-04 10:08:10.289 +0000",1762250890.289058,0.241733,0.202626,-0.386041
"2025-11-04 10:08:10.299 +0000",1762250890.299038,0.176883,0.117216,-0.177196
"2025-11-04 10:08:10.309 +0000",1762250890.309020,0.171200,0.231279,-0.086646
"2025-11-04 10:08:10.319 +0000",1762250890.319001,0.192459,0.243180,-0.020817
"2025-11-04 10:08:10.329 +0000",1762250890.328982,0.112116,0.244017,0.020205
"2025-11-04 10:08:10.339 +0000",1762250890.338964,-0.004408,0.377442,0.058135
"2025-11-04 10:08:10.349 +0000",1762250890.348945,-0.130148,0.549732,0.094028
"2025-11-04 10:08:10.359 +0000",1762250890.358926,-0.220445,0.610709,0.076855
"2025-11-04 10:08:10.369 +0000",1762250890.368907,-0.205906,0.634018,0.018471
"2025-11-04 10:08:10.379 +0000",1762250890.378889,-0.087265,0.613607,-0.024474
"2025-11-04 10:08:10.389 +0000",1762250890.388870,0.046736,0.549473,-0.044557
"2025-11-04 10:08:10.399 +0000",1762250890.398851,0.140057,0.440324,-0.022821
"2025-11-04 10:08:10.409 +0000",1762250890.408833,0.168656,0.244277,0.042295
"2025-11-04 10:08:10.419 +0000",1762250890.418814,0.145873,0.027147,0.093289
"2025-11-04 10:08:10.429 +0000",1762250890.428795,0.076072,-0.104159,0.127856
"2025-11-04 10:08:10.439 +0000",1762250890.438775,-0.022002,-0.183223,0.165751
"2025-11-04 10:08:10.449 +0000",1762250890.448757,-0.141792,-0.246737,0.179299
"2025-11-04 10:08:10.459 +0000",1762250890.458739,-0.231184,-0.243919,0.130235
"2025-11-04 10:08:10.469 +0000",1762250890.468719,-0.265031,-0.160911,0.050753
"2025-11-04 10:08:10.479 +0000",1762250890.478702,-0.262443,-0.043271,-0.040614
"2025-11-04 10:08:10.489 +0000",1762250890.488683,-0.220418,0.113315,-0.137976
"2025-11-04 10:08:10.499 +0000",1762250890.498664,-0.138683,0.254804,-0.197370
"2025-11-04 10:08:10.509 +0000",1762250890.508646,-0.065221,0.342430,-0.206786
"2025-11-04 10:08:10.519 +0000",1762250890.518626,-0.001475,0.402361,-0.167322
"2025-11-04 10:08:10.529 +0000",1762250890.528607,0.056385,0.420242,-0.096362
"2025-11-04 10:08:10.539 +0000",1762250890.538588,0.074680,0.362633,-0.004599
"2025-11-04 10:08:10.549 +0000",1762250890.548569,0.041973,0.298305,0.090367
"2025-11-04 10:08:10.559 +0000",1762250890.558551,-0.008136,0.203663,0.155658
"2025-11-04 10:08:10.569 +0000",1762250890.568531,-0.047771,0.074206,0.190999
"2025-11-04 10:08:10.579 +0000",1762250890.578514,-0.065321,-0.037989,0.205856
"2025-11-04 10:08:10.588 +0000",1762250890.588495,-0.051784,-0.129333,0.206691
"2025-11-04 10:08:10.598 +0000",1762250890.598476,0.001010,-0.184596,0.203245
"2025-11-04 10:08:10.608 +0000",1762250890.608457,0.087418,-0.192203,0.206083
"2025-11-04 10:08:10.618 +0000",1762250890.618439,0.170362,-0.168480,0.215486
"2025-11-04 10:08:10.628 +0000",1762250890.628420,0.204401,-0.152239,0.228722
"2025-11-04 10:08:10.638 +0000",1762250890.638401,0.153784,-0.162468,0.252743
"2025-11-04 10:08:10.648 +0000",1762250890.648381,0.046022,-0.176586,0.281117
"2025-11-04 10:08:10.658 +0000",1762250890.658363,-0.073205,-0.194257,0.288738
"2025-11-04 10:08:10.668 +0000",1762250890.668344,-0.158777,-0.231779,0.273868
"2025-11-04 10:08:10.678 +0000",1762250890.678326,-0.175682,-0.263444,0.207615
"2025-11-04 10:08:10.688 +0000",1762250890.688307,-0.121194,-0.282734,0.107108
"2025-11-04 10:08:10.698 +0000",1762250890.698289,-0.011638,-0.281494,-0.012306
"2025-11-04 10:08:10.708 +0000",1762250890.708270,0.127066,-0.280118,-0.158721
"2025-11-04 10:08:10.718 +0000",1762250890.718251,0.251606,-0.227002,-0.300064
"2025-11-04 10:08:10.728 +0000",1762250890.728232,0.307187,-0.123119,-0.398661
"2025-11-04 10:08:10.738 +0000",1762250890.738214,0.327073,0.018777,-0.425209
"2025-11-04 10:08:10.748 +0000",1762250890.748195,0.332484,0.139492,-0.422691
"2025-11-04 10:08:10.758 +0000",1762250890.758176,0.331526,0.229993,-0.415830
"2025-11-04 10:08:10.768 +0000",1762250890.768157,0.322528,0.260780,-0.401116
"2025-11-04 10:08:10.778 +0000",1762250890.778139,0.280697,0.212096,-0.362197
"2025-11-04 10:08:10.788 +0000",1762250890.788120,0.195580,0.094802,-0.322460
"2025-11-04 10:08:10.798 +0000",1762250890.798100,0.076497,-0.008928,-0.282712
"2025-11-04 10:08:10.808 +0000",1762250890.808081,-0.032185,-0.071274,-0.237015
"2025-11-04 10:08:10.818 +0000",1762250890.818064,-0.141274,-0.120499,-0.213169
"2025-11-04 10:08:10.828 +0000",1762250890.828045,-0.200408,-0.147737,-0.222248
"2025-11-04 10:08:10.838 +0000",1762250890.838026,-0.166738,-0.146874,-0.236018
"2025-11-04 10:08:10.848 +0000",1762250890.848006,-0.112552,-0.174226,-0.238829
"2025-11-04 10:08:10.858 +0000",1762250890.857987,-0.052979,-0.187511,-0.270545
"2025-11-04 10:08:10.868 +0000",1762250890.867970,-0.012155,-0.151560,-0.323197
"2025-11-04 10:08:10.878 +0000",1762250890.877951,-0.011948,-0.110435,-0.349302
"2025-11-04 10:08:10.888 +0000",1762250890.887932,-0.030834,-0.048422,-0.317259
"2025-11-04 10:08:10.898 +0000",1762250890.897912,-0.047414,-0.013099,-0.242766
"2025-11-04 10:08:10.908 +0000",1762250890.907894,-0.036062,-0.003886,-0.126189
"2025-11-04 10:08:10.918 +0000",1762250890.917875,0.019376,-0.014523,0.006099
"2025-11-04 10:08:10.928 +0000",1762250890.927856,0.063999,-0.024701,0.114687
"2025-11-04 10:08:10.938 +0000",1762250890.937837,0.069789,-0.033298,0.193757
"2025-11-04 10:08:10.948 +0000",1762250890.947819,0.087377,-0.071844,0.242140
"2025-11-04 10:08:10.958 +0000",1762250890.957800,0.140658,-0.153981,0.246789
"2025-11-04 10:08:10.968 +0000",1762250890.967781,0.190463,-0.249146,0.215320
"2025-11-04 10:08:10.978 +0000",1762250890.977763,0.189488,-0.326913,0.143979
"2025-11-04 10:08:10.988 +0000",1762250890.987745,0.184633,-0.370632,0.065868
"2025-11-04 10:08:10.998 +0000",1762250890.997725,0.239049,-0.363712,-0.007852
"2025-11-04 10:08:11.008 +0000",1762250891.007706,0.314309,-0.318855,-0.081528
"2025-11-04 10:08:11.018 +0000",1762250891.017687,0.374813,-0.233105,-0.157362
"2025-11-04 10:08:11.028 +0000",1762250891.027669,0.430780,-0.113174,-0.199255
"2025-11-04 10:08:11.038 +0000",1762250891.037651,0.418099,-0.005715,-0.221826
"2025-11-04 10:08:11.048 +0000",1762250891.047632,0.277894,0.102378,-0.271470
"2025-11-04 10:08:11.058 +0000",1762250891.057613,0.013337,0.179747,-0.308447
"2025-11-04 10:08:11.068 +0000",1762250891.067595,-0.304631,0.178910,-0.291538
"2025-11-04 10:08:11.078 +0000",1762250891.077576,-0.534784,0.131123,-0.246938
"2025-11-04 10:08:11.088 +0000",1762250891.087556,-0.602496,0.036682,-0.242991
"2025-11-04 10:08:11.098 +0000",1762250891.097537,-0.530798,-0.096669,-0.327150
"2025-11-04 10:08:11.108 +0000",1762250891.107520,-0.392267,-0.242694,-0.432043
"2025-11-04 10:08:11.118 +0000",1762250891.117501,-0.271485,-0.337100,-0.514144
"2025-11-04 10:08:11.127 +0000",1762250891.127482,-0.207714,-0.300545,-0.600993
"2025-11-04 10:08:11.137 +0000",1762250891.137463,-0.161212,-0.083074,-0.695199
"2025-11-04 10:08:11.147 +0000",1762250891.147444,-0.037132,0.221318,-0.783676
"2025-11-04 10:08:11.157 +0000",1762250891.157426,0.172854,0.402180,-0.832925
"2025-11-04 10:08:11.167 +0000",1762250891.167406,0.371445,0.362503,-0.809241
"2025-11-04 10:08:11.177 +0000",1762250891.177387,0.437752,0.132992,-0.719928
"2025-11-04 10:08:11.187 +0000",1762250891.187369,0.386469,-0.136411,-0.644009
"2025-11-04 10:08:11.197 +0000",1762250891.197350,0.331063,-0.320995,-0.491174
"2025-11-04 10:08:11.207 +0000",1762250891.207331,0.302289,-0.392533,-0.293312
"2025-11-04 10:08:11.217 +0000",1762250891.217313,0.256853,-0.404838,-0.084802
"2025-11-04 10:08:11.227 +0000",1762250891.227294,0.180378,-0.334756,0.122655
"2025-11-04 10:08:11.237 +0000",1762250891.237275,0.099845,-0.252252,0.334345
"2025-11-04 10:08:11.247 +0000",1762250891.247256,0.045089,-0.211431,0.509771
"2025-11-04 10:08:11.257 +0000",1762250891.257236,0.015228,-0.220116,0.675146
"2025-11-04 10:08:11.267 +0000",1762250891.267219,0.011473,-0.310914,0.856378
"2025-11-04 10:08:11.277 +0000",1762250891.277201,0.051008,-0.446786,1.005389
"2025-11-04 10:08:11.287 +0000",1762250891.287181,0.142956,-0.520314,1.096828
"2025-11-04 10:08:11.297 +0000",1762250891.297163,0.225803,-0.520969,1.127208
"2025-11-04 10:08:11.307 +0000",1762250891.307143,0.289320,-0.468599,1.117838
"2025-11-04 10:08:11.317 +0000",1762250891.317125,0.352000,-0.396361,1.124723
"2025-11-04 10:08:11.327 +0000",1762250891.327106,0.425679,-0.306661,1.148712
"2025-11-04 10:08:11.337 +0000",1762250891.337086,0.376109,-0.193945,1.199760
"2025-11-04 10:08:11.347 +0000",1762250891.347067,0.015720,-0.075493,1.286084
"2025-11-04 10:08:11.357 +0000",1762250891.357050,-0.581875,0.027184,1.357273
"2025-11-04 10:08:11.367 +0000",1762250891.367031,-1.016016,0.229742,1.288700
"2025-11-04 10:08:11.377 +0000",1762250891.377012,-1.039096,0.279364,1.049695
"2025-11-04 10:08:11.387 +0000",1762250891.386992,-0.782918,0.031460,0.696171
"2025-11-04 10:08:11.397 +0000",1762250891.396975,-0.545327,-0.259358,0.354485
"2025-11-04 10:08:11.407 +0000",1762250891.406955,-0.477389,-0.479207,0.170556
"2025-11-04 10:08:11.417 +0000",1762250891.416937,-0.500750,-0.576732,0.089276
"2025-11-04 10:08:11.427 +0000",1762250891.426918,-0.448401,-0.492729,0.057255
"2025-11-04 10:08:11.437 +0000",1762250891.436899,-0.150425,-0.281518,-0.002466
"2025-11-04 10:08:11.447 +0000",1762250891.446880,0.473547,0.079429,-0.195199
"2025-11-04 10:08:11.457 +0000",1762250891.456861,1.208120,0.523478,-0.465201
"2025-11-04 10:08:11.467 +0000",1762250891.466843,1.734037,0.863626,-0.647897
"2025-11-04 10:08:11.477 +0000",1762250891.476825,1.891488,1.211186,-0.647076
"2025-11-04 10:08:11.487 +0000",1762250891.486805,1.837751,1.568388,-0.512016
"2025-11-04 10:08:11.497 +0000",1762250891.496786,1.796557,1.660655,-0.345954
"2025-11-04 10:08:11.507 +0000",1762250891.506768,1.754076,1.501129,-0.182762
"2025-11-04 10:08:11.517 +0000",1762250891.516750,1.577966,1.303698,-0.030235
"2025-11-04 10:08:11.527 +0000",1762250891.526731,1.242821,1.159170,0.208240
"2025-11-04 10:08:11.537 +0000",1762250891.536711,0.824263,1.054202,0.465766
"2025-11-04 10:08:11.547 +0000",1762250891.546692,0.430057,0.872636,0.708709
"2025-11-04 10:08:11.557 +0000",1762250891.556675,0.126964,0.674397,0.896337
"2025-11-04 10:08:11.567 +0000",1762250891.566655,-0.135543,0.548064,0.992133
"2025-11-04 10:08:11.577 +0000",1762250891.576637,-0.394569,0.451291,0.963220
"2025-11-04 10:08:11.587 +0000",1762250891.586617,-0.598042,0.365300,0.813961
"2025-11-04 10:08:11.597 +0000",1762250891.596600,-0.761017,0.306557,0.613910
"2025-11-04 10:08:11.607 +0000",1762250891.606580,-0.935039,0.311087,0.480653
"2025-11-04 10:08:11.617 +0000",1762250891.616561,-1.103845,0.348001,0.457515
"2025-11-04 10:08:11.627 +0000",1762250891.626542,-1.196638,0.368470,0.460427
"2025-11-04 10:08:11.637 +0000",1762250891.636524,-1.202978,0.373406,0.466958
"2025-11-04 10:08:11.647 +0000",1762250891.646505,-1.155771,0.335679,0.464484
"2025-11-04 10:08:11.656 +0000",1762250891.656487,-1.027037,0.277035,0.425236
"2025-11-04 10:08:11.666 +0000",1762250891.666468,-0.771181,0.255084,0.377768
"2025-11-04 10:08:11.676 +0000",1762250891.676449,-0.495019,0.238970,0.365507
"2025-11-04 10:08:11.686 +0000",1762250891.686430,-0.293836,0.223033,0.368242
"2025-11-04 10:08:11.696 +0000",1762250891.696411,-0.128425,0.246456,0.351810
"2025-11-04 10:08:11.706 +0000",1762250891.706392,0.029083,0.286009,0.317251
"2025-11-04 10:08:11.716 +0000",1762250891.716374,0.152222,0.306916,0.267643
"2025-11-04 10:08:11.726 +0000",1762250891.726356,0.236981,0.351886,0.207586
"2025-11-04 10:08:11.736 +0000",1762250891.736336,0.242984,0.383332,0.209539
"2025-11-04 10:08:11.746 +0000",1762250891.746318,0.098536,0.275138,0.330278
"2025-11-04 10:08:11.756 +0000",1762250891.756299,-0.317268,-0.050261,0.519364
"2025-11-04 10:08:11.766 +0000",1762250891.766280,-0.948577,-0.512209,0.707215
"2025-11-04 10:08:11.776 +0000",1762250891.776262,-1.426654,-1.132619,0.766489
"2025-11-04 10:08:11.786 +0000",1762250891.786242,-1.164652,-1.764306,0.537638
"2025-11-04 10:08:11.796 +0000",1762250891.796223,0.090527,-1.985868,-0.103254
"2025-11-04 10:08:11.806 +0000",1762250891.806205,1.645316,-1.586845,-1.053911
"2025-11-04 10:08:11.816 +0000",1762250891.816186,2.493484,-0.739493,-1.684142
"2025-11-04 10:08:11.826 +0000",1762250891.826168,2.445457,0.291978,-1.870867
"2025-11-04 10:08:11.836 +0000",1762250891.836149,1.856297,1.106683,-1.706842
"2025-11-04 10:08:11.846 +0000",1762250891.846131,1.082049,1.360141,-1.319719
"2025-11-04 10:08:11.856 +0000",1762250891.856111,0.418623,1.295943,-0.837869
"2025-11-04 10:08:11.866 +0000",1762250891.866092,-0.065616,1.038307,-0.334134
"2025-11-04 10:08:11.876 +0000",1762250891.876073,-0.522812,0.609508,0.106975
"2025-11-04 10:08:11.886 +0000",1762250891.886055,-1.062582,0.317900,0.180559
"2025-11-04 10:08:11.896 +0000",1762250891.896036,-1.291541,0.285151,0.265701
"2025-11-04 10:08:11.906 +0000",1762250891.906017,-1.194322,0.151456,0.414583
"2025-11-04 10:08:11.916 +0000",1762250891.915998,-0.854619,-0.058118,0.550892
"2025-11-04 10:08:11.926 +0000",1762250891.925980,-0.392770,-0.256136,0.675863
"2025-11-04 10:08:11.936 +0000",1762250891.935961,-0.058017,-0.389166,0.737480
"2025-11-04 10:08:11.946 +0000",1762250891.945942,0.041792,-0.480043,0.718709
"2025-11-04 10:08:11.956 +0000",1762250891.955922,0.021524,-0.515497,0.630539
"2025-11-04 10:08:11.966 +0000",1762250891.965905,-0.035115,-0.411324,0.480703
"2025-11-04 10:08:11.976 +0000",1762250891.975887,-0.097671,-0.158522,0.320964
"2025-11-04 10:08:11.986 +0000",1762250891.985867,-0.173707,0.086358,0.222991
"2025-11-04 10:08:11.996 +0000",1762250891.995848,-0.303012,0.248941,0.159702
"2025-11-04 10:08:12.006 +0000",1762250892.005830,-0.477673,0.345182,0.156244
"2025-11-04 10:08:12.016 +0000",1762250892.015811,-0.600021,0.455226,0.255177
"2025-11-04 10:08:12.026 +0000",1762250892.025792,-0.586802,0.620710,0.399821
"2025-11-04 10:08:12.036 +0000",1762250892.035773,-0.398299,0.763900,0.493261
"2025-11-04 10:08:12.046 +0000",1762250892.045755,-0.089966,0.787363,0.530997
"2025-11-04 10:08:12.056 +0000",1762250892.055736,0.087999,0.604696,0.494246
"2025-11-04 10:08:12.066 +0000",1762250892.065717,0.058657,0.374675,0.440260
"2025-11-04 10:08:12.076 +0000",1762250892.075699,-0.110933,0.167963,0.420177
"2025-11-04 10:08:12.086 +0000",1762250892.085680,-0.374532,-0.072052,0.472669
"2025-11-04 10:08:12.096 +0000",1762250892.095661,-0.840978,-0.413010,0.586975
"2025-11-04 10:08:12.106 +0000",1762250892.105642,-1.467364,-0.766326,0.734256
"2025-11-04 10:08:12.116 +0000",1762250892.115623,-1.982140,-0.976969,0.899359
"2025-11-04 10:08:12.126 +0000",1762250892.125605,-2.198097,-1.042399,1.026729
"2025-11-04 10:08:12.136 +0000",1762250892.135586,-2.021241,-1.063840,1.077356
"2025-11-04 10:08:12.146 +0000",1762250892.145567,-2.127027,-0.698325,0.974038
"2025-11-04 10:08:12.156 +0000",1762250892.155549,-1.570436,-0.004199,0.277120
"2025-11-04 10:08:12.166 +0000",1762250892.165530,-0.366160,0.645687,-0.386517
"2025-11-04 10:08:12.176 +0000",1762250892.175511,0.622264,1.205974,-0.729053
"2025-11-04 10:08:12.185 +0000",1762250892.185492,1.378625,1.585623,-0.709434
"2025-11-04 10:08:12.195 +0000",1762250892.195474,1.871231,1.715308,-0.627345
"2025-11-04 10:08:12.205 +0000",1762250892.205455,1.888598,1.402925,-0.460735
"2025-11-04 10:08:12.215 +0000",1762250892.215435,1.542224,0.714356,-0.229068
"2025-11-04 10:08:12.225 +0000",1762250892.225416,0.982938,-0.035946,0.044002
"2025-11-04 10:08:12.235 +0000",1762250892.235397,0.378615,-0.663558,0.414655
"2025-11-04 10:08:12.245 +0000",1762250892.245379,-0.179977,-1.199431,0.685946
"2025-11-04 10:08:12.255 +0000",1762250892.255360,-0.539248,-1.164976,0.710702
"2025-11-04 10:08:12.265 +0000",1762250892.265342,-0.771757,-0.747915,0.674318
"2025-11-04 10:08:12.275 +0000",1762250892.275323,-0.737364,-0.250657,0.616204
"2025-11-04 10:08:12.285 +0000",1762250892.285305,-0.469431,0.074930,0.577329
"2025-11-04 10:08:12.295 +0000",1762250892.295286,-0.038706,0.229878,0.551926
"2025-11-04 10:08:12.305 +0000",1762250892.305267,0.421177,0.261107,0.510404
"2025-11-04 10:08:12.315 +0000",1762250892.315248,0.741641,0.210363,0.427323
"2025-11-04 10:08:12.325 +0000",1762250892.325231,0.855744,0.152709,0.344638
"2025-11-04 10:08:12.335 +0000",1762250892.335211,0.795112,-0.016650,0.306669
"2025-11-04 10:08:12.345 +0000",1762250892.345193,0.525774,-0.265291,0.307045
"2025-11-04 10:08:12.355 +0000",1762250892.355174,0.223246,-0.408073,0.278325
"2025-11-04 10:08:12.365 +0000",1762250892.365155,0.077105,-0.231599,0.247055
"2025-11-04 10:08:12.375 +0000",1762250892.375136,0.067887,0.016156,0.227064
"2025-11-04 10:08:12.385 +0000",1762250892.385117,0.128263,0.229138,0.174793
"2025-11-04 10:08:12.395 +0000",1762250892.395099,0.186296,0.445807,0.056168
"2025-11-04 10:08:12.405 +0000",1762250892.405080,0.140713,0.657628,-0.126310
"2025-11-04 10:08:12.415 +0000",1762250892.415061,-0.024907,0.827664,-0.334615
"2025-11-04 10:08:12.425 +0000",1762250892.425042,-0.241889,0.930191,-0.531232
"2025-11-04 10:08:12.435 +0000",1762250892.435023,-0.448531,0.906976,-0.663760
"2025-11-04 10:08:12.445 +0000",1762250892.445005,-0.591969,0.835416,-0.688043
"2025-11-04 10:08:12.455 +0000",1762250892.454986,-0.645958,0.790512,-0.605988
"2025-11-04 10:08:12.465 +0000",1762250892.464967,-0.629364,0.787653,-0.447692
"2025-11-04 10:08:12.475 +0000",1762250892.474948,-0.627229,0.806568,-0.250446
"2025-11-04 10:08:12.485 +0000",1762250892.484930,-0.665708,0.838000,-0.036087
"2025-11-04 10:08:12.495 +0000",1762250892.494911,-0.702684,0.822284,0.093496
"2025-11-04 10:08:12.505 +0000",1762250892.504893,-0.692699,0.732814,0.090211
"2025-11-04 10:08:12.515 +0000",1762250892.514873,-0.566667,0.639484,-0.007711
"2025-11-04 10:08:12.525 +0000",1762250892.524855,-0.414587,0.519315,-0.123365
"2025-11-04 10:08:12.535 +0000",1762250892.534836,-0.318436,0.302681,-0.074234
"2025-11-04 10:08:12.545 +0000",1762250892.544817,-0.260226,0.079476,0.044869
"2025-11-04 10:08:12.555 +0000",1762250892.554798,-0.251112,-0.166963,0.185879
"2025-11-04 10:08:12.565 +0000",1762250892.564780,-0.301354,-0.405945,0.297505
"2025-11-04 10:08:12.575 +0000",1762250892.574761,-0.425787,-0.603472,0.349896
"2025-11-04 10:08:12.585 +0000",1762250892.584742,-0.493197,-0.777871,0.377373
"2025-11-04 10:08:12.595 +0000",1762250892.594723,-0.497260,-0.901690,0.368358
"2025-11-04 10:08:12.605 +0000",1762250892.604705,-0.529956,-0.974979,0.352373
"2025-11-04 10:08:12.615 +0000",1762250892.614686,-0.627905,-1.072300,0.369979
"2025-11-04 10:08:12.625 +0000",1762250892.624667,-0.711171,-1.174871,0.412345
"2025-11-04 10:08:12.635 +0000",1762250892.634648,-0.610409,-1.228090,0.445148
"2025-11-04 10:08:12.645 +0000",1762250892.644630,-0.275883,-1.268664,0.485066
"2025-11-04 10:08:12.655 +0000",1762250892.654611,0.173500,-1.323304,0.527436
"2025-11-04 10:08:12.665 +0000",1762250892.664593,0.579490,-1.348933,0.511340
"2025-11-04 10:08:12.675 +0000",1762250892.674573,0.877026,-1.219759,0.460132
"2025-11-04 10:08:12.685 +0000",1762250892.684555,1.041375,-0.914389,0.389245
"2025-11-04 10:08:12.695 +0000",1762250892.694536,1.031555,-0.513441,0.273241
"2025-11-04 10:08:12.705 +0000",1762250892.704517,0.882349,-0.055276,0.145863
"2025-11-04 10:08:12.714 +0000",1762250892.714498,0.640087,0.347554,0.039632
"2025-11-04 10:08:12.724 +0000",1762250892.724480,0.397450,0.634073,-0.050021
"2025-11-04 10:08:12.734 +0000",1762250892.734461,0.239128,0.810578,-0.123929
"2025-11-04 10:08:12.744 +0000",1762250892.744442,0.164177,0.862666,-0.174903
"2025-11-04 10:08:12.754 +0000",1762250892.754423,0.121682,0.796616,-0.193929
"2025-11-04 10:08:12.764 +0000",1762250892.764405,0.018909,0.639565,-0.174249
"2025-11-04 10:08:12.774 +0000",1762250892.774386,-0.124276,0.448357,-0.136562
"2025-11-04 10:08:12.784 +0000",1762250892.784366,-0.257573,0.261639,-0.104043
"2025-11-04 10:08:12.794 +0000",1762250892.794347,-0.320335,0.113508,-0.078142
"2025-11-04 10:08:12.804 +0000",1762250892.804329,-0.316609,-0.008796,-0.048990
"2025-11-04 10:08:12.814 +0000",1762250892.814311,-0.284601,-0.089253,-0.048535
"2025-11-04 10:08:12.824 +0000",1762250892.824291,-0.238537,-0.130369,-0.061050
"2025-11-04 10:08:12.834 +0000",1762250892.834273,-0.177273,-0.113425,-0.103762
"2025-11-04 10:08:12.844 +0000",1762250892.844255,-0.105794,-0.011364,-0.151830
"2025-11-04 10:08:12.854 +0000",1762250892.854236,-0.048324,0.116633,-0.183003
"2025-11-04 10:08:12.864 +0000",1762250892.864217,-0.035889,0.242066,-0.190684
"2025-11-04 10:08:12.874 +0000",1762250892.874197,-0.034627,0.388971,-0.163404
"2025-11-04 10:08:12.884 +0000",1762250892.884179,-0.056541,0.509797,-0.113097
"2025-11-04 10:08:12.894 +0000",1762250892.894161,-0.092516,0.583136,-0.051351
"2025-11-04 10:08:12.904 +0000",1762250892.904141,-0.115469,0.633800,0.020530
"2025-11-04 10:08:12.914 +0000",1762250892.914122,-0.142559,0.603875,0.084226
"2025-11-04 10:08:12.924 +0000",1762250892.924105,-0.193722,0.559306,0.111425
"2025-11-04 10:08:12.934 +0000",1762250892.934086,-0.232605,0.495159,0.131845
"2025-11-04 10:08:12.944 +0000",1762250892.944066,-0.205432,0.401709,0.147452
"2025-11-04 10:08:12.954 +0000",1762250892.954051,-0.120079,0.275841,0.122569
"2025-11-04 10:08:12.964 +0000",1762250892.964029,-0.067464,0.194052,0.069880
"2025-11-04 10:08:12.974 +0000",1762250892.974011,-0.047961,0.184832,0.040994
"2025-11-04 10:08:12.984 +0000",1762250892.983992,-0.065651,0.177991,0.050394
"2025-11-04 10:08:12.994 +0000",1762250892.993973,-0.126524,0.138318,0.082708
"2025-11-04 10:08:13.004 +0000",1762250893.003954,-0.212427,0.118873,0.145031
"2025-11-04 10:08:13.014 +0000",1762250893.013936,-0.316099,0.102730,0.222390
"2025-11-04 10:08:13.024 +0000",1762250893.023916,-0.454017,0.084046,0.295807
"2025-11-04 10:08:13.034 +0000",1762250893.033898,-0.611131,0.078344,0.368340
"2025-11-04 10:08:13.044 +0000",1762250893.043879,-0.747211,0.056561,0.403841
"2025-11-04 10:08:13.054 +0000",1762250893.053861,-0.820501,0.085364,0.384492
"2025-11-04 10:08:13.064 +0000",1762250893.063842,-0.767455,0.157119,0.302324
"2025-11-04 10:08:13.074 +0000",1762250893.073822,-0.579543,0.216407,0.148989
"2025-11-04 10:08:13.084 +0000",1762250893.083805,-0.298427,0.311416,-0.047347
"2025-11-04 10:08:13.094 +0000",1762250893.093786,0.057670,0.403372,-0.179349
"2025-11-04 10:08:13.104 +0000",1762250893.103767,0.382969,0.387598,-0.234047
"2025-11-04 10:08:13.114 +0000",1762250893.113748,0.624461,0.380278,-0.226435
"2025-11-04 10:08:13.124 +0000",1762250893.123730,0.735428,0.429939,-0.208206
"2025-11-04 10:08:13.134 +0000",1762250893.133710,0.673137,0.464838,-0.170289
"2025-11-04 10:08:13.144 +0000",1762250893.143692,0.468070,0.541807,-0.095580
"2025-11-04 10:08:13.154 +0000",1762250893.153672,0.215792,0.617197,0.006941
"2025-11-04 10:08:13.164 +0000",1762250893.163654,-0.065087,0.600876,0.118361
"2025-11-04 10:08:13.174 +0000",1762250893.173635,-0.287648,0.575205,0.214987
"2025-11-04 10:08:13.184 +0000",1762250893.183617,-0.427436,0.500258,0.286458
"2025-11-04 10:08:13.194 +0000",1762250893.193598,-0.488494,0.371882,0.344954
"2025-11-04 10:08:13.204 +0000",1762250893.203579,-0.442274,0.262401,0.409286
"2025-11-04 10:08:13.214 +0000",1762250893.213561,-0.330877,0.199921,0.439992
"2025-11-04 10:08:13.224 +0000",1762250893.223542,-0.221723,0.140801,0.466004
"2025-11-04 10:08:13.234 +0000",1762250893.233523,-0.096843,0.061596,0.508803
"2025-11-04 10:08:13.244 +0000",1762250893.243504,0.029147,-0.044373,0.532499
"2025-11-04 10:08:13.253 +0000",1762250893.253486,0.106140,-0.156891,0.526257
"2025-11-04 10:08:13.263 +0000",1762250893.263467,0.121854,-0.250086,0.518875
"2025-11-04 10:08:13.273 +0000",1762250893.273448,0.069883,-0.301848,0.505024
"2025-11-04 10:08:13.283 +0000",1762250893.283429,-0.056770,-0.307481,0.491990
"2025-11-04 10:08:13.293 +0000",1762250893.293410,-0.224655,-0.243924,0.480263
"2025-11-04 10:08:13.303 +0000",1762250893.303391,-0.361785,-0.106999,0.458433
"2025-11-04 10:08:13.313 +0000",1762250893.313373,-0.389568,0.097461,0.443965
"2025-11-04 10:08:13.323 +0000",1762250893.323354,-0.296995,0.271522,0.426170
"2025-11-04 10:08:13.333 +0000",1762250893.333337,-0.096638,0.399044,0.396489
"2025-11-04 10:08:13.343 +0000",1762250893.343318,0.162911,0.439609,0.365143
"2025-11-04 10:08:13.353 +0000",1762250893.353298,0.379312,0.415433,0.352433
"2025-11-04 10:08:13.363 +0000",1762250893.363280,0.479604,0.314389,0.358993
"2025-11-04 10:08:13.373 +0000",1762250893.373261,0.429859,0.176438,0.350861
"2025-11-04 10:08:13.383 +0000",1762250893.383242,0.246936,0.053604,0.336241
"2025-11-04 10:08:13.393 +0000",1762250893.393223,0.009072,0.001531,0.325407
"2025-11-04 10:08:13.403 +0000",1762250893.403205,-0.185868,0.013899,0.322963
"2025-11-04 10:08:13.413 +0000",1762250893.413186,-0.345919,0.031173,0.321927
"2025-11-04 10:08:13.423 +0000",1762250893.423167,-0.447428,0.084624,0.344562
"2025-11-04 10:08:13.433 +0000",1762250893.433148,-0.426241,0.184385,0.384188
"2025-11-04 10:08:13.443 +0000",1762250893.443130,-0.270336,0.254514,0.421150
"2025-11-04 10:08:13.453 +0000",1762250893.453111,-0.065006,0.283778,0.441228
"2025-11-04 10:08:13.463 +0000",1762250893.463092,0.080564,0.249505,0.457495
"2025-11-04 10:08:13.473 +0000",1762250893.473073,0.160032,0.204603,0.501411
"2025-11-04 10:08:13.483 +0000",1762250893.483055,0.256575,0.179995,0.542380
"2025-11-04 10:08:13.493 +0000",1762250893.493037,0.384890,0.127095,0.541956
"2025-11-04 10:08:13.503 +0000",1762250893.503017,0.486997,0.064109,0.533791
"2025-11-04 10:08:13.513 +0000",1762250893.512998,0.586448,0.037460,0.548756
"2025-11-04 10:08:13.523 +0000",1762250893.522979,0.670524,-0.020969,0.554573
"2025-11-04 10:08:13.533 +0000",1762250893.532961,0.713608,-0.103936,0.544778
"2025-11-04 10:08:13.543 +0000",1762250893.542942,0.729045,-0.155603,0.528695
"2025-11-04 10:08:13.553 +0000",1762250893.552922,0.743422,-0.171213,0.512695
"2025-11-04 10:08:13.563 +0000",1762250893.562905,0.760000,-0.182205,0.493961
"2025-11-04 10:08:13.573 +0000",1762250893.572886,0.755607,-0.177591,0.479709
"2025-11-04 10:08:13.583 +0000",1762250893.582866,0.728852,-0.111545,0.472370
"2025-11-04 10:08:13.593 +0000",1762250893.592849,0.676256,-0.011828,0.470317
"2025-11-04 10:08:13.603 +0000",1762250893.602830,0.524120,0.076791,0.490326
"2025-11-04 10:08:13.613 +0000",1762250893.612811,0.228235,0.144559,0.527755
"2025-11-04 10:08:13.623 +0000",1762250893.622792,-0.159162,0.233687,0.569284
"2025-11-04 10:08:13.633 +0000",1762250893.632773,-0.481967,0.341558,0.587230
"2025-11-04 10:08:13.643 +0000",1762250893.642755,-0.660018,0.385905,0.584261
"2025-11-04 10:08:13.653 +0000",1762250893.652736,-0.594243,0.397146,0.563070
"2025-11-04 10:08:13.663 +0000",1762250893.662718,-0.265484,0.354833,0.464332
"2025-11-04 10:08:13.673 +0000",1762250893.672698,0.225814,0.274944,0.325732
"2025-11-04 10:08:13.683 +0000",1762250893.682680,0.702677,0.253146,0.219468
"2025-11-04 10:08:13.693 +0000",1762250893.692661,0.997530,0.205608,0.187284
"2025-11-04 10:08:13.703 +0000",1762250893.702642,1.098022,0.153060,0.203237
"2025-11-04 10:08:13.713 +0000",1762250893.712623,1.111150,0.170598,0.263024
"2025-11-04 10:08:13.723 +0000",1762250893.722605,1.099199,0.190795,0.358236
"2025-11-04 10:08:13.733 +0000",1762250893.732586,1.083241,0.182836,0.472594
"2025-11-04 10:08:13.743 +0000",1762250893.742567,0.997086,0.191790,0.607237
"2025-11-04 10:08:13.753 +0000",1762250893.752548,0.818597,0.258279,0.774807
"2025-11-04 10:08:13.763 +0000",1762250893.762530,0.615016,0.323278,0.916760
"2025-11-04 10:08:13.773 +0000",1762250893.772511,0.422863,0.356261,0.999120
"2025-11-04 10:08:13.782 +0000",1762250893.782493,0.267698,0.300877,1.018305
"2025-11-04 10:08:13.792 +0000",1762250893.792473,0.177197,0.241858,0.971122
"2025-11-04 10:08:13.802 +0000",1762250893.802455,0.104993,0.222566,0.879300
"2025-11-04 10:08:13.812 +0000",1762250893.812436,0.004370,0.233235,0.765693
"2025-11-04 10:08:13.822 +0000",1762250893.822416,-0.079137,0.314390,0.613431
"2025-11-04 10:08:13.832 +0000",1762250893.832398,-0.116159,0.442198,0.449537
"2025-11-04 10:08:13.842 +0000",1762250893.842379,-0.138735,0.511868,0.322678
"2025-11-04 10:08:13.852 +0000",1762250893.852360,-0.099394,0.537489,0.247363
"2025-11-04 10:08:13.862 +0000",1762250893.862341,0.026068,0.542899,0.196145
"2025-11-04 10:08:13.872 +0000",1762250893.872322,0.163931,0.517872,0.170171
"2025-11-04 10:08:13.882 +0000",1762250893.882304,0.236361,0.475810,0.174653
"2025-11-04 10:08:13.892 +0000",1762250893.892286,0.275507,0.438613,0.195798
"2025-11-04 10:08:13.902 +0000",1762250893.902267,0.315715,0.383072,0.212084
"2025-11-04 10:08:13.912 +0000",1762250893.912248,0.367230,0.298916,0.196427
"2025-11-04 10:08:13.922 +0000",1762250893.922230,0.424452,0.253114,0.139745
"2025-11-04 10:08:13.932 +0000",1762250893.932210,0.418148,0.226549,0.075902
"2025-11-04 10:08:13.942 +0000",1762250893.942192,0.299024,0.185772,0.025515
"2025-11-04 10:08:13.952 +0000",1762250893.952172,0.078007,0.142329,0.009862
"2025-11-04 10:08:13.962 +0000",1762250893.962155,-0.173324,0.130708,0.013212
"2025-11-04 10:08:13.972 +0000",1762250893.972136,-0.354143,0.187944,-0.019327
"2025-11-04 10:08:13.982 +0000",1762250893.982116,-0.476551,0.226063,-0.134365
"2025-11-04 10:08:13.992 +0000",1762250893.992098,-0.507222,0.333998,-0.287910
"2025-11-04 10:08:14.002 +0000",1762250894.002079,-0.367279,0.522443,-0.434838
"2025-11-04 10:08:14.012 +0000",1762250894.012061,-0.121745,0.611970,-0.522455
"2025-11-04 10:08:14.022 +0000",1762250894.022042,0.110413,0.671719,-0.501639
"2025-11-04 10:08:14.032 +0000",1762250894.032022,0.290617,0.706934,-0.365162
"2025-11-04 10:08:14.042 +0000",1762250894.042005,0.424722,0.674917,-0.159565
"2025-11-04 10:08:14.052 +0000",1762250894.051986,0.523932,0.593807,0.061751
"2025-11-04 10:08:14.062 +0000",1762250894.061967,0.553198,0.457752,0.253177
"2025-11-04 10:08:14.072 +0000",1762250894.071948,0.499461,0.259071,0.416905
"2025-11-04 10:08:14.082 +0000",1762250894.081930,0.428622,0.068986,0.539517
"2025-11-04 10:08:14.092 +0000",1762250894.091911,0.378226,-0.119652,0.559602
"2025-11-04 10:08:14.102 +0000",1762250894.101892,0.274211,-0.318582,0.473919
"2025-11-04 10:08:14.112 +0000",1762250894.111873,0.196212,-0.364997,0.366838
"2025-11-04 10:08:14.122 +0000",1762250894.121855,0.222000,-0.274553,0.230194
"2025-11-04 10:08:14.132 +0000",1762250894.131835,0.252194,-0.155010,0.109420
"2025-11-04 10:08:14.142 +0000",1762250894.141817,0.226766,0.026624,0.058043
"2025-11-04 10:08:14.152 +0000",1762250894.151798,0.145735,0.258626,0.079881
"2025-11-04 10:08:14.162 +0000",1762250894.161779,0.031626,0.425813,0.145069
"2025-11-04 10:08:14.172 +0000",1762250894.171761,-0.135880,0.506079,0.243365
"2025-11-04 10:08:14.182 +0000",1762250894.181742,-0.299583,0.520319,0.351653
"2025-11-04 10:08:14.192 +0000",1762250894.191723,-0.411432,0.474121,0.403055
"2025-11-04 10:08:14.202 +0000",1762250894.201704,-0.478327,0.373851,0.390808
"2025-11-04 10:08:14.212 +0000",1762250894.211686,-0.498449,0.245938,0.344089
"2025-11-04 10:08:14.222 +0000",1762250894.221667,-0.495767,0.191878,0.301516
"2025-11-04 10:08:14.232 +0000",1762250894.231647,-0.418055,0.218248,0.253373
"2025-11-04 10:08:14.242 +0000",1762250894.241630,-0.282719,0.235932,0.190006
"2025-11-04 10:08:14.252 +0000",1762250894.251611,-0.112507,0.202495,0.123940
"2025-11-04 10:08:14.262 +0000",1762250894.261592,0.100165,0.261993,0.167853
"2025-11-04 10:08:14.272 +0000",1762250894.271573,0.238400,0.291563,0.224951
"2025-11-04 10:08:14.282 +0000",1762250894.281555,0.293192,0.248479,0.273123
"2025-11-04 10:08:14.292 +0000",1762250894.291536,0.322611,0.182991,0.301407
"2025-11-04 10:08:14.302 +0000",1762250894.301516,0.332638,0.110803,0.307215
"2025-11-04 10:08:14.311 +0000",1762250894.311497,0.354131,0.032801,0.275608
"2025-11-04 10:08:14.321 +0000",1762250894.321479,0.387463,-0.050136,0.195793
"2025-11-04 10:08:14.331 +0000",1762250894.331460,0.343239,-0.135882,0.089239
"2025-11-04 10:08:14.341 +0000",1762250894.341442,0.146195,-0.183148,0.007423
"2025-11-04 10:08:14.351 +0000",1762250894.351423,-0.170395,-0.201350,0.005772
"2025-11-04 10:08:14.361 +0000",1762250894.361404,-0.538758,-0.260460,0.063696
"2025-11-04 10:08:14.371 +0000",1762250894.371385,-0.866891,-0.261524,0.113797
"2025-11-04 10:08:14.381 +0000",1762250894.381367,-1.132514,-0.189508,0.069415
"2025-11-04 10:08:14.391 +0000",1762250894.391348,-1.288772,-0.061320,-0.085620
"2025-11-04 10:08:14.401 +0000",1762250894.401329,-1.312437,0.020965,-0.264946
"2025-11-04 10:08:14.411 +0000",1762250894.411310,-1.278369,0.002209,-0.404596
"2025-11-04 10:08:14.421 +0000",1762250894.421291,-1.167188,-0.069164,-0.481669
"2025-11-04 10:08:14.431 +0000",1762250894.431273,-0.956402,-0.116603,-0.487595
"2025-11-04 10:08:14.441 +0000",1762250894.441254,-0.626481,-0.131023,-0.459198
"2025-11-04 10:08:14.451 +0000",1762250894.451236,-0.197760,-0.080603,-0.384144
"2025-11-04 10:08:14.461 +0000",1762250894.461216,0.239777,0.022150,-0.293327
"2025-11-04 10:08:14.471 +0000",1762250894.471198,0.645920,0.162656,-0.229072
"2025-11-04 10:08:14.481 +0000",1762250894.481179,0.967369,0.352346,-0.140001
"2025-11-04 10:08:14.491 +0000",1762250894.491160,1.124371,0.482358,-0.046195
"2025-11-04 10:08:14.501 +0000",1762250894.501142,1.135255,0.569162,0.032518
"2025-11-04 10:08:14.511 +0000",1762250894.511123,1.042737,0.568816,0.084727
"2025-11-04 10:08:14.521 +0000",1762250894.521104,0.876108,0.457096,0.101030
"2025-11-04 10:08:14.531 +0000",1762250894.531085,0.744568,0.183434,0.102124
"2025-11-04 10:08:14.541 +0000",1762250894.541067,0.662351,-0.153050,0.113785
"2025-11-04 10:08:14.551 +0000",1762250894.551049,0.597758,-0.412798,0.139726
"2025-11-04 10:08:14.561 +0000",1762250894.561029,0.488138,-0.498492,0.223272
"2025-11-04 10:08:14.571 +0000",1762250894.571010,0.232745,-0.462344,0.409145
"2025-11-04 10:08:14.581 +0000",1762250894.580991,-0.184493,-0.328952,0.613852
"2025-11-04 10:08:14.591 +0000",1762250894.590974,-0.613375,-0.088202,0.759298
"2025-11-04 10:08:14.601 +0000",1762250894.600954,-0.787850,0.261571,0.794507
"2025-11-04 10:08:14.611 +0000",1762250894.610936,-0.711969,0.502395,0.713413
"2025-11-04 10:08:14.621 +0000",1762250894.620916,-0.561090,0.573430,0.543941
"2025-11-04 10:08:14.631 +0000",1762250894.630898,-0.398183,0.624625,0.346725
"2025-11-04 10:08:14.641 +0000",1762250894.640879,-0.255790,0.690327,0.170188
"2025-11-04 10:08:14.651 +0000",1762250894.650860,-0.115270,0.743614,0.017135
"2025-11-04 10:08:14.661 +0000",1762250894.660841,0.067416,0.676553,-0.130935
"2025-11-04 10:08:14.671 +0000",1762250894.670823,0.252350,0.521682,-0.266285
"2025-11-04 10:08:14.681 +0000",1762250894.680804,0.383632,0.335291,-0.339385
"2025-11-04 10:08:14.691 +0000",1762250894.690785,0.452663,0.131083,-0.294650
"2025-11-04 10:08:14.701 +0000",1762250894.700765,0.447905,-0.035333,-0.198891
"2025-11-04 10:08:14.711 +0000",1762250894.710748,0.389198,-0.038343,-0.104548
"2025-11-04 10:08:14.721 +0000",1762250894.720729,0.290559,0.105448,-0.043889
"2025-11-04 10:08:14.731 +0000",1762250894.730710,0.231658,0.378065,-0.000352
"2025-11-04 10:08:14.741 +0000",1762250894.740691,0.218155,0.612331,0.038780
"2025-11-04 10:08:14.751 +0000",1762250894.750672,0.183472,0.677348,0.069025
"2025-11-04 10:08:14.761 +0000",1762250894.760654,0.130223,0.587091,0.096074
"2025-11-04 10:08:14.771 +0000",1762250894.770635,0.140059,0.377674,0.051348
"2025-11-04 10:08:14.781 +0000",1762250894.780616,0.240436,0.236640,-0.102575
"2025-11-04 10:08:14.791 +0000",1762250894.790598,0.206690,0.005456,0.032132
"2025-11-04 10:08:14.801 +0000",1762250894.800579,-0.170420,-0.390372,0.288088
"2025-11-04 10:08:14.811 +0000",1762250894.810560,-0.865247,-0.860676,0.622264
"2025-11-04 10:08:14.821 +0000",1762250894.820542,-1.497401,-1.273488,0.971523
"2025-11-04 10:08:14.831 +0000",1762250894.830523,-1.663442,-1.556350,1.159363
"2025-11-04 10:08:14.841 +0000",1762250894.840505,-1.251978,-1.379665,0.648205
"2025-11-04 10:08:14.850 +0000",1762250894.850485,-0.325570,-0.268643,-0.717569
"2025-11-04 10:08:14.860 +0000",1762250894.860466,0.540675,1.358574,-2.064923
"2025-11-04 10:08:14.870 +0000",1762250894.870447,0.762019,2.340514,-2.483520
"2025-11-04 10:08:14.880 +0000",1762250894.880428,0.546542,2.547620,-2.241071
"2025-11-04 10:08:14.890 +0000",1762250894.890410,0.350678,2.313165,-1.635010
"2025-11-04 10:08:14.900 +0000",1762250894.900392,0.285474,1.864645,-0.923833
"2025-11-04 10:08:14.910 +0000",1762250894.910373,0.242178,1.474659,-0.264204
"2025-11-04 10:08:14.920 +0000",1762250894.920354,0.240073,1.159842,0.234295
"2025-11-04 10:08:14.930 +0000",1762250894.930336,0.313644,0.971386,0.520431
"2025-11-04 10:08:14.940 +0000",1762250894.940317,0.381858,0.912423,0.632661
"2025-11-04 10:08:14.950 +0000",1762250894.950299,0.397564,0.898419,0.672525
"2025-11-04 10:08:14.960 +0000",1762250894.960279,0.354446,0.702669,0.675933
"2025-11-04 10:08:14.970 +0000",1762250894.970260,0.312102,0.339915,0.673215
"2025-11-04 10:08:14.980 +0000",1762250894.980242,0.276029,0.000145,0.666931
"2025-11-04 10:08:14.990 +0000",1762250894.990224,0.187462,-0.257850,0.683767
"2025-11-04 10:08:15.000 +0000",1762250895.000204,0.022764,-0.490357,0.735101
"2025-11-04 10:08:15.010 +0000",1762250895.010185,-0.195568,-0.631027,0.785305
"2025-11-04 10:08:15.020 +0000",1762250895.020167,-0.286726,-0.641516,0.814683
"2025-11-04 10:08:15.030 +0000",1762250895.030148,-0.191402,-0.592276,0.771781
"2025-11-04 10:08:15.040 +0000",1762250895.040129,-0.011404,-0.409626,0.609121
"2025-11-04 10:08:15.050 +0000",1762250895.050110,0.172085,-0.106755,0.416256
"2025-11-04 10:08:15.060 +0000",1762250895.060091,0.320193,0.133409,0.267010
"2025-11-04 10:08:15.070 +0000",1762250895.070073,0.399607,0.224339,0.201742
"2025-11-04 10:08:15.080 +0000",1762250895.080054,0.440430,0.218317,0.171429
"2025-11-04 10:08:15.090 +0000",1762250895.090035,0.493282,0.183942,0.129947
"2025-11-04 10:08:15.100 +0000",1762250895.100017,0.511873,0.165339,0.071295
"2025-11-04 10:08:15.110 +0000",1762250895.109998,0.469597,0.209435,0.010733
"2025-11-04 10:08:15.120 +0000",1762250895.119979,0.397761,0.298203,0.028773
"2025-11-04 10:08:15.130 +0000",1762250895.129960,0.312799,0.471301,0.080432
"2025-11-04 10:08:15.140 +0000",1762250895.139942,0.232386,0.683302,0.146544
"2025-11-04 10:08:15.150 +0000",1762250895.149923,0.186969,0.826158,0.194605
"2025-11-04 10:08:15.160 +0000",1762250895.159904,0.187595,0.896504,0.254515
"2025-11-04 10:08:15.170 +0000",1762250895.169885,0.212334,0.836619,0.307347
"2025-11-04 10:08:15.180 +0000",1762250895.179867,0.214119,0.654973,0.353881
"2025-11-04 10:08:15.190 +0000",1762250895.189848,0.149036,0.391894,0.391122
"2025-11-04 10:08:15.200 +0000",1762250895.199829,-0.005408,0.081594,0.395577
"2025-11-04 10:08:15.210 +0000",1762250895.209811,-0.217273,-0.099082,0.370879
"2025-11-04 10:08:15.220 +0000",1762250895.219792,-0.480521,-0.208668,0.359068
"2025-11-04 10:08:15.230 +0000",1762250895.229773,-0.692760,-0.259315,0.364451
"2025-11-04 10:08:15.240 +0000",1762250895.239754,-0.676975,-0.211101,0.356903
"2025-11-04 10:08:15.250 +0000",1762250895.249736,-0.435300,-0.121347,0.356929
"2025-11-04 10:08:15.260 +0000",1762250895.259717,-0.077620,-0.059622,0.409572
"2025-11-04 10:08:15.270 +0000",1762250895.269698,0.242827,0.012958,0.482573
"2025-11-04 10:08:15.280 +0000",1762250895.279679,0.451397,0.189908,0.546620
"2025-11-04 10:08:15.290 +0000",1762250895.289661,0.512335,0.446642,0.626048
"2025-11-04 10:08:15.300 +0000",1762250895.299642,0.443404,0.668508,0.695461
"2025-11-04 10:08:15.310 +0000",1762250895.309623,0.287262,0.800869,0.734266
"2025-11-04 10:08:15.320 +0000",1762250895.319605,0.034079,0.805838,0.733065
"2025-11-04 10:08:15.330 +0000",1762250895.329587,-0.258107,0.647831,0.649321
"2025-11-04 10:08:15.340 +0000",1762250895.339567,-0.475372,0.419703,0.493924
"2025-11-04 10:08:15.350 +0000",1762250895.349549,-0.549312,0.163694,0.324643
"2025-11-04 10:08:15.360 +0000",1762250895.359529,-0.474842,-0.040387,0.167176
"2025-11-04 10:08:15.370 +0000",1762250895.369511,-0.337726,-0.089638,0.050390
"2025-11-04 10:08:15.379 +0000",1762250895.379493,-0.221156,-0.043738,0.035819
"2025-11-04 10:08:15.389 +0000",1762250895.389473,-0.103120,0.034341,0.099670
"2025-11-04 10:08:15.399 +0000",1762250895.399454,0.026736,0.130529,0.191472
"2025-11-04 10:08:15.409 +0000",1762250895.409436,0.114767,0.164816,0.304022
"2025-11-04 10:08:15.419 +0000",1762250895.419417,0.118799,0.119508,0.387732
"2025-11-04 10:08:15.429 +0000",1762250895.429398,0.113519,0.064532,0.394623
"2025-11-04 10:08:15.439 +0000",1762250895.439379,0.143009,0.018216,0.333324
"2025-11-04 10:08:15.449 +0000",1762250895.449361,0.221471,-0.092443,0.249578
"2025-11-04 10:08:15.459 +0000",1762250895.459343,0.344920,-0.234455,0.171871
"2025-11-04 10:08:15.469 +0000",1762250895.469323,0.485318,-0.335629,0.083647
"2025-11-04 10:08:15.479 +0000",1762250895.479305,0.542594,-0.329086,0.006033
"2025-11-04 10:08:15.489 +0000",1762250895.489286,0.475571,-0.186595,-0.003707
"2025-11-04 10:08:15.499 +0000",1762250895.499268,0.313987,0.031639,0.007175
"2025-11-04 10:08:15.509 +0000",1762250895.509249,0.112345,0.244789,0.046202
"2025-11-04 10:08:15.519 +0000",1762250895.519230,-0.122810,0.352004,0.105372
"2025-11-04 10:08:15.529 +0000",1762250895.529211,-0.334887,0.393070,0.176401
"2025-11-04 10:08:15.539 +0000",1762250895.539193,-0.472453,0.423205,0.245372
"2025-11-04 10:08:15.549 +0000",1762250895.549174,-0.533272,0.385776,0.297270
"2025-11-04 10:08:15.559 +0000",1762250895.559156,-0.494033,0.351648,0.309046
"2025-11-04 10:08:15.569 +0000",1762250895.569136,-0.421901,0.345127,0.319671
"2025-11-04 10:08:15.579 +0000",1762250895.579117,-0.354922,0.306782,0.363232
"2025-11-04 10:08:15.589 +0000",1762250895.589099,-0.319068,0.269479,0.445657
"2025-11-04 10:08:15.599 +0000",1762250895.599081,-0.309884,0.178018,0.541949
"2025-11-04 10:08:15.609 +0000",1762250895.609061,-0.314918,0.039658,0.623211
"2025-11-04 10:08:15.619 +0000",1762250895.619043,-0.343812,-0.088640,0.680077
"2025-11-04 10:08:15.629 +0000",1762250895.629023,-0.367618,-0.179118,0.690198
"2025-11-04 10:08:15.639 +0000",1762250895.639006,-0.378195,-0.189748,0.655531
"2025-11-04 10:08:15.649 +0000",1762250895.648986,-0.348562,-0.085180,0.599753
"2025-11-04 10:08:15.659 +0000",1762250895.658967,-0.224434,0.072369,0.547480
"2025-11-04 10:08:15.669 +0000",1762250895.668949,0.002131,0.171696,0.487629
"2025-11-04 10:08:15.679 +0000",1762250895.678930,0.330331,0.179874,0.432917
"2025-11-04 10:08:15.689 +0000",1762250895.688912,0.696443,0.120347,0.372108
"2025-11-04 10:08:15.699 +0000",1762250895.698892,0.983985,0.046331,0.293739
"2025-11-04 10:08:15.709 +0000",1762250895.708873,1.086011,0.075593,0.215096
"2025-11-04 10:08:15.719 +0000",1762250895.718855,1.011300,0.161275,0.135921
"2025-11-04 10:08:15.729 +0000",1762250895.728836,0.833700,0.296019,0.090944
"2025-11-04 10:08:15.739 +0000",1762250895.738817,0.586411,0.461188,0.103484
"2025-11-04 10:08:15.749 +0000",1762250895.748799,0.262967,0.535881,0.218946
"2025-11-04 10:08:15.759 +0000",1762250895.758780,-0.092840,0.426049,0.386726
"2025-11-04 10:08:15.769 +0000",1762250895.768761,-0.341876,0.220482,0.493997
"2025-11-04 10:08:15.779 +0000",1762250895.778742,-0.389704,0.060883,0.522235
"2025-11-04 10:08:15.789 +0000",1762250895.788724,-0.274454,-0.107786,0.510531
"2025-11-04 10:08:15.799 +0000",1762250895.798705,-0.110325,-0.233346,0.490980
"2025-11-04 10:08:15.809 +0000",1762250895.808686,0.057354,-0.289539,0.484437
"2025-11-04 10:08:15.819 +0000",1762250895.818666,0.211585,-0.280970,0.501163
"2025-11-04 10:08:15.829 +0000",1762250895.828649,0.267674,-0.220682,0.559584
"2025-11-04 10:08:15.839 +0000",1762250895.838630,0.209597,-0.068277,0.610893
"2025-11-04 10:08:15.849 +0000",1762250895.848612,0.109208,0.071355,0.623741
"2025-11-04 10:08:15.859 +0000",1762250895.858592,-0.031897,0.154076,0.601329
"2025-11-04 10:08:15.869 +0000",1762250895.868574,-0.180473,0.326213,0.570171
"2025-11-04 10:08:15.879 +0000",1762250895.878556,-0.190512,0.440546,0.535303
"2025-11-04 10:08:15.889 +0000",1762250895.888536,-0.092256,0.484436,0.465546
"2025-11-04 10:08:15.899 +0000",1762250895.898517,0.048778,0.492915,0.398700
"2025-11-04 10:08:15.908 +0000",1762250895.908499,0.230784,0.414408,0.369118
"2025-11-04 10:08:15.918 +0000",1762250895.918480,0.438039,0.248340,0.385391
"2025-11-04 10:08:15.928 +0000",1762250895.928461,0.568838,-0.010572,0.455198
"2025-11-04 10:08:15.938 +0000",1762250895.938442,0.508906,-0.285103,0.492062
"2025-11-04 10:08:15.948 +0000",1762250895.948423,0.266593,-0.264351,0.450288
"2025-11-04 10:08:15.958 +0000",1762250895.958405,-0.125692,0.068048,0.293162
"2025-11-04 10:08:15.968 +0000",1762250895.968386,-0.567031,0.641251,0.118691
"2025-11-04 10:08:15.978 +0000",1762250895.978366,-0.881340,1.234680,-0.023397
"2025-11-04 10:08:15.988 +0000",1762250895.988349,-0.954883,1.547035,-0.063094
"2025-11-04 10:08:15.998 +0000",1762250895.998330,-0.804307,1.434359,-0.085843
"2025-11-04 10:08:16.008 +0000",1762250896.008310,-0.582414,1.090337,-0.088645
"2025-11-04 10:08:16.018 +0000",1762250896.018291,-0.454581,0.632241,-0.082088
"2025-11-04 10:08:16.028 +0000",1762250896.028273,-0.402279,0.224077,-0.049177
"2025-11-04 10:08:16.038 +0000",1762250896.038254,-0.378460,-0.070281,0.045130
"2025-11-04 10:08:16.048 +0000",1762250896.048235,-0.357303,-0.217977,0.161008
"2025-11-04 10:08:16.058 +0000",1762250896.058218,-0.382585,-0.189542,0.255479
"2025-11-04 10:08:16.068 +0000",1762250896.068199,-0.426149,-0.036334,0.313046
"2025-11-04 10:08:16.078 +0000",1762250896.078180,-0.447407,0.128932,0.356003
"2025-11-04 10:08:16.088 +0000",1762250896.088161,-0.400652,0.231010,0.345515
"2025-11-04 10:08:16.098 +0000",1762250896.098143,-0.335175,0.335434,0.342894
"2025-11-04 10:08:16.108 +0000",1762250896.108124,-0.312062,0.312919,0.385639
"2025-11-04 10:08:16.118 +0000",1762250896.118105,-0.296167,0.229240,0.441610
"2025-11-04 10:08:16.128 +0000",1762250896.128086,-0.258396,0.135099,0.503748
"2025-11-04 10:08:16.138 +0000",1762250896.138068,-0.177477,0.049779,0.572999
"2025-11-04 10:08:16.148 +0000",1762250896.148049,-0.049860,0.009557,0.618109
"2025-11-04 10:08:16.158 +0000",1762250896.158030,0.082356,0.033279,0.611930
"2025-11-04 10:08:16.168 +0000",1762250896.168011,0.206864,0.095530,0.544185
"2025-11-04 10:08:16.178 +0000",1762250896.177993,0.301879,0.267025,0.459287
"2025-11-04 10:08:16.188 +0000",1762250896.187974,0.312063,0.462750,0.405001
"2025-11-04 10:08:16.198 +0000",1762250896.197954,0.278708,0.625957,0.415969
"2025-11-04 10:08:16.208 +0000",1762250896.207935,0.249452,0.761141,0.459468
"2025-11-04 10:08:16.218 +0000",1762250896.217917,0.162157,0.864334,0.527630
"2025-11-04 10:08:16.228 +0000",1762250896.227898,-0.005250,0.850371,0.590142
"2025-11-04 10:08:16.238 +0000",1762250896.237879,-0.197483,0.809799,0.559871
"2025-11-04 10:08:16.248 +0000",1762250896.247862,-0.395993,0.714324,0.379159
"2025-11-04 10:08:16.258 +0000",1762250896.257842,-0.513738,0.646052,0.128413
"2025-11-04 10:08:16.268 +0000",1762250896.267823,-0.600312,1.017257,-0.153657
"2025-11-04 10:08:16.278 +0000",1762250896.277804,-0.691997,0.864961,-0.155140
"2025-11-04 10:08:16.288 +0000",1762250896.287786,-0.662812,0.347137,-0.071905
"2025-11-04 10:08:16.298 +0000",1762250896.297767,-0.557803,-0.116733,0.029906
"2025-11-04 10:08:16.308 +0000",1762250896.307748,-0.514137,-0.328150,0.045365
"2025-11-04 10:08:16.318 +0000",1762250896.317729,-0.645235,-0.343064,-0.161856
"2025-11-04 10:08:16.328 +0000",1762250896.327712,-0.764976,-0.348225,-0.463160
"2025-11-04 10:08:16.338 +0000",1762250896.337693,-0.737648,-0.227559,-0.685554
"2025-11-04 10:08:16.348 +0000",1762250896.347673,-0.518179,-0.405749,-0.749067
"2025-11-04 10:08:16.358 +0000",1762250896.357655,-0.088306,-0.876312,-0.563933
"2025-11-04 10:08:16.368 +0000",1762250896.367635,0.447230,-1.639533,-0.323697
"2025-11-04 10:08:16.378 +0000",1762250896.377618,1.061285,-2.460532,-0.140992
"2025-11-04 10:08:16.388 +0000",1762250896.387598,1.811861,-3.056910,-0.009386
"2025-11-04 10:08:16.398 +0000",1762250896.397579,2.582348,-3.669894,-0.016637
"2025-11-04 10:08:16.408 +0000",1762250896.407561,3.110775,-4.098620,-0.133021
"2025-11-04 10:08:16.418 +0000",1762250896.417543,3.279487,-4.094640,-0.168841
"2025-11-04 10:08:16.428 +0000",1762250896.427523,3.305448,-3.822310,-0.056785
"2025-11-04 10:08:16.438 +0000",1762250896.437506,3.194877,-3.303845,0.114613
"2025-11-04 10:08:16.447 +0000",1762250896.447487,3.195929,-3.032671,0.269811
"2025-11-04 10:08:16.457 +0000",1762250896.457468,3.285368,-2.967611,0.528945
"2025-11-04 10:08:16.467 +0000",1762250896.467449,3.312541,-3.193820,0.903397
"2025-11-04 10:08:16.477 +0000",1762250896.477431,3.458572,-3.468658,1.283312
"2025-11-04 10:08:16.487 +0000",1762250896.487412,3.761961,-3.958317,1.599459
"2025-11-04 10:31:38.335 +0000",1762252298.334754,4.168563,-4.589894,1.810311
"2025-11-04 10:31:38.345 +0000",1762252298.344735,4.486252,-5.097901,1.766843
"2025-11-04 10:31:38.355 +0000",1762252298.354716,4.545919,-5.232747,1.505998
"2025-11-04 10:31:38.365 +0000",1762252298.364697,4.326664,-4.914490,1.309398
"2025-11-04 10:31:38.375 +0000",1762252298.374678,4.006200,-4.267776,1.378502
"2025-11-04 10:31:38.385 +0000",1762252298.384659,3.655303,-3.631104,1.637891
"2025-11-04 10:31:38.395 +0000",1762252298.394641,3.145956,-2.920613,2.059219
"2025-11-04 10:31:38.405 +0000",1762252298.404622,2.419378,-1.830198,2.430067
"2025-11-04 10:31:38.415 +0000",1762252298.414603,1.556206,-0.597039,2.793197
"2025-11-04 10:31:38.425 +0000",1762252298.424584,0.607911,0.616243,3.237123
"2025-11-04 10:31:38.435 +0000",1762252298.434566,-0.271629,1.420631,3.763229
"2025-11-04 10:31:38.445 +0000",1762252298.444547,-0.955229,1.887055,4.176596
"2025-11-04 10:31:38.455 +0000",1762252298.454528,-1.555419,1.887297,4.487454
"2025-11-04 10:31:38.465 +0000",1762252298.464509,-2.033099,1.646678,4.568214
"2025-11-04 10:31:38.474 +0000",1762252298.474491,-2.250662,1.119618,4.649870
"2025-11-04 10:31:38.484 +0000",1762252298.484472,-2.219211,0.463339,4.915689
"2025-11-04 10:31:38.494 +0000",1762252298.494453,-2.112428,0.150096,4.984397
"2025-11-04 10:31:38.504 +0000",1762252298.504434,-1.828559,0.254105,4.825458
"2025-11-04 10:31:38.514 +0000",1762252298.514415,-1.543563,0.507014,4.690986
"2025-11-04 10:31:38.524 +0000",1762252298.524397,-1.585592,0.874870,4.664590
"2025-11-04 10:31:38.534 +0000",1762252298.534378,-1.816616,1.165797,4.874812
"2025-11-04 10:31:38.544 +0000",1762252298.544359,-1.913194,1.205378,5.490106
"2025-11-04 10:31:38.554 +0000",1762252298.554340,-1.855175,0.745123,6.245542
"2025-11-04 10:31:38.564 +0000",1762252298.564322,-1.750793,-0.023808,6.886694
"2025-11-04 10:31:38.574 +0000",1762252298.574303,-1.420309,-0.754073,7.203245
"2025-11-04 10:31:38.584 +0000",1762252298.584285,-0.777705,-1.068431,7.223656
"2025-11-04 10:31:38.594 +0000",1762252298.594266,-0.088993,-0.912477,7.203187
"2025-11-04 10:31:38.604 +0000",1762252298.604247,0.462361,-0.582222,7.250514
"2025-11-04 10:31:38.614 +0000",1762252298.614228,0.868324,-0.202152,7.193559
"2025-11-04 10:31:38.624 +0000",1762252298.624210,1.295689,0.160717,6.842463
"2025-11-04 10:31:38.634 +0000",1762252298.634192,1.672670,0.307122,6.248325
"2025-11-04 10:31:38.644 +0000",1762252298.644172,1.810299,0.441721,5.657347
"2025-11-04 10:31:38.654 +0000",1762252298.654153,1.753711,0.661457,5.165206
"2025-11-04 10:31:38.664 +0000",1762252298.664135,1.741851,0.944284,4.709136
"2025-11-04 10:31:38.674 +0000",1762252298.674115,1.924318,1.102438,4.170168
"2025-11-04 10:31:38.684 +0000",1762252298.684096,2.238170,0.937494,3.447634
"2025-11-04 10:31:38.694 +0000",1762252298.694077,2.562959,0.532693,2.501867
"2025-11-04 10:31:38.704 +0000",1762252298.704060,2.839808,0.169147,1.466872
"2025-11-04 10:31:38.714 +0000",1762252298.714041,2.876996,0.085444,0.384674
"2025-11-04 10:31:38.724 +0000",1762252298.724022,2.556301,0.186026,-0.696750
"2025-11-04 10:31:38.734 +0000",1762252298.734002,1.843106,0.190336,-1.609333
"2025-11-04 10:31:38.744 +0000",1762252298.743984,0.953676,0.145161,-2.167307
"2025-11-04 10:31:38.754 +0000",1762252298.753966,0.102205,0.053175,-2.534743
"2025-11-04 10:31:38.764 +0000",1762252298.763947,-0.567275,-0.050976,-3.142213
"2025-11-04 10:31:38.774 +0000",1762252298.773929,-1.048874,-0.186983,-3.883532
"2025-11-04 10:31:38.784 +0000",1762252298.783910,-2.577410,-0.771343,-3.930573
"2025-11-04 10:31:38.794 +0000",1762252298.793891,-3.711440,-0.612020,-3.961768
"2025-11-04 10:31:38.804 +0000",1762252298.803872,-3.995672,-0.726634,-3.938248
"2025-11-04 10:31:38.814 +0000",1762252298.813854,-3.685576,-1.325499,-3.947073
"2025-11-04 10:31:38.824 +0000",1762252298.823835,-2.918025,-2.293986,-3.994789
"2025-11-04 10:31:38.834 +0000",1762252298.833815,-1.970453,-3.345747,-3.978437
"2025-11-04 10:31:38.844 +0000",1762252298.843797,-1.140125,-4.257737,-3.800568
"2025-11-04 10:31:38.854 +0000",1762252298.853778,-0.477875,-4.948163,-3.586840
"2025-11-04 10:31:38.864 +0000",1762252298.863760,0.315905,-5.131410,-3.229657
"2025-11-04 10:31:38.874 +0000",1762252298.873740,1.022110,-4.780815,-2.723183
"2025-11-04 10:31:38.884 +0000",1762252298.883721,1.163851,-4.249691,-2.066365
"2025-11-04 10:31:38.894 +0000",1762252298.893703,1.089531,-3.415958,-1.292037
"2025-11-04 10:31:38.904 +0000",1762252298.903684,1.058316,-2.578817,-0.578745
"2025-11-04 10:31:38.914 +0000",1762252298.913666,1.116512,-2.395980,-0.099795
"2025-11-04 10:31:38.924 +0000",1762252298.923647,1.156364,-2.793786,0.071357
"2025-11-04 10:31:38.934 +0000",1762252298.933629,1.074277,-3.319476,0.105402
"2025-11-04 10:31:38.944 +0000",1762252298.943610,0.921535,-3.471091,0.137522
"2025-11-04 10:31:38.954 +0000",1762252298.953591,0.662270,-3.409575,0.140625
"2025-11-04 10:31:38.964 +0000",1762252298.963573,0.365898,-3.084707,0.088447
"2025-11-04 10:31:38.974 +0000",1762252298.973553,0.169176,-2.542775,0.042815
"2025-11-04 10:31:38.984 +0000",1762252298.983535,0.464706,-1.726326,0.178972
"2025-11-04 10:31:38.994 +0000",1762252298.993515,0.854158,-1.144091,0.211306
"2025-11-04 10:31:39.003 +0000",1762252299.003498,0.768937,-1.042314,0.054732
"2025-11-04 10:31:39.013 +0000",1762252299.013479,0.717996,-0.787451,-0.030023
"2025-11-04 10:31:39.023 +0000",1762252299.023460,0.873792,-0.706889,-0.336056
"2025-11-04 10:31:39.033 +0000",1762252299.033441,0.813869,-1.211129,-0.653053
"2025-11-04 10:31:39.043 +0000",1762252299.043423,0.708561,-1.731286,-0.987247
"2025-11-04 10:31:39.053 +0000",1762252299.053404,0.432424,-1.852522,-1.131171
"2025-11-04 10:31:39.063 +0000",1762252299.063385,-0.193338,-1.629753,-0.958465
"2025-11-04 10:31:39.073 +0000",1762252299.073366,-1.078131,-0.675425,-0.591775
"2025-11-04 10:31:39.083 +0000",1762252299.083348,-1.887701,0.438865,-0.101426
"2025-11-04 10:31:39.093 +0000",1762252299.093329,-2.332934,1.022520,0.258954
"2025-11-04 10:31:39.103 +0000",1762252299.103310,-1.562112,1.484537,0.470521
"2025-11-04 10:31:39.113 +0000",1762252299.113291,-0.678760,1.091769,0.972743
"2025-11-04 10:31:39.123 +0000",1762252299.123273,0.035518,0.404168,1.569479
"2025-11-04 10:31:39.133 +0000",1762252299.133254,0.625423,-0.376923,1.969995
"2025-11-04 10:31:39.143 +0000",1762252299.143235,0.898993,-0.983883,2.098101
"2025-11-04 10:31:39.153 +0000",1762252299.153217,0.833916,-1.351428,1.978527
"2025-11-04 10:31:39.163 +0000",1762252299.163197,0.631319,-1.491629,1.711949
"2025-11-04 10:31:39.173 +0000",1762252299.173178,0.212783,-1.599137,1.455426
"2025-11-04 10:31:39.183 +0000",1762252299.183160,-0.386217,-1.461963,1.336577
"2025-11-04 10:31:39.193 +0000",1762252299.193142,-0.976204,-0.987973,1.394709
"2025-11-04 10:31:39.203 +0000",1762252299.203123,-1.406582,-0.227533,1.511923
"2025-11-04 10:31:39.213 +0000",1762252299.213104,-1.523241,0.692701,1.647517
"2025-11-04 10:31:39.223 +0000",1762252299.223084,-1.023327,1.824746,1.737987
"2025-11-04 10:31:39.233 +0000",1762252299.233067,-1.033539,2.209796,1.965740
"2025-11-04 10:31:39.243 +0000",1762252299.243048,-1.366625,2.411042,2.200771
"2025-11-04 10:31:39.253 +0000",1762252299.253029,-1.071288,2.384244,2.196950
"2025-11-04 10:31:39.263 +0000",1762252299.263011,0.161919,2.201334,1.998466
"2025-11-04 10:31:39.273 +0000",1762252299.272992,0.975368,1.665918,1.946989
"2025-11-04 10:31:39.283 +0000",1762252299.282973,0.950849,0.876769,1.993078
"2025-11-04 10:31:39.293 +0000",1762252299.292954,0.500950,0.114558,1.862810
"2025-11-04 10:31:39.303 +0000",1762252299.302935,0.217370,-0.282946,1.675107
"2025-11-04 10:31:39.313 +0000",1762252299.312917,0.092308,-0.490196,1.637094
"2025-11-04 10:31:39.323 +0000",1762252299.322898,-0.108699,-0.251252,1.805620
"2025-11-04 10:31:39.333 +0000",1762252299.332878,-0.606766,0.519744,2.000118
"2025-11-04 10:31:39.343 +0000",1762252299.342860,-1.089892,1.504744,2.135548
"2025-11-04 10:31:39.353 +0000",1762252299.352842,-1.186927,2.134726,2.141253
"2025-11-04 10:31:39.363 +0000",1762252299.362823,-0.742429,2.540079,2.009829
"2025-11-04 10:31:39.373 +0000",1762252299.372805,0.050708,2.802120,1.781555
"2025-11-04 10:31:39.383 +0000",1762252299.382786,0.823814,2.792203,1.289171
"2025-11-04 10:31:39.393 +0000",1762252299.392768,1.189208,2.481647,0.511465
"2025-11-04 10:31:39.403 +0000",1762252299.402748,1.332679,2.254831,-0.278718
"2025-11-04 10:31:39.413 +0000",1762252299.412730,1.315117,2.276378,-0.758046
"2025-11-04 10:31:39.423 +0000",1762252299.422711,0.790608,2.855440,-0.966231
"2025-11-04 10:31:39.433 +0000",1762252299.432692,-0.261277,4.006732,-0.882807
"2025-11-04 10:31:39.443 +0000",1762252299.442673,-1.296129,4.813507,-0.768171
"2025-11-04 10:31:39.453 +0000",1762252299.452655,-1.910672,4.996831,-0.879281
"2025-11-04 10:31:39.463 +0000",1762252299.462636,-1.938700,4.468315,-1.006041
"2025-11-04 10:31:39.473 +0000",1762252299.472617,-1.481044,3.373342,-1.202372
"2025-11-04 10:31:39.483 +0000",1762252299.482598,-0.747662,2.165216,-1.332930
"2025-11-04 10:31:39.493 +0000",1762252299.492580,-0.069116,1.025088,-1.274988
"2025-11-04 10:31:39.503 +0000",1762252299.502561,0.392343,-0.153927,-1.171327
"2025-11-04 10:31:39.513 +0000",1762252299.512542,0.798159,-1.386010,-1.164296
"2025-11-04 10:31:39.523 +0000",1762252299.522524,1.123416,-2.634160,-1.148552
"2025-11-04 10:31:39.533 +0000",1762252299.532504,0.977415,-3.616558,-0.862992
"2025-11-04 10:31:39.542 +0000",1762252299.542485,0.482677,-3.806880,-0.270631
"2025-11-04 10:31:39.552 +0000",1762252299.552467,-0.045850,-3.428714,0.502310
"2025-11-04 10:31:39.562 +0000",1762252299.562449,-0.380671,-2.906164,0.804888
"2025-11-04 10:31:39.572 +0000",1762252299.572430,-0.302209,-2.857712,0.686998
"2025-11-04 10:31:39.582 +0000",1762252299.582410,-0.143954,-2.881439,0.312995
"2025-11-04 10:31:39.592 +0000",1762252299.592393,-0.283524,-2.823514,-0.178799
"2025-11-04 10:31:39.602 +0000",1762252299.602374,0.835667,-2.536144,-0.774340
"2025-11-04 10:31:39.612 +0000",1762252299.612355,2.964397,-2.278079,-1.147807
"2025-11-04 10:31:39.622 +0000",1762252299.622336,3.506274,-1.652430,-1.097712
"2025-11-04 10:31:39.632 +0000",1762252299.632318,3.228160,-0.183137,-0.878156
"2025-11-04 10:31:39.642 +0000",1762252299.642299,2.897115,1.805227,-0.789668
"2025-11-04 10:31:39.652 +0000",1762252299.652280,2.410544,2.910625,-1.016641
"2025-11-04 10:31:39.662 +0000",1762252299.662261,1.540438,2.589209,-1.638585
"2025-11-04 10:31:39.672 +0000",1762252299.672243,0.457782,1.761729,-2.611823
"2025-11-04 10:31:39.682 +0000",1762252299.682223,0.033978,1.052152,-3.037692
"2025-11-04 10:31:39.692 +0000",1762252299.692204,-0.100203,0.946372,-2.728237
"2025-11-04 10:31:39.702 +0000",1762252299.702186,-0.488483,1.487652,-1.715030
"2025-11-04 10:31:39.712 +0000",1762252299.712167,-1.244915,2.253838,-0.561144
"2025-11-04 10:31:39.722 +0000",1762252299.722148,-2.001434,3.210186,0.438895
"2025-11-04 10:31:39.732 +0000",1762252299.732130,-2.266374,3.812391,1.353153
"2025-11-04 10:31:39.742 +0000",1762252299.742112,-1.970900,3.574254,2.172299
"2025-11-04 10:31:39.752 +0000",1762252299.752093,-1.248423,2.567451,2.789493
"2025-11-04 10:31:39.762 +0000",1762252299.762073,-0.178411,0.969317,3.146590
"2025-11-04 10:31:39.772 +0000",1762252299.772056,1.085146,-0.944529,3.245780
"2025-11-04 10:31:39.782 +0000",1762252299.782036,2.239647,-2.416582,3.125773
"2025-11-04 10:31:39.792 +0000",1762252299.792017,2.934036,-3.171498,2.786117
"2025-11-04 10:31:39.802 +0000",1762252299.801999,2.771025,-3.077587,2.233473
"2025-11-04 10:31:39.812 +0000",1762252299.811981,2.007285,-2.035923,1.537092
"2025-11-04 10:31:39.822 +0000",1762252299.821962,1.160004,-0.814976,0.968056
"2025-11-04 10:31:39.832 +0000",1762252299.831943,0.441606,-0.065733,0.645669
"2025-11-04 10:31:39.842 +0000",1762252299.841925,0.069050,-0.056864,0.440312
"2025-11-04 10:31:39.852 +0000",1762252299.851906,-0.012148,-0.722766,0.252552
"2025-11-04 10:31:39.862 +0000",1762252299.861887,0.485772,-1.492435,-0.009066
"2025-11-04 10:31:39.872 +0000",1762252299.871867,0.889533,-2.493345,-0.733847
"2025-11-04 10:31:39.882 +0000",1762252299.881849,0.959863,-3.289538,-1.553437
"2025-11-04 10:31:39.892 +0000",1762252299.891831,0.928273,-3.527151,-2.063299
"2025-11-04 10:31:39.902 +0000",1762252299.901812,0.721456,-3.436137,-2.463724
"2025-11-04 10:31:39.912 +0000",1762252299.911793,0.586756,-3.102057,-2.747518
"2025-11-04 10:31:39.922 +0000",1762252299.921774,0.610918,-2.770659,-3.090545
"2025-11-04 10:31:39.932 +0000",1762252299.931756,0.768896,-2.553179,-3.327319
"2025-11-04 10:31:39.942 +0000",1762252299.941737,1.037707,-2.278677,-3.360659
"2025-11-04 10:31:39.952 +0000",1762252299.951718,1.217608,-2.021300,-3.162117
"2025-11-04 10:31:39.962 +0000",1762252299.961700,1.228324,-1.721734,-2.506727
"2025-11-04 10:31:39.972 +0000",1762252299.971681,1.288572,-1.278597,-1.609618
"2025-11-04 10:31:39.982 +0000",1762252299.981663,1.328771,-0.900711,-0.749907
"2025-11-04 10:31:39.992 +0000",1762252299.991644,1.378488,-0.884831,-0.301963
"2025-11-04 10:31:40.002 +0000",1762252300.001625,1.371662,-1.139421,-0.146605
"2025-11-04 10:31:40.012 +0000",1762252300.011606,1.394017,-1.455637,-0.103575
"2025-11-04 10:31:40.022 +0000",1762252300.021588,1.536900,-1.695936,0.109771
"2025-11-04 10:31:40.032 +0000",1762252300.031568,1.679355,-1.736415,0.318267
"2025-11-04 10:31:40.042 +0000",1762252300.041549,1.516310,-1.657754,0.368984
"2025-11-04 10:31:40.052 +0000",1762252300.051531,1.015062,-1.603936,0.180808
"2025-11-04 10:31:40.062 +0000",1762252300.061513,0.352019,-1.430410,0.028389
"2025-11-04 10:31:40.071 +0000",1762252300.071493,-0.420199,-1.339894,-0.077480
"2025-11-04 10:31:40.081 +0000",1762252300.081474,-0.785866,-0.728980,-0.400244
"2025-11-04 10:31:40.091 +0000",1762252300.091457,-0.848212,-0.430482,-0.721350
"2025-11-04 10:31:40.101 +0000",1762252300.101438,-0.548120,-0.916723,-0.867963
"2025-11-04 10:31:40.111 +0000",1762252300.111418,-0.211674,-1.625776,-1.088730
"2025-11-04 10:31:40.121 +0000",1762252300.121400,0.438015,-1.415472,-1.142711
"2025-11-04 10:31:40.131 +0000",1762252300.131381,0.408357,-1.160028,-0.808937
"2025-11-04 10:31:40.141 +0000",1762252300.141362,-0.223789,-0.780604,-0.269971
"2025-11-04 10:31:40.151 +0000",1762252300.151343,-0.688354,-0.399958,0.255027
"2025-11-04 10:31:40.161 +0000",1762252300.161325,-1.016656,0.112412,0.524664
"2025-11-04 10:31:40.171 +0000",1762252300.171307,-1.160100,0.615299,0.473881
"2025-11-04 10:31:40.181 +0000",1762252300.181288,-1.190155,1.130562,0.379878
"2025-11-04 10:31:40.191 +0000",1762252300.191269,-1.459338,1.342770,0.174470
"2025-11-04 10:31:40.201 +0000",1762252300.201251,-1.838153,1.615450,0.114122
"2025-11-04 10:31:40.211 +0000",1762252300.211232,-2.046705,1.593356,-0.004922
"2025-11-04 10:31:40.221 +0000",1762252300.221213,-1.576990,0.955746,0.195147
"2025-11-04 10:31:40.231 +0000",1762252300.231194,-0.402734,0.703254,0.893145
"2025-11-04 10:31:40.241 +0000",1762252300.241176,0.450861,0.995001,1.576410
"2025-11-04 10:31:40.251 +0000",1762252300.251157,0.855346,1.377956,1.836909
"2025-11-04 10:31:40.261 +0000",1762252300.261138,0.806433,1.352812,1.910991
"2025-11-04 10:31:40.271 +0000",1762252300.271119,0.494585,1.133533,1.795266
"2025-11-04 10:31:40.281 +0000",1762252300.281101,-0.050822,0.915976,1.673271
"2025-11-04 10:31:40.291 +0000",1762252300.291082,-0.928105,1.315281,1.650814
"2025-11-04 10:31:40.301 +0000",1762252300.301063,-2.047069,2.153191,1.549434
"2025-11-04 10:31:40.311 +0000",1762252300.311044,-3.119780,3.195451,1.344373
"2025-11-04 10:31:40.321 +0000",1762252300.321026,-3.738786,4.471549,0.890602
"2025-11-04 10:31:40.331 +0000",1762252300.331008,-3.652020,4.327128,0.850614
"2025-11-04 10:31:40.341 +0000",1762252300.340989,-3.178083,3.490315,1.606516
"2025-11-04 10:31:40.351 +0000",1762252300.350969,-2.664497,2.608327,2.688975
"2025-11-04 10:31:40.361 +0000",1762252300.360951,-2.025207,1.645199,4.042997
"2025-11-04 10:31:40.371 +0000",1762252300.370933,-1.384975,0.860865,5.157897
"2025-11-04 10:31:40.381 +0000",1762252300.380914,-0.895393,0.112734,5.857237
"2025-11-04 10:31:40.391 +0000",1762252300.390894,-0.573767,-0.541570,6.095848
"2025-11-04 10:31:40.401 +0000",1762252300.400877,-0.638039,-1.803396,6.060383
"2025-11-04 10:31:40.411 +0000",1762252300.410857,-0.989545,-2.540282,5.740163
"2025-11-04 10:31:40.421 +0000",1762252300.420839,-0.963075,-2.193886,5.046842
"2025-11-04 10:31:40.431 +0000",1762252300.430821,-0.353232,-0.362400,3.853018
"2025-11-04 10:31:40.441 +0000",1762252300.440802,-0.110413,1.198908,2.632542
"2025-11-04 10:31:40.451 +0000",1762252300.450782,-0.474958,1.925406,1.935727
"2025-11-04 10:31:40.461 +0000",1762252300.460764,-0.788678,2.020477,1.852066
"2025-11-04 10:31:40.471 +0000",1762252300.470745,-0.967437,1.793660,1.995307
"2025-11-04 10:31:40.481 +0000",1762252300.480727,-1.092069,0.645238,2.207652
"2025-11-04 10:31:40.491 +0000",1762252300.490708,-1.305124,-1.473589,2.567366
"2025-11-04 10:31:40.501 +0000",1762252300.500690,-0.938075,-2.514258,2.969826
"2025-11-04 10:31:40.511 +0000",1762252300.510671,-0.595987,-3.744512,3.148851
"2025-11-04 10:31:40.521 +0000",1762252300.520652,-0.251232,-5.005869,3.125609
"2025-11-04 10:31:40.531 +0000",1762252300.530633,-0.050890,-5.713068,2.899458
"2025-11-04 10:31:40.541 +0000",1762252300.540615,0.121964,-5.533457,2.574980
"2025-11-04 10:31:40.551 +0000",1762252300.550596,0.449182,-4.923418,2.423120
"2025-11-04 10:31:40.561 +0000",1762252300.560577,0.798781,-4.142188,2.191101
"2025-11-04 10:31:40.571 +0000",1762252300.570559,1.387716,-3.385496,1.779022
"2025-11-04 10:31:40.581 +0000",1762252300.580540,2.111239,-2.701219,1.398465
"2025-11-04 10:31:40.591 +0000",1762252300.590520,2.579103,-2.804346,1.429490
"2025-11-04 10:31:40.601 +0000",1762252300.600502,2.977691,-3.422702,1.608472
"2025-11-04 10:31:40.610 +0000",1762252300.610484,3.356550,-3.475387,1.880746
"2025-11-04 10:31:40.620 +0000",1762252300.620464,3.663122,-2.064236,2.180783
"2025-11-04 10:31:40.630 +0000",1762252300.630446,3.693456,-0.156729,2.636840
"2025-11-04 10:31:40.640 +0000",1762252300.640428,2.773514,-0.148411,3.098195
"2025-11-04 10:31:40.650 +0000",1762252300.650409,1.502071,-1.119947,3.529661
"2025-11-04 10:31:40.660 +0000",1762252300.660390,0.516584,-1.531452,4.037200
"2025-11-04 10:31:40.670 +0000",1762252300.670372,0.110612,-1.301780,4.395388
"2025-11-04 10:31:40.680 +0000",1762252300.680353,0.711162,-1.480237,3.602492
"2025-11-04 10:31:40.690 +0000",1762252300.690334,1.333717,-2.061978,2.318837
"2025-11-04 10:31:40.700 +0000",1762252300.700315,1.402526,-2.273635,1.433789
"2025-11-04 10:31:40.710 +0000",1762252300.710297,1.078910,-1.674109,1.351000
"2025-11-04 10:31:40.720 +0000",1762252300.720278,0.910818,-1.670206,1.719160
"2025-11-04 10:31:40.730 +0000",1762252300.730259,0.872262,-2.094761,2.052691
"2025-11-04 10:31:40.740 +0000",1762252300.740241,1.480062,-4.218810,2.767909
"2025-11-04 10:31:40.750 +0000",1762252300.750221,1.946481,-4.541199,3.398865
"2025-11-04 10:31:40.760 +0000",1762252300.760203,2.212380,-3.869808,4.008062
"2025-11-04 10:31:40.770 +0000",1762252300.770185,2.284060,-2.427746,4.393591
"2025-11-04 10:31:40.780 +0000",1762252300.780166,2.264400,-0.664159,4.482831
"2025-11-04 10:31:40.790 +0000",1762252300.790147,2.021670,0.102841,4.097539
"2025-11-04 10:31:40.800 +0000",1762252300.800128,0.541828,-2.079404,2.615763
"2025-11-04 10:31:40.810 +0000",1762252300.810109,-0.614981,-2.789841,1.486051
"2025-11-04 10:31:40.820 +0000",1762252300.820091,-1.025344,-1.936225,1.185739
"2025-11-04 10:31:40.830 +0000",1762252300.830072,-0.843334,-1.033028,1.241419
"2025-11-04 10:31:40.840 +0000",1762252300.840054,-0.223796,-1.086604,0.979902
"2025-11-04 10:31:40.850 +0000",1762252300.850035,0.493601,-1.233293,0.484929
"2025-11-04 10:31:40.860 +0000",1762252300.860016,1.062061,-0.706793,0.176654
"2025-11-04 10:31:40.870 +0000",1762252300.869997,1.044294,0.481342,0.001038
"2025-11-04 10:31:40.880 +0000",1762252300.879979,0.796694,0.432064,0.278543
"2025-11-04 10:31:40.890 +0000",1762252300.889960,0.235999,0.135724,0.818646
"2025-11-04 10:31:40.900 +0000",1762252300.899941,-0.123960,0.242024,1.645635
"2025-11-04 10:31:40.910 +0000",1762252300.909922,-0.341315,0.859209,2.084843
"2025-11-04 10:31:40.920 +0000",1762252300.919904,-0.449937,1.259005,1.671140
"2025-11-04 10:31:40.930 +0000",1762252300.929885,-0.397417,0.934882,1.124805
"2025-11-04 10:31:40.940 +0000",1762252300.939866,-0.145976,-0.040222,0.839515
"2025-11-04 10:31:40.950 +0000",1762252300.949848,0.210117,-0.777784,0.064747
"2025-11-04 10:31:40.960 +0000",1762252300.959828,0.436243,-0.791339,-0.148511
"2025-11-04 10:31:40.970 +0000",1762252300.969810,0.422613,-0.391218,0.337455
"2025-11-04 10:31:40.980 +0000",1762252300.979791,0.237026,-0.149363,0.056638
"2025-11-04 10:31:40.990 +0000",1762252300.989772,0.181881,0.173707,-0.398182
"2025-11-04 10:31:41.000 +0000",1762252300.999754,0.240535,0.287948,-0.663148
"2025-11-04 10:31:41.010 +0000",1762252301.009736,0.298979,-0.182499,-0.722901
"2025-11-04 10:31:41.020 +0000",1762252301.019717,0.298305,-0.644552,-0.647377
"2025-11-04 10:31:41.030 +0000",1762252301.029698,0.335380,-0.423362,-0.211284
"2025-11-04 10:31:41.040 +0000",1762252301.039680,-0.133884,-0.260358,0.102098
"2025-11-04 10:31:41.050 +0000",1762252301.049660,-0.416552,0.889084,0.253019
"2025-11-04 10:31:41.060 +0000",1762252301.059642,-0.491247,1.758172,0.162205
"2025-11-04 10:31:41.070 +0000",1762252301.069623,-0.338951,0.614666,0.059358
"2025-11-04 10:31:41.080 +0000",1762252301.079605,-0.062926,-0.123608,0.109585
"2025-11-04 10:31:41.090 +0000",1762252301.089586,0.074473,-0.086022,0.188732
"2025-11-04 10:31:41.100 +0000",1762252301.099566,-0.211521,-0.053428,-0.082788
"2025-11-04 10:31:41.110 +0000",1762252301.109549,-0.491356,-0.084141,-0.430935
"2025-11-04 10:31:41.120 +0000",1762252301.119530,-0.713317,-0.112214,-0.671921
"2025-11-04 10:31:41.130 +0000",1762252301.129510,-0.515410,-0.175074,-0.704724
"2025-11-04 10:31:41.139 +0000",1762252301.139491,0.180416,0.178235,-0.411520
"2025-11-04 10:31:41.149 +0000",1762252301.149474,0.301286,0.596468,-0.513606
"2025-11-04 10:31:41.159 +0000",1762252301.159455,0.190963,0.589889,-0.734639
"2025-11-04 10:31:41.169 +0000",1762252301.169436,0.453967,0.753320,-0.651554
"2025-11-04 10:31:41.179 +0000",1762252301.179417,0.310863,0.967970,-0.201032
"2025-11-04 10:31:41.189 +0000",1762252301.189399,-0.124076,0.403108,-0.290783
"2025-11-04 10:31:41.199 +0000",1762252301.199380,-0.024024,-0.044092,-0.260331
"2025-11-04 10:31:41.209 +0000",1762252301.209362,0.005094,-0.103730,-0.156116
"2025-11-04 10:31:41.219 +0000",1762252301.219343,-0.052132,-0.061358,-0.113754
"2025-11-04 10:31:41.229 +0000",1762252301.229324,-0.103241,0.075992,-0.151323
"2025-11-04 10:31:41.239 +0000",1762252301.239305,-0.072423,0.309643,-0.228593
"2025-11-04 10:31:41.249 +0000",1762252301.249287,-0.037480,0.550793,-0.301305
"2025-11-04 10:31:41.259 +0000",1762252301.259268,0.023563,0.741629,-0.345442
"2025-11-04 10:31:41.269 +0000",1762252301.269249,0.065615,0.862075,-0.353265
"2025-11-04 10:31:41.279 +0000",1762252301.279231,0.074879,0.976168,-0.326187
"2025-11-04 10:31:41.289 +0000",1762252301.289212,0.010686,0.990713,-0.291223
"2025-11-04 10:31:41.299 +0000",1762252301.299193,-0.087019,0.950983,-0.310519
"2025-11-04 10:31:41.309 +0000",1762252301.309175,-0.110711,0.861459,-0.271584
"2025-11-04 10:31:41.319 +0000",1762252301.319156,-0.057096,0.545912,-0.146438
"2025-11-04 10:31:41.329 +0000",1762252301.329137,0.039261,-0.273707,0.053599
"2025-11-04 10:31:41.339 +0000",1762252301.339118,0.315465,-0.585156,0.262700
"2025-11-04 10:31:41.349 +0000",1762252301.349100,0.348925,-0.615616,0.379035
"2025-11-04 10:31:41.359 +0000",1762252301.359081,0.366801,-0.485223,0.443336
"2025-11-04 10:31:41.369 +0000",1762252301.369062,0.500287,-0.226146,0.413055
"2025-11-04 10:31:41.379 +0000",1762252301.379044,0.624254,0.214588,0.299819
"2025-11-04 10:31:41.389 +0000",1762252301.389024,0.465320,0.444811,0.197259
"2025-11-04 10:31:41.399 +0000",1762252301.399006,0.104615,0.283259,0.141660
"2025-11-04 10:31:41.409 +0000",1762252301.408988,0.010268,0.086182,0.100607
"2025-11-04 10:31:41.419 +0000",1762252301.418969,0.146516,-0.022261,0.066200
"2025-11-04 10:31:41.429 +0000",1762252301.428950,0.333590,-0.042325,0.084654
"2025-11-04 10:31:41.439 +0000",1762252301.438931,0.340524,0.008649,0.053002
"2025-11-04 10:31:41.449 +0000",1762252301.448913,0.198405,-0.140925,-0.034621
"2025-11-04 10:31:41.459 +0000",1762252301.458894,0.036255,-0.075669,0.007694
"2025-11-04 10:31:41.469 +0000",1762252301.468875,-0.000523,0.205668,0.005308
"2025-11-04 10:31:41.479 +0000",1762252301.478857,0.007161,0.342339,-0.022285
"2025-11-04 10:31:41.489 +0000",1762252301.488838,-0.035299,0.415906,-0.011276
"2025-11-04 10:31:41.499 +0000",1762252301.498819,-0.116487,0.524761,0.030899
"2025-11-04 10:31:41.509 +0000",1762252301.508801,-0.050943,0.563874,0.087474
"2025-11-04 10:31:41.519 +0000",1762252301.518781,0.237139,0.341267,0.117372
"2025-11-04 10:31:41.529 +0000",1762252301.528763,0.505159,0.040907,0.161568
"2025-11-04 10:31:41.539 +0000",1762252301.538744,0.517269,-0.134128,0.173594
"2025-11-04 10:31:41.549 +0000",1762252301.548726,0.290903,-0.134265,0.088111
"2025-11-04 10:31:41.559 +0000",1762252301.558707,0.007237,0.044252,-0.084892
"2025-11-04 10:31:41.569 +0000",1762252301.568688,-0.174349,0.455903,-0.293125
"2025-11-04 10:31:41.579 +0000",1762252301.578669,-0.287955,0.713238,-0.431382
"2025-11-04 10:31:41.589 +0000",1762252301.588651,-0.445813,0.620545,-0.499553
"2025-11-04 10:31:41.599 +0000",1762252301.598632,-0.577007,0.321963,-0.476949
"2025-11-04 10:31:41.609 +0000",1762252301.608613,-0.664949,0.180345,-0.363386
"2025-11-04 10:31:41.619 +0000",1762252301.618595,-0.679755,0.304408,-0.194532
"2025-11-04 10:31:41.629 +0000",1762252301.628576,-0.536404,0.490566,0.010466
"2025-11-04 10:31:41.639 +0000",1762252301.638557,-0.160899,0.469831,0.194959
"2025-11-04 10:31:41.649 +0000",1762252301.648539,0.274422,0.183394,0.329772
"2025-11-04 10:31:41.659 +0000",1762252301.658520,0.570474,-0.043082,0.314807
"2025-11-04 10:31:41.669 +0000",1762252301.668500,0.609552,-0.080650,0.199289
"2025-11-04 10:31:41.678 +0000",1762252301.678482,0.467514,0.013874,0.034992
"2025-11-04 10:31:41.688 +0000",1762252301.688463,0.201857,0.160845,-0.115524
"2025-11-04 10:31:41.698 +0000",1762252301.698445,-0.139951,0.294131,-0.218860
"2025-11-04 10:31:41.708 +0000",1762252301.708425,-0.501081,0.331435,-0.246449
"2025-11-04 10:31:41.718 +0000",1762252301.718408,-0.696905,0.246431,-0.203177
"2025-11-04 10:31:41.728 +0000",1762252301.728389,-0.521121,0.026865,-0.043943
"2025-11-04 10:31:41.738 +0000",1762252301.738370,-0.113898,-0.024129,0.229949
"2025-11-04 10:31:41.748 +0000",1762252301.748352,0.197674,0.010219,0.363220
"2025-11-04 10:31:41.758 +0000",1762252301.758332,0.239857,0.050702,0.385953
"2025-11-04 10:31:41.768 +0000",1762252301.768314,0.020045,0.151791,0.468499
"2025-11-04 10:31:41.778 +0000",1762252301.778296,-0.185434,0.189133,0.475021
"2025-11-04 10:31:41.788 +0000",1762252301.788277,-0.210209,0.243371,0.346604
"2025-11-04 10:31:41.798 +0000",1762252301.798258,-0.044277,0.208700,0.238323
"2025-11-04 10:31:41.808 +0000",1762252301.808239,0.280375,0.109629,0.200381
"2025-11-04 10:31:41.818 +0000",1762252301.818221,0.536512,0.029289,0.257656
"2025-11-04 10:31:41.828 +0000",1762252301.828202,0.582086,-0.008375,0.300378
"2025-11-04 10:31:41.838 +0000",1762252301.838182,0.413803,-0.065605,0.318288
"2025-11-04 10:31:41.848 +0000",1762252301.848165,0.158725,-0.107314,0.305573
"2025-11-04 10:31:41.858 +0000",1762252301.858146,-0.076453,-0.072412,0.241374
"2025-11-04 10:31:41.868 +0000",1762252301.868127,-0.188659,-0.047682,0.179540
"2025-11-04 10:31:41.878 +0000",1762252301.878109,-0.198502,-0.046188,0.109719
"2025-11-04 10:31:41.888 +0000",1762252301.888090,-0.222154,-0.003844,0.055291
"2025-11-04 10:31:41.898 +0000",1762252301.898071,-0.255957,0.081464,-0.027313
"2025-11-04 10:31:41.908 +0000",1762252301.908052,-0.263681,0.085184,-0.062663
"2025-11-04 10:31:41.918 +0000",1762252301.918034,-0.237636,0.095244,-0.015437
"2025-11-04 10:31:41.928 +0000",1762252301.928015,-0.159036,0.071448,0.058014
"2025-11-04 10:31:41.938 +0000",1762252301.937996,-0.007213,0.042244,0.116052
"2025-11-04 10:31:41.948 +0000",1762252301.947978,0.148072,0.000694,0.186799
"2025-11-04 10:31:41.958 +0000",1762252301.957959,0.239394,-0.129525,0.287034
"2025-11-04 10:31:41.968 +0000",1762252301.967940,0.358048,-0.228206,0.290024
"2025-11-04 10:31:41.978 +0000",1762252301.977922,0.432922,-0.289250,0.260913
"2025-11-04 10:31:41.988 +0000",1762252301.987903,0.479009,-0.423425,0.218186
"2025-11-04 10:31:41.998 +0000",1762252301.997884,0.516814,-0.576641,0.139714
"2025-11-04 10:31:42.008 +0000",1762252302.007865,0.470146,-0.469636,0.044040
"2025-11-04 10:31:42.018 +0000",1762252302.017847,0.325433,-0.164324,-0.091259
"2025-11-04 10:31:42.028 +0000",1762252302.027828,0.050110,-0.093679,-0.126901
"2025-11-04 10:31:42.038 +0000",1762252302.037808,-0.338778,-0.158048,0.005201
"2025-11-04 10:31:42.048 +0000",1762252302.047791,-0.696499,-0.085558,0.125918
"2025-11-04 10:31:42.058 +0000",1762252302.057772,-0.835264,-0.032721,0.076341
"2025-11-04 10:31:42.068 +0000",1762252302.067753,-0.694675,-0.058305,-0.007979
"2025-11-04 10:31:42.078 +0000",1762252302.077734,-0.417292,-0.145876,-0.056379
"2025-11-04 10:31:42.088 +0000",1762252302.087715,-0.197571,-0.156493,-0.097075
"2025-11-04 10:31:42.098 +0000",1762252302.097697,-0.099859,-0.149116,-0.154660
"2025-11-04 10:31:42.108 +0000",1762252302.107677,-0.148136,-0.069111,-0.128861
"2025-11-04 10:31:42.118 +0000",1762252302.117660,-0.211662,-0.036042,0.044884
"2025-11-04 10:31:42.128 +0000",1762252302.127641,-0.169966,-0.174103,0.218461
"2025-11-04 10:31:42.138 +0000",1762252302.137622,-0.009270,-0.239308,0.293850
"2025-11-04 10:31:42.148 +0000",1762252302.147604,0.177216,-0.388007,0.376818
"2025-11-04 10:31:42.158 +0000",1762252302.157584,0.308171,-0.442396,0.469515
"2025-11-04 10:31:42.168 +0000",1762252302.167565,0.531533,-0.532602,0.450068
"2025-11-04 10:31:42.178 +0000",1762252302.177547,0.743756,-0.642877,0.234276
"2025-11-04 10:31:42.188 +0000",1762252302.187528,0.627121,-0.677923,0.026122
"2025-11-04 10:31:42.198 +0000",1762252302.197509,0.013831,-0.869630,-0.020609
"2025-11-04 10:31:42.207 +0000",1762252302.207490,-0.493445,-0.305286,-0.097586
"2025-11-04 10:31:42.217 +0000",1762252302.217473,-0.726198,0.234866,-0.143077
"2025-11-04 10:31:42.227 +0000",1762252302.227454,-0.802110,0.034892,-0.088678
"2025-11-04 10:31:42.237 +0000",1762252302.237435,-0.753747,-0.060664,0.000026
"2025-11-04 10:31:42.247 +0000",1762252302.247416,-0.402995,-0.047911,0.031987
"2025-11-04 10:31:42.257 +0000",1762252302.257398,0.049627,-0.152004,0.066084
"2025-11-04 10:31:42.267 +0000",1762252302.267379,0.246947,-0.245586,0.100292
"2025-11-04 10:31:42.277 +0000",1762252302.277360,0.218286,-0.318037,0.046612
"2025-11-04 10:31:42.287 +0000",1762252302.287341,0.092665,-0.341088,-0.048540
"2025-11-04 10:31:42.297 +0000",1762252302.297322,-0.134478,-0.302628,-0.096105
"2025-11-04 10:31:42.307 +0000",1762252302.307303,-0.399929,-0.277476,-0.018466
"2025-11-04 10:31:42.317 +0000",1762252302.317286,-0.610758,-0.197890,0.015752
"2025-11-04 10:31:42.327 +0000",1762252302.327267,-0.700855,-0.143839,0.030922
"2025-11-04 10:31:42.337 +0000",1762252302.337248,-0.558401,-0.275471,-0.051561
"2025-11-04 10:31:42.347 +0000",1762252302.347230,-0.173443,-0.443852,-0.046195
"2025-11-04 10:31:42.357 +0000",1762252302.357211,0.134952,-0.398191,-0.012037
"2025-11-04 10:31:42.367 +0000",1762252302.367192,0.261171,-0.316548,-0.024507
"2025-11-04 10:31:42.377 +0000",1762252302.377173,0.255119,-0.379651,-0.071110
"2025-11-04 10:31:42.387 +0000",1762252302.387155,0.151844,-0.380882,-0.107294
"2025-11-04 10:31:42.397 +0000",1762252302.397135,0.012025,-0.383987,-0.120160
"2025-11-04 10:31:42.407 +0000",1762252302.407116,-0.090722,-0.367039,-0.125146
"2025-11-04 10:31:42.417 +0000",1762252302.417098,-0.226168,-0.245113,-0.093161
"2025-11-04 10:31:42.427 +0000",1762252302.427080,-0.378894,-0.218527,-0.116918
"2025-11-04 10:31:42.437 +0000",1762252302.437060,-0.350903,-0.350328,-0.108873
"2025-11-04 10:31:42.447 +0000",1762252302.447043,-0.107301,-0.368144,-0.107809
"2025-11-04 10:31:42.457 +0000",1762252302.457023,0.139561,-0.421133,-0.045351
"2025-11-04 10:31:42.467 +0000",1762252302.467004,0.193186,-0.400375,0.001369
"2025-11-04 10:31:42.477 +0000",1762252302.476985,0.103097,-0.408906,-0.020956
"2025-11-04 10:31:42.487 +0000",1762252302.486967,0.088093,-0.413663,-0.049995
"2025-11-04 10:31:42.497 +0000",1762252302.496948,0.137332,-0.394164,-0.101513
"2025-11-04 10:31:42.507 +0000",1762252302.506929,0.185161,-0.217883,-0.085506
"2025-11-04 10:31:42.517 +0000",1762252302.516911,0.191180,-0.190475,-0.081581
"2025-11-04 10:31:42.527 +0000",1762252302.526893,0.192897,-0.148964,-0.013422
"2025-11-04 10:31:42.537 +0000",1762252302.536874,0.214093,-0.199743,0.052932
"2025-11-04 10:31:42.547 +0000",1762252302.546856,0.292499,-0.395885,0.079434
"2025-11-04 10:31:42.557 +0000",1762252302.556837,0.389241,-0.593881,0.083335
"2025-11-04 10:31:42.567 +0000",1762252302.566818,0.474305,-0.597925,-0.032382
"2025-11-04 10:31:42.577 +0000",1762252302.576799,0.377904,-0.474630,-0.138832
"2025-11-04 10:31:42.587 +0000",1762252302.586781,0.067922,-0.362325,-0.107604
"2025-11-04 10:31:42.597 +0000",1762252302.596762,-0.154983,-0.159043,-0.106665
"2025-11-04 10:31:42.607 +0000",1762252302.606743,-0.255744,-0.185830,-0.113577
"2025-11-04 10:31:42.617 +0000",1762252302.616725,-0.255210,-0.204386,-0.121358
"2025-11-04 10:31:42.627 +0000",1762252302.626706,-0.094051,-0.137028,-0.115217
"2025-11-04 10:31:42.637 +0000",1762252302.636687,0.203564,-0.067729,-0.091883
"2025-11-04 10:31:42.647 +0000",1762252302.646667,0.478412,-0.012080,-0.092134
"2025-11-04 10:31:42.657 +0000",1762252302.656649,0.602572,-0.087286,-0.083722
"2025-11-04 10:31:42.667 +0000",1762252302.666630,0.575398,-0.247063,-0.097242
"2025-11-04 10:31:42.677 +0000",1762252302.676612,0.332483,-0.469469,-0.102338
"2025-11-04 10:31:42.687 +0000",1762252302.686594,0.104592,-0.364425,-0.151547
"2025-11-04 10:31:42.697 +0000",1762252302.696574,0.026254,-0.221944,-0.194790
"2025-11-04 10:31:42.707 +0000",1762252302.706555,0.018960,-0.170773,-0.152326
"2025-11-04 10:31:42.717 +0000",1762252302.716537,0.018119,-0.118733,-0.131107
"2025-11-04 10:31:42.727 +0000",1762252302.726519,0.010703,-0.086021,-0.061277
"2025-11-04 10:31:42.736 +0000",1762252302.736500,0.017899,-0.032164,0.050552
"2025-11-04 10:31:42.746 +0000",1762252302.746480,0.096686,-0.190132,0.128258
"2025-11-04 10:31:42.756 +0000",1762252302.756463,0.333087,-0.540397,0.176497
"2025-11-04 10:31:42.766 +0000",1762252302.766444,0.613773,-0.874390,0.165979
"2025-11-04 10:31:42.776 +0000",1762252302.776424,0.703410,-0.962918,0.125117
"2025-11-04 10:31:42.786 +0000",1762252302.786407,0.486862,-0.607914,0.007396
"2025-11-04 10:31:42.796 +0000",1762252302.796387,0.125026,-0.123060,-0.082271
"2025-11-04 10:31:42.806 +0000",1762252302.806369,-0.133044,-0.012366,-0.129913
"2025-11-04 10:31:42.816 +0000",1762252302.816350,-0.220618,0.085878,-0.133996
"2025-11-04 10:31:42.826 +0000",1762252302.826331,-0.271228,0.103156,-0.038213
"2025-11-04 10:31:42.836 +0000",1762252302.836313,-0.225716,-0.013719,-0.019135
"2025-11-04 10:31:42.846 +0000",1762252302.846294,-0.092087,-0.209007,-0.051275
"2025-11-04 10:31:42.856 +0000",1762252302.856276,0.053290,-0.169948,0.014674
"2025-11-04 10:31:42.866 +0000",1762252302.866257,0.218771,-0.205458,0.010558
"2025-11-04 10:31:42.876 +0000",1762252302.876238,0.238503,-0.107790,-0.041845
"2025-11-04 10:31:42.886 +0000",1762252302.886220,0.040076,-0.016243,-0.066242
"2025-11-04 10:31:42.896 +0000",1762252302.896200,-0.110035,0.051768,-0.093522
"2025-11-04 10:31:42.906 +0000",1762252302.906181,-0.222491,0.062181,-0.153281
"2025-11-04 10:31:42.916 +0000",1762252302.916163,-0.306443,-0.006425,-0.300105
"2025-11-04 10:31:42.926 +0000",1762252302.926144,-0.374775,-0.041323,-0.386716
"2025-11-04 10:31:42.936 +0000",1762252302.936125,-0.407055,-0.072329,-0.282581
"2025-11-04 10:31:42.946 +0000",1762252302.946106,-0.306433,-0.094544,-0.124028
"2025-11-04 10:31:42.956 +0000",1762252302.956088,-0.027850,-0.023697,-0.096691
"2025-11-04 10:31:42.966 +0000",1762252302.966069,0.172783,0.073088,-0.032629
"2025-11-04 10:31:42.976 +0000",1762252302.976051,0.360493,-0.015271,0.044224
"2025-11-04 10:31:42.986 +0000",1762252302.986032,0.588384,-0.185989,0.043481
"2025-11-04 10:31:42.996 +0000",1762252302.996013,0.614396,-0.244803,-0.051070
"2025-11-04 10:31:43.006 +0000",1762252303.005994,0.271727,-0.201800,-0.040070
"2025-11-04 10:31:43.016 +0000",1762252303.015975,-0.079163,-0.057094,-0.040821
"2025-11-04 10:31:43.026 +0000",1762252303.025957,-0.174576,0.105097,-0.122157
"2025-11-04 10:31:43.036 +0000",1762252303.035938,-0.262949,0.109550,-0.171223
"2025-11-04 10:31:43.046 +0000",1762252303.045919,-0.422352,0.070269,-0.148808
"2025-11-04 10:31:43.056 +0000",1762252303.055901,-0.419198,-0.049266,-0.155538
"2025-11-04 10:31:43.066 +0000",1762252303.065882,-0.190737,-0.201443,-0.186419
"2025-11-04 10:31:43.076 +0000",1762252303.075864,-0.027646,-0.147783,-0.154211
"2025-11-04 10:31:43.086 +0000",1762252303.085846,-0.029499,-0.041493,-0.080932
"2025-11-04 10:31:43.096 +0000",1762252303.095826,-0.019929,-0.004923,-0.012571
"2025-11-04 10:31:43.106 +0000",1762252303.105807,0.024448,0.023667,0.026836
"2025-11-04 10:31:43.116 +0000",1762252303.115788,0.078700,-0.017538,-0.017477
"2025-11-04 10:31:43.126 +0000",1762252303.125770,0.070319,-0.021353,-0.084155
"2025-11-04 10:31:43.136 +0000",1762252303.135752,0.029903,0.031875,-0.122850
"2025-11-04 10:31:43.146 +0000",1762252303.145732,-0.013873,0.139601,-0.167408
"2025-11-04 10:31:43.156 +0000",1762252303.155715,-0.116581,0.194159,-0.158612
"2025-11-04 10:31:43.166 +0000",1762252303.165696,-0.302474,0.164135,-0.020195
"2025-11-04 10:31:43.176 +0000",1762252303.175676,-0.358703,0.106736,-0.001999
"2025-11-04 10:31:43.186 +0000",1762252303.185658,-0.229442,0.094667,0.063525
"2025-11-04 10:31:43.196 +0000",1762252303.195639,-0.173111,0.042651,0.255740
"2025-11-04 10:31:43.206 +0000",1762252303.205621,-0.157817,0.096577,0.436018
"2025-11-04 10:31:43.216 +0000",1762252303.215602,0.184089,-0.268427,0.419742
"2025-11-04 10:31:43.226 +0000",1762252303.225584,0.463476,-0.485190,0.205176
"2025-11-04 10:31:43.236 +0000",1762252303.235564,0.220893,-0.234356,-0.026518
"2025-11-04 10:31:43.246 +0000",1762252303.245546,-0.115092,0.000297,-0.119658
"2025-11-04 10:31:43.256 +0000",1762252303.255527,-0.194296,0.223970,-0.149140
"2025-11-04 10:31:43.266 +0000",1762252303.265508,-0.276037,0.257046,-0.160647
"2025-11-04 10:31:43.275 +0000",1762252303.275490,-0.461205,0.100878,-0.218850
"2025-11-04 10:31:43.285 +0000",1762252303.285470,-0.673903,-0.069276,-0.284822
"2025-11-04 10:31:43.295 +0000",1762252303.295453,-0.857476,0.042286,-0.116051
"2025-11-04 10:31:43.305 +0000",1762252303.305434,-0.853473,0.113290,0.172250
"2025-11-04 10:31:43.315 +0000",1762252303.315414,-0.579023,0.161080,0.405626
"2025-11-04 10:31:43.325 +0000",1762252303.325396,0.155619,0.194822,0.439010
"2025-11-04 10:31:43.335 +0000",1762252303.335377,0.917693,0.225392,0.291883
"2025-11-04 10:31:43.345 +0000",1762252303.345359,0.926816,0.070111,0.132225
"2025-11-04 10:31:43.355 +0000",1762252303.355339,0.406206,0.036720,0.162581
"2025-11-04 10:31:43.365 +0000",1762252303.365321,0.042131,0.054071,0.309817
"2025-11-04 10:31:43.375 +0000",1762252303.375303,-0.105827,-0.002526,0.308859
"2025-11-04 10:31:43.385 +0000",1762252303.385283,-0.261712,0.109171,0.173364
"2025-11-04 10:31:43.395 +0000",1762252303.395266,-0.455822,0.024890,0.048608
"2025-11-04 10:31:43.405 +0000",1762252303.405247,-0.685929,-0.183274,0.033296
"2025-11-04 10:31:43.415 +0000",1762252303.415227,-0.791649,-0.330304,0.094436
"2025-11-04 10:31:43.425 +0000",1762252303.425209,-0.542883,-0.384900,0.124511
"2025-11-04 10:31:43.435 +0000",1762252303.435190,-0.158458,-0.267511,0.132890
"2025-11-04 10:31:43.445 +0000",1762252303.445171,-0.055460,-0.122004,0.090750
"2025-11-04 10:31:43.455 +0000",1762252303.455152,-0.266265,-0.054597,-0.074681
"2025-11-04 10:31:43.465 +0000",1762252303.465134,-0.556276,-0.038532,-0.332175
"2025-11-04 10:31:43.475 +0000",1762252303.475116,-0.861267,-0.014112,-0.542723
"2025-11-04 10:31:43.485 +0000",1762252303.485097,-1.114388,0.152668,-0.662661
"2025-11-04 10:31:43.495 +0000",1762252303.495079,-1.270363,0.220148,-0.677825
"2025-11-04 10:31:43.505 +0000",1762252303.505060,-1.316409,0.185961,-0.512012
"2025-11-04 10:31:43.515 +0000",1762252303.515041,-1.317912,0.227888,-0.111338
"2025-11-04 10:31:43.525 +0000",1762252303.525022,-1.077552,0.248059,0.279032
"2025-11-04 10:31:43.535 +0000",1762252303.535003,-0.356400,0.012911,0.350180
"2025-11-04 10:31:43.545 +0000",1762252303.544984,0.361997,-0.487251,0.592059
"2025-11-04 10:31:43.555 +0000",1762252303.554966,0.833080,-0.526524,0.862172
"2025-11-04 10:31:43.565 +0000",1762252303.564948,1.108407,-0.396808,0.797986
"2025-11-04 10:31:43.575 +0000",1762252303.574928,1.180910,-0.402784,0.521896
"2025-11-04 10:31:43.585 +0000",1762252303.584909,1.061943,-0.360124,0.267411
"2025-11-04 10:31:43.595 +0000",1762252303.594891,0.867273,-0.274601,-0.085161
"2025-11-04 10:31:43.605 +0000",1762252303.604873,0.547214,-0.095935,-0.441096
"2025-11-04 10:31:43.615 +0000",1762252303.614854,0.092330,0.062544,-0.604852
"2025-11-04 10:31:43.625 +0000",1762252303.624835,-0.386135,-0.008999,-0.633747
"2025-11-04 10:31:43.635 +0000",1762252303.634816,-0.817603,-0.106216,-0.630780
"2025-11-04 10:31:43.645 +0000",1762252303.644797,-1.112196,-0.140810,-0.582969
"2025-11-04 10:31:43.655 +0000",1762252303.654778,-1.258453,0.074424,-0.375055
"2025-11-04 10:31:43.665 +0000",1762252303.664760,-1.143344,0.263549,-0.084140
"2025-11-04 10:31:43.675 +0000",1762252303.674741,-0.756013,0.162429,0.148119
"2025-11-04 10:31:43.685 +0000",1762252303.684722,-0.237894,0.123408,0.316404
"2025-11-04 10:31:43.695 +0000",1762252303.694705,0.268731,0.050643,0.439021
"2025-11-04 10:31:43.705 +0000",1762252303.704685,0.658903,-0.151840,0.560418
"2025-11-04 10:31:43.715 +0000",1762252303.714667,0.851213,-0.191898,0.639907
"2025-11-04 10:31:43.725 +0000",1762252303.724647,0.902449,-0.140838,0.608454
"2025-11-04 10:31:43.735 +0000",1762252303.734630,0.774791,-0.160095,0.455983
"2025-11-04 10:31:43.745 +0000",1762252303.744611,0.458624,-0.107996,0.223113
"2025-11-04 10:31:43.755 +0000",1762252303.754591,0.163072,-0.056736,0.042733
"2025-11-04 10:31:43.765 +0000",1762252303.764574,-0.033513,-0.045389,-0.056656
"2025-11-04 10:31:43.775 +0000",1762252303.774554,-0.133615,-0.065110,-0.114086
"2025-11-04 10:31:43.785 +0000",1762252303.784535,-0.156074,-0.119840,-0.215752
"2025-11-04 10:31:43.795 +0000",1762252303.794517,-0.209663,-0.093360,-0.305109
"2025-11-04 10:31:43.804 +0000",1762252303.804498,-0.326915,0.117026,-0.271733
"2025-11-04 10:31:43.814 +0000",1762252303.814479,-0.428675,0.143534,-0.187708
"2025-11-04 10:31:43.824 +0000",1762252303.824461,-0.471466,-0.014441,-0.084767
"2025-11-04 10:31:43.834 +0000",1762252303.834443,-0.509062,-0.029822,0.009506
"2025-11-04 10:31:43.844 +0000",1762252303.844423,-0.438793,-0.003227,0.041220
"2025-11-04 10:31:43.854 +0000",1762252303.854405,-0.217330,0.000172,0.081782
"2025-11-04 10:31:43.864 +0000",1762252303.864387,0.030260,-0.045584,0.094684
"2025-11-04 10:31:43.874 +0000",1762252303.874367,0.091193,-0.004415,0.095017
"2025-11-04 10:31:43.884 +0000",1762252303.884348,0.076545,-0.059904,0.046836
"2025-11-04 10:31:43.894 +0000",1762252303.894330,0.010995,-0.171841,-0.041057
"2025-11-04 10:31:43.904 +0000",1762252303.904312,-0.054970,-0.049113,0.014464
"2025-11-04 10:31:43.914 +0000",1762252303.914293,-0.016621,-0.026874,0.023164
"2025-11-04 10:31:43.924 +0000",1762252303.924274,0.151453,-0.116504,-0.009391
"2025-11-04 10:31:43.934 +0000",1762252303.934255,0.335476,-0.152840,0.023150
"2025-11-04 10:31:43.944 +0000",1762252303.944236,0.540979,-0.112644,0.093279
"2025-11-04 10:31:43.954 +0000",1762252303.954217,0.597249,-0.071894,0.039339
"2025-11-04 10:31:43.964 +0000",1762252303.964198,0.451473,-0.036974,-0.037902
"2025-11-04 10:31:43.974 +0000",1762252303.974181,0.157327,-0.004536,-0.119456
"2025-11-04 10:31:43.984 +0000",1762252303.984162,-0.132907,0.054993,-0.102728
"2025-11-04 10:31:43.994 +0000",1762252303.994143,-0.385284,0.011134,-0.067405
"2025-11-04 10:31:44.004 +0000",1762252304.004124,-0.586449,0.089751,-0.074007
"2025-11-04 10:31:44.014 +0000",1762252304.014105,-0.647741,0.106618,-0.131600
"2025-11-04 10:31:44.024 +0000",1762252304.024087,-0.523807,0.036118,-0.174806
"2025-11-04 10:31:44.034 +0000",1762252304.034067,-0.296586,-0.036649,-0.182624
"2025-11-04 10:31:44.044 +0000",1762252304.044049,-0.105239,0.005636,-0.189764
"2025-11-04 10:31:44.054 +0000",1762252304.054030,0.000389,0.070777,-0.216052
"2025-11-04 10:31:44.064 +0000",1762252304.064011,0.022909,0.097790,-0.199325
"2025-11-04 10:31:44.074 +0000",1762252304.073993,0.010343,0.130132,-0.179997
"2025-11-04 10:31:44.084 +0000",1762252304.083975,-0.011901,0.201410,-0.195198
"2025-11-04 10:31:44.094 +0000",1762252304.093955,0.005653,0.210625,-0.200109
"2025-11-04 10:31:44.104 +0000",1762252304.103937,0.098991,0.193069,-0.186403
"2025-11-04 10:31:44.114 +0000",1762252304.113918,0.222741,0.126761,-0.155258
"2025-11-04 10:31:44.124 +0000",1762252304.123899,0.306746,0.024402,-0.095783
"2025-11-04 10:31:44.134 +0000",1762252304.133881,0.293104,-0.072673,0.013349
"2025-11-04 10:31:44.144 +0000",1762252304.143862,0.183790,-0.097514,0.107637
"2025-11-04 10:31:44.154 +0000",1762252304.153844,0.051389,-0.108744,0.159925
"2025-11-04 10:31:44.164 +0000",1762252304.163825,0.001932,-0.146312,0.104281
"2025-11-04 10:31:44.174 +0000",1762252304.173807,0.053416,-0.167520,-0.004156
"2025-11-04 10:31:44.184 +0000",1762252304.183788,0.073009,-0.075006,-0.024975
"2025-11-04 10:31:44.194 +0000",1762252304.193769,0.046766,0.024839,-0.057521
"2025-11-04 10:31:44.204 +0000",1762252304.203750,0.014832,0.012654,-0.081196
"2025-11-04 10:31:44.214 +0000",1762252304.213732,-0.036547,0.063097,-0.116399
"2025-11-04 10:31:44.224 +0000",1762252304.223713,-0.056822,0.115093,-0.201543
"2025-11-04 10:31:44.234 +0000",1762252304.233694,-0.050635,0.142355,-0.215702
"2025-11-04 10:31:44.244 +0000",1762252304.243675,0.004609,0.135101,-0.157737
"2025-11-04 10:31:44.254 +0000",1762252304.253656,0.103199,0.089780,-0.094656
"2025-11-04 10:31:44.264 +0000",1762252304.263638,0.176491,0.065050,-0.006354
"2025-11-04 10:31:44.274 +0000",1762252304.273619,0.279837,-0.024417,0.052076
"2025-11-04 10:31:44.284 +0000",1762252304.283600,0.421091,-0.081881,0.069272
"2025-11-04 10:31:44.294 +0000",1762252304.293581,0.560168,-0.026120,0.043484
"2025-11-04 10:31:44.304 +0000",1762252304.303562,0.632317,0.042532,-0.068180
"2025-11-04 10:31:44.314 +0000",1762252304.313545,0.573659,0.032210,-0.131218
"2025-11-04 10:31:44.324 +0000",1762252304.323526,0.372314,0.031810,-0.112441
"2025-11-04 10:31:44.334 +0000",1762252304.333506,0.094719,0.162537,-0.013476
"2025-11-04 10:31:44.343 +0000",1762252304.343488,-0.171178,0.189471,0.037958
"2025-11-04 10:31:44.353 +0000",1762252304.353469,-0.332471,0.221596,0.060745
"2025-11-04 10:31:44.363 +0000",1762252304.363451,-0.298769,0.213950,0.005308
"2025-11-04 10:31:44.373 +0000",1762252304.373432,-0.084096,0.109974,-0.048809
"2025-11-04 10:31:44.383 +0000",1762252304.383413,0.141494,0.075094,-0.073279
"2025-11-04 10:31:44.393 +0000",1762252304.393394,0.234793,0.072331,-0.087088
"2025-11-04 10:31:44.403 +0000",1762252304.403376,0.131356,0.041254,-0.104326
"2025-11-04 10:31:44.413 +0000",1762252304.413358,-0.110835,0.037215,-0.177492
"2025-11-04 10:31:44.423 +0000",1762252304.423338,-0.363085,0.079829,-0.249355
"2025-11-04 10:31:44.433 +0000",1762252304.433319,-0.496643,0.175438,-0.287536
"2025-11-04 10:31:44.443 +0000",1762252304.443300,-0.444844,0.221264,-0.316817
"2025-11-04 10:31:44.453 +0000",1762252304.453282,-0.296787,0.180166,-0.269455
"2025-11-04 10:31:44.463 +0000",1762252304.463263,-0.105027,0.203681,-0.145655
"2025-11-04 10:31:44.473 +0000",1762252304.473244,0.155163,0.192979,-0.029406
"2025-11-04 10:31:44.483 +0000",1762252304.483227,0.396536,0.145851,0.087111
"2025-11-04 10:31:44.493 +0000",1762252304.493208,0.572820,0.079848,0.114187
"2025-11-04 10:31:44.503 +0000",1762252304.503189,0.705642,0.047232,0.059859
"2025-11-04 10:31:44.513 +0000",1762252304.513170,0.784657,-0.022554,0.059282
"2025-11-04 10:31:44.750 +0000",1762252304.750058,-0.056784,-0.076950,-0.179641
"2025-11-04 10:31:44.760 +0000",1762252304.760040,-0.034997,-0.042612,-0.252412
"2025-11-04 10:31:44.770 +0000",1762252304.770021,-0.035082,0.044070,-0.258626
"2025-11-04 10:31:44.780 +0000",1762252304.780003,-0.032026,0.062174,-0.205954
"2025-11-04 10:31:44.790 +0000",1762252304.789985,-0.032129,0.159123,-0.170701
"2025-11-04 10:31:44.800 +0000",1762252304.799966,-0.023685,0.228544,-0.170192
"2025-11-04 10:31:44.810 +0000",1762252304.809947,0.050520,0.128948,-0.218430
"2025-11-04 10:31:44.820 +0000",1762252304.819929,0.234565,-0.024255,-0.269067
"2025-11-04 10:31:44.830 +0000",1762252304.829911,0.439574,-0.186960,-0.296013
"2025-11-04 10:31:44.840 +0000",1762252304.839891,0.613581,-0.213166,-0.151621
"2025-11-04 10:31:44.850 +0000",1762252304.849874,0.678765,0.023560,0.145178
"2025-11-04 10:31:44.860 +0000",1762252304.859856,0.576312,0.160932,0.244665
"2025-11-04 10:31:44.870 +0000",1762252304.869837,0.417798,-0.008688,0.117989
"2025-11-04 10:31:44.880 +0000",1762252304.879819,0.176373,-0.202693,0.038223
"2025-11-04 10:31:44.890 +0000",1762252304.889800,-0.215627,-0.105743,0.190074
"2025-11-04 10:31:44.900 +0000",1762252304.899781,-0.482656,0.248616,0.229849
"2025-11-04 10:31:44.910 +0000",1762252304.909763,-0.370266,0.239136,0.231417
"2025-11-04 10:31:44.920 +0000",1762252304.919745,-0.025337,-0.407271,0.013481
"2025-11-04 10:31:44.930 +0000",1762252304.929726,0.497331,-0.586216,0.185636
"2025-11-04 10:31:44.940 +0000",1762252304.939708,0.457076,0.018577,0.166474
"2025-11-04 10:31:44.950 +0000",1762252304.949690,0.217767,0.288833,-0.041931
"2025-11-04 10:31:44.960 +0000",1762252304.959671,0.143665,0.233349,-0.100699
"2025-11-04 10:31:44.970 +0000",1762252304.969653,0.009321,0.326330,-0.146066
"2025-11-04 10:31:44.980 +0000",1762252304.979635,-0.096991,0.446759,-0.193611
"2025-11-04 10:31:44.990 +0000",1762252304.989616,-0.131042,0.592228,-0.243503
"2025-11-04 10:31:45.000 +0000",1762252304.999598,-0.152349,0.572804,-0.149641
"2025-11-04 10:31:45.010 +0000",1762252305.009579,-0.087250,0.406366,-0.039135
"2025-11-04 10:31:45.020 +0000",1762252305.019560,0.040782,0.090545,-0.054755
"2025-11-04 10:31:45.030 +0000",1762252305.029541,0.190499,-0.062319,-0.100175
"2025-11-04 10:31:45.040 +0000",1762252305.039524,0.264706,-0.228948,-0.056305
"2025-11-04 10:31:45.050 +0000",1762252305.049505,0.327338,-0.271602,0.023920
"2025-11-04 10:31:45.059 +0000",1762252305.059487,0.451015,-0.225251,0.114922
"2025-11-04 10:31:45.069 +0000",1762252305.069468,0.549218,-0.161404,0.213114
"2025-11-04 10:31:45.079 +0000",1762252305.079450,0.535595,-0.120650,0.219459
"2025-11-04 10:31:45.089 +0000",1762252305.089432,0.449583,-0.127081,0.130903
"2025-11-04 10:31:45.099 +0000",1762252305.099413,0.326905,-0.041350,0.093888
"2025-11-04 10:31:45.109 +0000",1762252305.109395,0.208581,0.072095,0.072518
"2025-11-04 10:31:45.119 +0000",1762252305.119376,0.141470,0.115736,0.134084
"2025-11-04 10:31:45.129 +0000",1762252305.129358,0.138824,0.109074,0.221119
"2025-11-04 10:31:45.139 +0000",1762252305.139340,0.128864,0.126378,0.259004
"2025-11-04 10:31:45.149 +0000",1762252305.149320,0.005703,0.172619,0.214369
"2025-11-04 10:31:45.159 +0000",1762252305.159303,-0.194628,0.277081,0.228500
"2025-11-04 10:31:45.169 +0000",1762252305.169284,-0.333645,0.284017,0.182343
"2025-11-04 10:31:45.179 +0000",1762252305.179266,-0.508018,0.283894,0.175459
"2025-11-04 10:31:45.189 +0000",1762252305.189248,-0.957042,0.460766,0.166884
"2025-11-04 10:31:45.199 +0000",1762252305.199229,-0.749064,0.476671,-0.083511
"2025-11-04 10:31:45.209 +0000",1762252305.209211,0.123704,-0.341877,-0.074916
"2025-11-04 10:31:45.219 +0000",1762252305.219192,0.553487,-0.146257,0.309098
"2025-11-04 10:31:45.229 +0000",1762252305.229175,0.357102,0.573955,0.173362
"2025-11-04 10:31:45.239 +0000",1762252305.239155,0.164860,0.582022,0.061088
"2025-11-04 10:31:45.249 +0000",1762252305.249137,0.026431,0.363687,0.077624
"2025-11-04 10:31:45.259 +0000",1762252305.259119,-0.057613,0.397971,-0.062640
"2025-11-04 10:31:45.269 +0000",1762252305.269100,-0.107813,0.376016,-0.262588
"2025-11-04 10:31:45.279 +0000",1762252305.279083,-0.241661,0.439844,-0.253805
"2025-11-04 10:31:45.289 +0000",1762252305.289063,-0.399951,0.396165,-0.153885
"2025-11-04 10:31:45.299 +0000",1762252305.299046,-0.569945,0.307441,-0.013555
"2025-11-04 10:31:45.309 +0000",1762252305.309027,-0.812488,0.300455,0.177940
"2025-11-04 10:31:45.319 +0000",1762252305.319009,-1.096381,0.289175,0.298427
"2025-11-04 10:31:45.329 +0000",1762252305.328990,-0.913532,0.028267,0.321736
"2025-11-04 10:31:45.339 +0000",1762252305.338971,-0.293505,-0.412594,0.365798
"2025-11-04 10:31:45.349 +0000",1762252305.348954,0.420550,-0.692330,0.464727
"2025-11-04 10:31:45.359 +0000",1762252305.358934,0.712507,-0.570970,0.319035
"2025-11-04 10:31:45.369 +0000",1762252305.368916,0.395151,-0.149947,0.206952
"2025-11-04 10:31:45.379 +0000",1762252305.378898,-0.112465,0.454336,0.106339
"2025-11-04 10:31:45.389 +0000",1762252305.388879,-0.401672,0.676341,-0.172251
"2025-11-04 10:31:45.399 +0000",1762252305.398861,-0.363406,0.393990,-0.299700
"2025-11-04 10:31:45.409 +0000",1762252305.408842,-0.194441,0.265028,-0.334855
"2025-11-04 10:31:45.419 +0000",1762252305.418824,0.075305,0.206672,-0.317335
"2025-11-04 10:31:45.429 +0000",1762252305.428805,0.405388,0.068115,-0.193216
"2025-11-04 10:31:45.439 +0000",1762252305.438787,0.580089,0.041468,-0.198895
"2025-11-04 10:31:45.449 +0000",1762252305.448769,0.477576,-0.027231,-0.110936
"2025-11-04 10:31:45.459 +0000",1762252305.458750,0.232086,0.019255,-0.062392
"2025-11-04 10:31:45.469 +0000",1762252305.468732,0.048775,0.195010,-0.053598
"2025-11-04 10:31:45.479 +0000",1762252305.478713,-0.105490,0.228543,-0.086899
"2025-11-04 10:31:45.489 +0000",1762252305.488695,-0.135912,0.155828,-0.077069
"2025-11-04 10:31:45.499 +0000",1762252305.498676,-0.103314,0.082776,-0.032723
"2025-11-04 10:31:45.509 +0000",1762252305.508658,-0.047339,0.028260,-0.046455
"2025-11-04 10:31:45.519 +0000",1762252305.518640,0.077322,0.044158,-0.069309
"2025-11-04 10:31:45.529 +0000",1762252305.528622,0.206064,0.058969,-0.034333
"2025-11-04 10:31:45.539 +0000",1762252305.538603,0.196128,0.091664,0.028852
"2025-11-04 10:31:45.549 +0000",1762252305.548585,0.139624,0.134505,0.097112
"2025-11-04 10:31:45.559 +0000",1762252305.558566,0.062127,0.196767,0.142271
"2025-11-04 10:31:45.569 +0000",1762252305.568549,0.031862,0.196841,0.107982
"2025-11-04 10:31:45.579 +0000",1762252305.578529,0.012335,0.181250,0.060332
"2025-11-04 10:31:45.589 +0000",1762252305.588511,0.070581,0.179708,-0.003563
"2025-11-04 10:31:45.598 +0000",1762252305.598492,0.135128,0.189542,0.005074
"2025-11-04 10:31:45.608 +0000",1762252305.608474,0.189107,0.200140,-0.012885
"2025-11-04 10:31:45.618 +0000",1762252305.618456,0.202349,0.274444,-0.005961
"2025-11-04 10:31:45.628 +0000",1762252305.628438,0.192777,0.267446,-0.013177
"2025-11-04 10:31:45.638 +0000",1762252305.638419,0.135281,0.276162,-0.008534
"2025-11-04 10:31:45.648 +0000",1762252305.648401,0.108015,0.266095,-0.058937
"2025-11-04 10:31:45.658 +0000",1762252305.658382,0.145680,0.169383,-0.110223
"2025-11-04 10:31:45.668 +0000",1762252305.668364,0.207046,0.058671,-0.094052
"2025-11-04 10:31:45.678 +0000",1762252305.678345,0.232459,-0.006659,-0.041181
"2025-11-04 10:31:45.688 +0000",1762252305.688327,0.262118,-0.029461,0.018885
"2025-11-04 10:31:45.698 +0000",1762252305.698309,0.318196,-0.082343,0.061312
"2025-11-04 10:31:45.708 +0000",1762252305.708290,0.275453,-0.030377,0.096714
"2025-11-04 10:31:45.718 +0000",1762252305.718271,0.172150,-0.021356,0.116154
"2025-11-04 10:31:45.728 +0000",1762252305.728254,0.081578,-0.036687,0.106430
"2025-11-04 10:31:45.738 +0000",1762252305.738234,0.025159,-0.053302,0.083916
"2025-11-04 10:31:45.748 +0000",1762252305.748216,-0.078386,0.019361,0.104486
"2025-11-04 10:31:45.758 +0000",1762252305.758198,-0.103023,0.084758,0.117448
"2025-11-04 10:31:45.768 +0000",1762252305.768179,-0.053545,0.105957,0.150848
"2025-11-04 10:31:45.778 +0000",1762252305.778161,0.019505,0.076881,0.123275
"2025-11-04 10:31:45.788 +0000",1762252305.788142,0.063124,0.126156,0.091623
"2025-11-04 10:31:45.798 +0000",1762252305.798125,0.038808,0.214300,0.088624
"2025-11-04 10:31:45.808 +0000",1762252305.808105,-0.005290,0.273474,0.087637
"2025-11-04 10:31:45.818 +0000",1762252305.818087,0.059791,0.202984,0.060871
"2025-11-04 10:31:45.828 +0000",1762252305.828069,0.045501,0.158976,0.081762
"2025-11-04 10:31:45.838 +0000",1762252305.838050,-0.036809,0.202556,0.101881
"2025-11-04 10:31:45.848 +0000",1762252305.848032,-0.090406,0.221952,0.148013
"2025-11-04 10:31:45.858 +0000",1762252305.858013,-0.073789,0.142957,0.157655
"2025-11-04 10:31:45.868 +0000",1762252305.867996,0.022769,-0.025115,0.166672
"2025-11-04 10:31:45.878 +0000",1762252305.877977,0.051080,-0.039322,0.180102
"2025-11-04 10:31:45.888 +0000",1762252305.887958,0.144385,-0.005193,0.218512
"2025-11-04 10:31:45.898 +0000",1762252305.897940,0.113291,0.014822,0.167436
"2025-11-04 10:31:45.908 +0000",1762252305.907922,0.108961,0.017314,0.203275
"2025-11-04 10:31:45.918 +0000",1762252305.917903,0.037042,0.123155,0.205357
"2025-11-04 10:31:45.928 +0000",1762252305.927884,0.018176,0.148825,0.193286
"2025-11-04 10:31:45.938 +0000",1762252305.937866,-0.020741,0.134322,0.168917
"2025-11-04 10:31:45.948 +0000",1762252305.947848,-0.029509,0.106957,0.137370
"2025-11-04 10:31:45.958 +0000",1762252305.957830,-0.030567,0.076296,0.158236
"2025-11-04 10:31:45.968 +0000",1762252305.967811,-0.032508,0.053343,0.171636
"2025-11-04 10:31:45.978 +0000",1762252305.977793,-0.012214,0.053064,0.171617
"2025-11-04 10:31:45.988 +0000",1762252305.987774,0.113365,-0.080111,0.118139
"2025-11-04 10:31:45.998 +0000",1762252305.997756,0.204493,-0.100307,0.114078
"2025-11-04 10:31:46.008 +0000",1762252306.007737,0.248378,-0.109513,0.121197
"2025-11-04 10:31:46.018 +0000",1762252306.017720,0.249966,-0.081633,0.148535
"2025-11-04 10:31:46.028 +0000",1762252306.027700,0.306221,-0.102621,0.156742
"2025-11-04 10:31:46.038 +0000",1762252306.037682,0.265679,-0.033790,0.191808
"2025-11-04 10:31:46.048 +0000",1762252306.047663,0.168195,0.035919,0.184381
"2025-11-04 10:31:46.058 +0000",1762252306.057646,0.142169,0.038614,0.151079
"2025-11-04 10:31:46.068 +0000",1762252306.067627,0.146165,-0.005058,0.107053
"2025-11-04 10:31:46.078 +0000",1762252306.077608,0.123316,-0.012100,0.134926
"2025-11-04 10:31:46.088 +0000",1762252306.087591,0.146695,0.011894,0.146671
"2025-11-04 10:31:46.098 +0000",1762252306.097571,0.179756,-0.022723,0.150268
"2025-11-04 10:31:46.108 +0000",1762252306.107553,0.163488,-0.019996,0.173182
"2025-11-04 10:31:46.118 +0000",1762252306.117535,0.115803,0.006253,0.179269
"2025-11-04 10:31:46.128 +0000",1762252306.127516,0.056678,0.028049,0.182891
"2025-11-04 10:31:46.137 +0000",1762252306.137498,-0.000649,0.016325,0.191997
"2025-11-04 10:31:46.147 +0000",1762252306.147479,-0.024331,0.006009,0.173940
"2025-11-04 10:31:46.157 +0000",1762252306.157462,0.030711,-0.056024,0.158273
"2025-11-04 10:31:46.167 +0000",1762252306.167443,0.044424,-0.054181,0.154922
"2025-11-04 10:31:46.177 +0000",1762252306.177424,0.133661,-0.115172,0.137184
"2025-11-04 10:31:46.187 +0000",1762252306.187406,0.200512,-0.120471,0.147284
"2025-11-04 10:31:46.197 +0000",1762252306.197388,0.264271,-0.157366,0.141564
"2025-11-04 10:31:46.207 +0000",1762252306.207369,0.225629,-0.104257,0.180538
"2025-11-04 10:31:46.217 +0000",1762252306.217350,0.174240,-0.081612,0.190565
"2025-11-04 10:31:46.227 +0000",1762252306.227332,0.074391,-0.095851,0.199123
"2025-11-04 10:31:46.237 +0000",1762252306.237314,0.043257,-0.117690,0.112016
"2025-11-04 10:31:46.247 +0000",1762252306.247295,0.081419,-0.200865,0.079693
"2025-11-04 10:31:46.257 +0000",1762252306.257277,0.115017,-0.268300,0.088891
"2025-11-04 10:31:46.267 +0000",1762252306.267258,0.113061,-0.211470,0.120608
"2025-11-04 10:31:46.277 +0000",1762252306.277241,0.108972,-0.155678,0.108665
"2025-11-04 10:31:46.287 +0000",1762252306.287223,0.062022,-0.108038,0.102536
"2025-11-04 10:31:46.297 +0000",1762252306.297203,0.047777,-0.132275,0.061874
"2025-11-04 10:31:46.307 +0000",1762252306.307186,0.004654,-0.129320,0.054369
"2025-11-04 10:31:46.317 +0000",1762252306.317166,-0.052668,-0.141924,0.049871
"2025-11-04 10:31:46.327 +0000",1762252306.327148,-0.064488,-0.146196,0.051431
"2025-11-04 10:31:46.337 +0000",1762252306.337130,-0.033786,-0.183082,0.045008
"2025-11-04 10:31:46.347 +0000",1762252306.347112,-0.006870,-0.196759,0.048837
"2025-11-04 10:31:46.357 +0000",1762252306.357094,0.028748,-0.223331,0.030161
"2025-11-04 10:31:46.367 +0000",1762252306.367074,0.032445,-0.165208,0.019189
"2025-11-04 10:31:46.377 +0000",1762252306.377057,0.040628,-0.161458,0.011554
"2025-11-04 10:31:46.387 +0000",1762252306.387038,0.033516,-0.154055,0.008576
"2025-11-04 10:31:46.397 +0000",1762252306.397020,-0.008175,-0.092501,0.011419
"2025-11-04 10:31:46.407 +0000",1762252306.407002,-0.030405,-0.081359,0.023885
"2025-11-04 10:31:46.417 +0000",1762252306.416982,-0.104226,-0.042892,0.015900
"2025-11-04 10:31:46.427 +0000",1762252306.426965,-0.150621,-0.038169,0.016533
"2025-11-04 10:31:46.437 +0000",1762252306.436946,-0.169674,-0.047128,0.018694
"2025-11-04 10:31:46.447 +0000",1762252306.446928,-0.151598,-0.053660,0.028624
"2025-11-04 10:31:46.457 +0000",1762252306.456909,-0.138278,-0.054256,0.062673
"2025-11-04 10:31:46.467 +0000",1762252306.466890,-0.076412,-0.068213,0.049634
"2025-11-04 10:31:46.477 +0000",1762252306.476873,-0.068282,-0.054408,0.048230
"2025-11-04 10:31:46.487 +0000",1762252306.486854,-0.054886,-0.065337,0.015190
"2025-11-04 10:31:46.497 +0000",1762252306.496835,-0.053747,-0.069766,0.010793
"2025-11-04 10:31:46.507 +0000",1762252306.506818,-0.054926,-0.082215,-0.011190
"2025-11-04 10:31:46.517 +0000",1762252306.516799,-0.080377,-0.060610,-0.009903
"2025-11-04 10:31:46.527 +0000",1762252306.526781,-0.079122,-0.091308,-0.036123
"2025-11-04 10:31:46.537 +0000",1762252306.536762,-0.024960,-0.147731,-0.041090
"2025-11-04 10:31:46.547 +0000",1762252306.546744,-0.007309,-0.145858,-0.031155
"2025-11-04 10:31:46.557 +0000",1762252306.556726,0.021515,-0.116828,-0.001942
"2025-11-04 10:31:46.567 +0000",1762252306.566706,0.086626,-0.174141,-0.014234
"2025-11-04 10:31:46.577 +0000",1762252306.576688,0.068959,-0.152149,-0.002215
"2025-11-04 10:31:46.587 +0000",1762252306.586671,-0.010799,-0.125242,0.001810
"2025-11-04 10:31:46.597 +0000",1762252306.596651,-0.076998,-0.044819,0.012230
"2025-11-04 10:31:46.607 +0000",1762252306.606634,-0.165234,-0.030762,-0.011629
"2025-11-04 10:31:46.617 +0000",1762252306.616614,-0.165089,-0.054250,-0.039314
"2025-11-04 10:31:46.627 +0000",1762252306.626597,-0.113982,-0.100475,-0.040572
"2025-11-04 10:31:46.637 +0000",1762252306.636578,-0.079670,-0.076611,-0.027559
"2025-11-04 10:31:46.647 +0000",1762252306.646559,0.000809,-0.092573,-0.011922
"2025-11-04 10:31:46.657 +0000",1762252306.656542,0.071476,-0.104837,-0.013201
"2025-11-04 10:31:46.667 +0000",1762252306.666523,0.060348,-0.082373,-0.013932
"2025-11-04 10:31:46.677 +0000",1762252306.676504,0.048897,-0.082612,-0.021580
"2025-11-04 10:31:46.686 +0000",1762252306.686486,0.028249,-0.098870,-0.024186
"2025-11-04 10:31:46.696 +0000",1762252306.696468,0.028084,-0.123327,-0.020342
"2025-11-04 10:31:46.706 +0000",1762252306.706450,0.001279,-0.099130,-0.001193
"2025-11-04 10:31:46.716 +0000",1762252306.716430,-0.010353,-0.111179,-0.007360
"2025-11-04 10:31:46.726 +0000",1762252306.726413,-0.010964,-0.105904,-0.011744
"2025-11-04 10:31:46.736 +0000",1762252306.736395,0.010520,-0.140679,-0.050498
"2025-11-04 10:31:46.746 +0000",1762252306.746376,0.066001,-0.162860,-0.035672
"2025-11-04 10:31:46.756 +0000",1762252306.756358,0.131983,-0.185026,-0.023124
"2025-11-04 10:31:46.766 +0000",1762252306.766339,0.137568,-0.142454,0.003100
"2025-11-04 10:31:46.776 +0000",1762252306.776321,0.145036,-0.141138,-0.008351
"2025-11-04 10:31:46.786 +0000",1762252306.786302,0.136636,-0.091203,-0.009832
"2025-11-04 10:31:46.796 +0000",1762252306.796284,0.075370,-0.063904,-0.015415
"2025-11-04 10:31:46.806 +0000",1762252306.806265,0.036912,-0.060192,-0.025587
"2025-11-04 10:31:46.816 +0000",1762252306.816248,-0.014088,-0.066137,0.003648
"2025-11-04 10:31:46.826 +0000",1762252306.826229,-0.051234,-0.053253,0.021123
"2025-11-04 10:31:46.836 +0000",1762252306.836211,-0.072563,-0.059408,0.019280
"2025-11-04 10:31:46.846 +0000",1762252306.846191,-0.044209,-0.070636,-0.011000
"2025-11-04 10:31:46.856 +0000",1762252306.856174,-0.012839,-0.086608,-0.007293
"2025-11-04 10:31:46.866 +0000",1762252306.866156,0.044073,-0.108378,-0.018995
"2025-11-04 10:31:46.876 +0000",1762252306.876137,0.078245,-0.096674,-0.004582
"2025-11-04 10:31:46.886 +0000",1762252306.886118,0.114874,-0.115846,-0.009404
"2025-11-04 10:31:46.896 +0000",1762252306.896101,0.104763,-0.100342,-0.013564
"2025-11-04 10:31:46.906 +0000",1762252306.906081,0.110600,-0.133776,-0.035967
"2025-11-04 10:31:46.916 +0000",1762252306.916064,0.161340,-0.161312,-0.044960
"2025-11-04 10:31:46.926 +0000",1762252306.926044,0.173762,-0.178051,-0.013726
"2025-11-04 10:31:46.936 +0000",1762252306.936026,0.238361,-0.182589,0.002498
"2025-11-04 10:31:46.946 +0000",1762252306.946008,0.243411,-0.181772,0.009457
"2025-11-04 10:31:46.956 +0000",1762252306.955990,0.218393,-0.197748,-0.000615
"2025-11-04 10:31:46.966 +0000",1762252306.965972,0.181467,-0.188829,0.002268
"2025-11-04 10:31:46.976 +0000",1762252306.975952,0.147785,-0.224200,-0.018191
"2025-11-04 10:31:46.986 +0000",1762252306.985934,0.127573,-0.250818,-0.015651
"2025-11-04 10:31:46.996 +0000",1762252306.995917,0.135292,-0.261990,-0.021188
"2025-11-04 10:31:47.006 +0000",1762252307.005898,0.104388,-0.202623,-0.008309
"2025-11-04 10:31:47.016 +0000",1762252307.015880,0.095023,-0.160466,-0.023256
"2025-11-04 10:31:47.026 +0000",1762252307.025862,0.087564,-0.144598,-0.032032
"2025-11-04 10:31:47.036 +0000",1762252307.035842,0.071700,-0.150664,-0.034570
"2025-11-04 10:31:47.046 +0000",1762252307.045825,0.103826,-0.163358,-0.044615
"2025-11-04 10:31:47.056 +0000",1762252307.055806,0.135052,-0.161151,-0.035583
"2025-11-04 10:31:47.066 +0000",1762252307.065788,0.156399,-0.149829,-0.035574
"2025-11-04 10:31:47.076 +0000",1762252307.075770,0.140069,-0.143981,-0.041815
"2025-11-04 10:31:47.086 +0000",1762252307.085750,0.145064,-0.139519,-0.050251
"2025-11-04 10:31:47.096 +0000",1762252307.095732,0.110570,-0.105677,-0.025920
"2025-11-04 10:31:47.106 +0000",1762252307.105715,0.062648,-0.102687,-0.023107
"2025-11-04 10:31:47.116 +0000",1762252307.115695,0.053829,-0.124168,-0.031683
"2025-11-04 10:31:47.126 +0000",1762252307.125678,0.067279,-0.191420,-0.038271
"2025-11-04 10:31:47.136 +0000",1762252307.135659,0.074231,-0.181431,-0.026619
"2025-11-04 10:31:47.146 +0000",1762252307.145641,0.062477,-0.164594,-0.003816
"2025-11-04 10:31:47.156 +0000",1762252307.155622,0.052727,-0.177184,-0.005345
"2025-11-04 10:31:47.166 +0000",1762252307.165604,0.008705,-0.140363,0.007076
"2025-11-04 10:31:47.176 +0000",1762252307.175586,0.006168,-0.145173,0.003148
"2025-11-04 10:31:47.186 +0000",1762252307.185568,-0.013059,-0.097811,-0.000047
"2025-11-04 10:31:47.196 +0000",1762252307.195549,-0.002958,-0.094934,-0.007681
"2025-11-04 10:31:47.206 +0000",1762252307.205531,0.036273,-0.103546,-0.050132
"2025-11-04 10:31:47.216 +0000",1762252307.215512,0.074518,-0.091131,-0.080877
"2025-11-04 10:31:54.354 +0000",1762252314.354062,0.264827,-0.150513,-0.064319
"2025-11-04 10:31:54.369 +0000",1762252314.369035,0.221927,-0.125733,-0.102009
"2025-11-04 10:31:54.379 +0000",1762252314.379016,0.185117,-0.126795,-0.106951
"2025-11-04 10:31:54.389 +0000",1762252314.388998,0.144342,-0.151736,-0.102479
"2025-11-04 10:31:54.399 +0000",1762252314.398980,0.103097,-0.172832,-0.093359
"2025-11-04 10:31:54.409 +0000",1762252314.408961,0.074648,-0.170357,-0.075181
"2025-11-04 10:31:54.419 +0000",1762252314.418943,0.067342,-0.145068,-0.057333
"2025-11-04 10:31:54.429 +0000",1762252314.428924,0.091973,-0.110616,-0.032980
"2025-11-04 10:31:54.439 +0000",1762252314.438906,0.142246,-0.087444,-0.013502
"2025-11-04 10:31:54.449 +0000",1762252314.448887,0.202367,-0.089520,0.002798
"2025-11-04 10:31:54.459 +0000",1762252314.458869,0.256919,-0.130414,-0.008623
"2025-11-04 10:31:54.469 +0000",1762252314.468850,0.311395,-0.197446,-0.024066
"2025-11-04 10:31:54.479 +0000",1762252314.478832,0.345312,-0.247261,-0.046891
"2025-11-04 10:31:54.489 +0000",1762252314.488813,0.335318,-0.242326,-0.093565
"2025-11-04 10:31:54.499 +0000",1762252314.498795,0.230540,-0.147057,-0.213436
"2025-11-04 10:31:54.509 +0000",1762252314.508777,0.133738,-0.168859,-0.207973
"2025-11-04 10:31:54.519 +0000",1762252314.518758,0.127799,-0.152562,-0.242014
"2025-11-04 10:31:54.529 +0000",1762252314.528741,0.150140,-0.180903,-0.241040
"2025-11-04 10:31:54.539 +0000",1762252314.538721,0.178061,-0.242195,-0.193594
"2025-11-04 10:31:54.549 +0000",1762252314.548702,0.199625,-0.292655,-0.134718
"2025-11-04 10:31:54.559 +0000",1762252314.558684,0.195331,-0.298497,-0.104843
"2025-11-04 10:31:54.569 +0000",1762252314.568667,0.166081,-0.265476,-0.098326
"2025-11-04 10:31:54.579 +0000",1762252314.578647,0.126316,-0.203587,-0.094483
"2025-11-04 10:31:54.589 +0000",1762252314.588629,0.087357,-0.162890,-0.086569
"2025-11-04 10:31:54.599 +0000",1762252314.598611,0.016450,-0.158200,-0.067400
"2025-11-04 10:31:54.609 +0000",1762252314.608591,-0.078170,-0.134332,-0.055598
"2025-11-04 10:31:54.619 +0000",1762252314.618574,-0.177035,-0.075577,-0.062822
"2025-11-04 10:31:54.629 +0000",1762252314.628556,-0.267278,-0.023744,-0.093378
"2025-11-04 10:31:54.639 +0000",1762252314.638537,-0.316877,0.000143,-0.110227
"2025-11-04 10:31:54.649 +0000",1762252314.648519,-0.299309,0.020123,-0.098338
"2025-11-04 10:31:54.658 +0000",1762252314.658499,-0.286306,0.027174,-0.193759
"2025-11-04 10:31:54.668 +0000",1762252314.668481,-0.269771,0.088901,-0.218100
"2025-11-04 10:31:54.678 +0000",1762252314.678463,-0.207303,0.134322,-0.201781
"2025-11-04 10:31:54.688 +0000",1762252314.688446,-0.151914,0.078472,-0.118518
"2025-11-04 10:31:54.698 +0000",1762252314.698426,-0.063398,-0.104089,-0.056065
"2025-11-04 10:31:54.708 +0000",1762252314.708409,-0.018555,-0.112600,-0.066228
"2025-11-04 10:31:54.718 +0000",1762252314.718390,-0.037230,-0.115296,-0.087140
"2025-11-04 10:31:54.728 +0000",1762252314.728372,-0.093079,-0.096728,-0.074676
"2025-11-04 10:31:54.738 +0000",1762252314.738353,-0.200324,-0.015971,-0.001311
"2025-11-04 10:31:54.748 +0000",1762252314.748335,-0.229728,0.190504,0.017705
"2025-11-04 10:31:54.758 +0000",1762252314.758316,-0.276814,0.233872,0.015057
"2025-11-04 10:31:54.768 +0000",1762252314.768299,-0.345244,0.269664,-0.014130
"2025-11-04 10:31:54.778 +0000",1762252314.778280,-0.428071,0.296901,-0.091710
"2025-11-04 10:31:54.788 +0000",1762252314.788261,-0.441772,0.278086,-0.202636
"2025-11-04 10:31:54.798 +0000",1762252314.798242,-0.355703,0.244321,-0.233986
"2025-11-04 10:31:54.808 +0000",1762252314.808223,-0.229971,0.223474,-0.195414
"2025-11-04 10:31:54.818 +0000",1762252314.818206,-0.083979,0.132422,-0.129547
"2025-11-04 10:31:54.828 +0000",1762252314.828187,0.071325,0.032121,-0.102664
"2025-11-04 10:31:54.838 +0000",1762252314.838168,0.189293,-0.053132,-0.143789
"2025-11-04 10:31:54.848 +0000",1762252314.848150,0.244583,-0.087064,-0.185783
"2025-11-04 10:31:54.858 +0000",1762252314.858132,0.263035,-0.061418,-0.193148
"2025-11-04 10:31:54.868 +0000",1762252314.868114,0.246833,-0.016498,-0.170873
"2025-11-04 10:31:54.878 +0000",1762252314.878094,0.190890,-0.019756,-0.170183
"2025-11-04 10:31:54.888 +0000",1762252314.888076,0.108476,-0.052301,-0.189155
"2025-11-04 10:31:54.898 +0000",1762252314.898057,0.023705,-0.062863,-0.203154
"2025-11-04 10:31:54.908 +0000",1762252314.908040,-0.055085,-0.043832,-0.188879
"2025-11-04 10:31:54.918 +0000",1762252314.918020,-0.113658,-0.035545,-0.154471
"2025-11-04 10:31:54.928 +0000",1762252314.928002,-0.120281,-0.061399,-0.118692
"2025-11-04 10:31:54.938 +0000",1762252314.937984,-0.054809,-0.087097,-0.078271
"2025-11-04 10:31:54.948 +0000",1762252314.947965,0.053015,-0.109665,-0.047321
"2025-11-04 10:31:54.958 +0000",1762252314.957948,0.143917,-0.132670,-0.026368
"2025-11-04 10:31:54.968 +0000",1762252314.967928,0.212316,-0.142142,-0.018292
"2025-11-04 10:31:54.978 +0000",1762252314.977911,0.232237,-0.171600,-0.041951
"2025-11-04 10:31:54.988 +0000",1762252314.987891,0.195318,-0.216155,-0.079406
"2025-11-04 10:31:54.998 +0000",1762252314.997873,0.138613,-0.207165,-0.094218
"2025-11-04 10:31:55.008 +0000",1762252315.007855,0.106401,-0.189109,-0.076827
"2025-11-04 10:31:55.018 +0000",1762252315.017837,0.078553,-0.204920,-0.045575
"2025-11-04 10:31:55.028 +0000",1762252315.027818,0.068840,-0.230866,-0.033987
"2025-11-04 10:31:55.038 +0000",1762252315.037800,0.095138,-0.280217,-0.046010
"2025-11-04 10:31:55.048 +0000",1762252315.047781,0.158930,-0.371740,-0.073446
"2025-11-04 10:31:55.058 +0000",1762252315.057762,0.276802,-0.436994,-0.109740
"2025-11-04 10:31:55.068 +0000",1762252315.067745,0.399938,-0.476606,-0.144450
"2025-11-04 10:31:55.078 +0000",1762252315.077726,0.508100,-0.498644,-0.192732
"2025-11-04 10:31:55.088 +0000",1762252315.087708,0.604108,-0.469820,-0.229540
"2025-11-04 10:31:55.098 +0000",1762252315.097690,0.638991,-0.402781,-0.262551
"2025-11-04 10:31:55.108 +0000",1762252315.107670,0.604484,-0.343917,-0.269767
"2025-11-04 10:31:55.118 +0000",1762252315.117653,0.486033,-0.305045,-0.228399
"2025-11-04 10:31:55.128 +0000",1762252315.127635,0.309658,-0.293473,-0.157611
"2025-11-04 10:31:55.138 +0000",1762252315.137616,0.114049,-0.356822,-0.082105
"2025-11-04 10:31:55.148 +0000",1762252315.147597,-0.026480,-0.395188,-0.033557
"2025-11-04 10:31:55.158 +0000",1762252315.157579,-0.118171,-0.394224,-0.029737
"2025-11-04 10:31:55.168 +0000",1762252315.167560,-0.186643,-0.367215,-0.063297
"2025-11-04 10:31:55.178 +0000",1762252315.177541,-0.233172,-0.276993,-0.093837
"2025-11-04 10:31:55.188 +0000",1762252315.187524,-0.268617,-0.177811,-0.094639
"2025-11-04 10:31:55.198 +0000",1762252315.197506,-0.303921,-0.118693,-0.071432
"2025-11-04 10:31:55.207 +0000",1762252315.207487,-0.324838,-0.094532,-0.045070
"2025-11-04 10:31:55.217 +0000",1762252315.217468,-0.329603,-0.073651,-0.025427
"2025-11-04 10:31:55.227 +0000",1762252315.227449,-0.315631,-0.050989,-0.013063
"2025-11-04 10:31:55.237 +0000",1762252315.237432,-0.257432,-0.024560,-0.001985
"2025-11-04 10:31:55.247 +0000",1762252315.247414,-0.184235,0.005017,-0.004500
"2025-11-04 10:31:55.257 +0000",1762252315.257396,-0.118208,0.029278,-0.012593
"2025-11-04 10:31:55.267 +0000",1762252315.267377,-0.063654,0.024246,-0.009133
"2025-11-04 10:31:55.277 +0000",1762252315.277358,-0.042815,0.012305,-0.010827
"2025-11-04 10:31:55.287 +0000",1762252315.287339,-0.082430,0.012188,-0.030650
"2025-11-04 10:31:55.297 +0000",1762252315.297320,-0.150106,0.021074,-0.028445
"2025-11-04 10:31:55.307 +0000",1762252315.307303,-0.212535,0.044530,-0.016610
"2025-11-04 10:31:55.317 +0000",1762252315.317285,-0.236592,0.053838,-0.000466
"2025-11-04 10:31:55.327 +0000",1762252315.327265,-0.210965,0.027385,0.022024
"2025-11-04 10:31:55.337 +0000",1762252315.337247,-0.145981,-0.012876,0.026219
"2025-11-04 10:31:55.347 +0000",1762252315.347229,-0.083509,-0.062563,0.024925
"2025-11-04 10:31:55.357 +0000",1762252315.357211,-0.045612,-0.117734,0.025942
"2025-11-04 10:31:55.367 +0000",1762252315.367192,-0.055758,-0.150092,0.020043
"2025-11-04 10:31:55.377 +0000",1762252315.377173,-0.080962,-0.112379,0.003446
"2025-11-04 10:31:55.387 +0000",1762252315.387155,-0.113049,-0.034372,0.001369
"2025-11-04 10:31:55.397 +0000",1762252315.397136,-0.136804,0.026087,0.012734
"2025-11-04 10:31:55.407 +0000",1762252315.407118,-0.126572,0.060876,0.022553
"2025-11-04 10:31:55.417 +0000",1762252315.417100,-0.081619,0.096760,0.009404
"2025-11-04 10:31:55.427 +0000",1762252315.427081,-0.004367,0.128287,0.003441
"2025-11-04 10:31:55.437 +0000",1762252315.437063,0.102174,0.130215,0.000028
"2025-11-04 10:31:55.447 +0000",1762252315.447044,0.175917,0.088896,-0.009145
"2025-11-04 10:31:55.457 +0000",1762252315.457026,0.159523,0.050469,-0.013021
"2025-11-04 10:31:55.467 +0000",1762252315.467008,0.086172,0.024815,-0.009900
"2025-11-04 10:31:55.477 +0000",1762252315.476989,0.016776,0.009272,-0.014801
"2025-11-04 10:31:55.487 +0000",1762252315.486971,-0.029924,0.020555,-0.024076
"2025-11-04 10:31:55.497 +0000",1762252315.496953,-0.056377,0.053818,-0.040916
"2025-11-04 10:31:55.507 +0000",1762252315.506934,-0.050903,0.097890,-0.044300
"2025-11-04 10:31:55.517 +0000",1762252315.516916,-0.046308,0.126366,-0.048012
"2025-11-04 10:31:55.527 +0000",1762252315.526897,-0.059072,0.133730,-0.058011
"2025-11-04 10:31:55.537 +0000",1762252315.536879,-0.080512,0.126847,-0.050215
"2025-11-04 10:31:55.547 +0000",1762252315.546860,-0.088023,0.104711,-0.042945
"2025-11-04 10:31:55.557 +0000",1762252315.556843,-0.063776,0.056287,-0.032104
"2025-11-04 10:31:55.567 +0000",1762252315.566824,-0.011776,-0.009535,-0.038985
"2025-11-04 10:31:55.577 +0000",1762252315.576806,0.040702,-0.059386,-0.052973
"2025-11-04 10:31:55.587 +0000",1762252315.586787,0.080539,-0.060940,-0.060429
"2025-11-04 10:31:55.597 +0000",1762252315.596769,0.107003,0.011965,-0.069640
"2025-11-04 10:31:55.607 +0000",1762252315.606750,0.112165,0.101802,-0.075424
"2025-11-04 10:31:55.617 +0000",1762252315.616732,0.096882,0.150202,-0.082342
"2025-11-04 10:31:55.627 +0000",1762252315.626713,0.044549,0.155733,-0.062394
"2025-11-04 10:31:55.637 +0000",1762252315.636695,-0.213420,0.257755,-0.108341
"2025-11-04 10:31:55.647 +0000",1762252315.646677,-0.417513,0.356652,-0.149266
