timestamp,timeIntervalSince1970,x,y,z
"2025-11-02 01:34:38.569 +0000",1762047278.569021,-0.100540,-0.866638,-0.434540
"2025-11-02 01:34:38.579 +0000",1762047278.579057,-0.124374,-0.885239,-0.426987
"2025-11-02 01:34:38.589 +0000",1762047278.589094,-0.116272,-0.860535,-0.380371
"2025-11-02 01:34:38.599 +0000",1762047278.599129,-0.133591,-0.868866,-0.444489
"2025-11-02 01:34:38.609 +0000",1762047278.609166,-0.150620,-0.858841,-0.465179
"2025-11-02 01:34:38.619 +0000",1762047278.619202,-0.118225,-0.855164,-0.488190
"2025-11-02 01:34:38.629 +0000",1762047278.629239,-0.070557,-0.894684,-0.476624
"2025-11-02 01:34:38.639 +0000",1762047278.639274,-0.052185,-0.906525,-0.437637
"2025-11-02 01:34:38.649 +0000",1762047278.649311,-0.064178,-0.915680,-0.441772
"2025-11-02 01:34:38.659 +0000",1762047278.659347,-0.084473,-0.922470,-0.457611
"2025-11-02 01:34:38.669 +0000",1762047278.669383,-0.083572,-0.885162,-0.470322
"2025-11-02 01:34:38.679 +0000",1762047278.679419,-0.073486,-0.867416,-0.452927
"2025-11-02 01:34:38.689 +0000",1762047278.689455,-0.083405,-0.864594,-0.497192
"2025-11-02 01:34:38.699 +0000",1762047278.699492,-0.083008,-0.859177,-0.518417
"2025-11-02 01:34:38.710 +0000",1762047278.709528,-0.077347,-0.873077,-0.459732
"2025-11-02 01:34:38.720 +0000",1762047278.719563,-0.098984,-0.913574,-0.502609
"2025-11-02 01:34:38.730 +0000",1762047278.729600,-0.107864,-0.907532,-0.457169
"2025-11-02 01:34:38.740 +0000",1762047278.739635,-0.097107,-0.921875,-0.464386
"2025-11-02 01:34:38.750 +0000",1762047278.749672,-0.086365,-0.914871,-0.450592
"2025-11-02 01:34:38.760 +0000",1762047278.759708,-0.074966,-0.882446,-0.466278
"2025-11-02 01:34:38.770 +0000",1762047278.769745,-0.061157,-0.868530,-0.469894
"2025-11-02 01:34:38.780 +0000",1762047278.779780,-0.080750,-0.844620,-0.449860
"2025-11-02 01:34:38.790 +0000",1762047278.789816,-0.104935,-0.837524,-0.485092
"2025-11-02 01:34:38.800 +0000",1762047278.799853,-0.121201,-0.871307,-0.425751
"2025-11-02 01:34:38.810 +0000",1762047278.809888,-0.128677,-0.879684,-0.488144
"2025-11-02 01:34:38.820 +0000",1762047278.819925,-0.105133,-0.883133,-0.404007
"2025-11-02 01:34:38.830 +0000",1762047278.829961,-0.115036,-0.936951,-0.437363
"2025-11-02 01:34:38.840 +0000",1762047278.839998,-0.136719,-0.894699,-0.480118
"2025-11-02 01:34:38.850 +0000",1762047278.850033,-0.121033,-0.885712,-0.414017
"2025-11-02 01:34:38.860 +0000",1762047278.860069,-0.092819,-0.908066,-0.444702
"2025-11-02 01:34:38.870 +0000",1762047278.870106,-0.090744,-0.850342,-0.370697
"2025-11-02 01:34:38.880 +0000",1762047278.880141,-0.123764,-0.834351,-0.433731
"2025-11-02 01:34:38.890 +0000",1762047278.890177,-0.130081,-0.836578,-0.443573
"2025-11-02 01:34:38.900 +0000",1762047278.900214,-0.115845,-0.827209,-0.399597
"2025-11-02 01:34:38.910 +0000",1762047278.910257,-0.112778,-0.860657,-0.448029
"2025-11-02 01:34:38.920 +0000",1762047278.920286,-0.119492,-0.894135,-0.375046
"2025-11-02 01:34:38.930 +0000",1762047278.930322,-0.134201,-0.922577,-0.403915
"2025-11-02 01:34:38.940 +0000",1762047278.940359,-0.141006,-0.914764,-0.384171
"2025-11-02 01:34:38.950 +0000",1762047278.950394,-0.137466,-0.909760,-0.403885
"2025-11-02 01:34:38.960 +0000",1762047278.960430,-0.113022,-0.906021,-0.434631
"2025-11-02 01:34:38.970 +0000",1762047278.970467,-0.081299,-0.872910,-0.389343
"2025-11-02 01:34:38.981 +0000",1762047278.980502,-0.062485,-0.877625,-0.439758
"2025-11-02 01:34:38.991 +0000",1762047278.990538,-0.056808,-0.882248,-0.408539
"2025-11-02 01:34:39.001 +0000",1762047279.000577,-0.084061,-0.879257,-0.423843
"2025-11-02 01:34:39.011 +0000",1762047279.010611,-0.116592,-0.902100,-0.431320
"2025-11-02 01:34:39.021 +0000",1762047279.020647,-0.119919,-0.911133,-0.407318
"2025-11-02 01:34:39.031 +0000",1762047279.030684,-0.101471,-0.933975,-0.451340
"2025-11-02 01:34:39.041 +0000",1762047279.040720,-0.065308,-0.931412,-0.425903
"2025-11-02 01:34:39.051 +0000",1762047279.050756,-0.039291,-0.940369,-0.422073
"2025-11-02 01:34:39.061 +0000",1762047279.060792,-0.071823,-0.925247,-0.411942
"2025-11-02 01:34:39.071 +0000",1762047279.070829,-0.119003,-0.876312,-0.449356
"2025-11-02 01:34:39.081 +0000",1762047279.080863,-0.130386,-0.888641,-0.449554
"2025-11-02 01:34:39.091 +0000",1762047279.090901,-0.112549,-0.876282,-0.464920
"2025-11-02 01:34:39.101 +0000",1762047279.100938,-0.080139,-0.910019,-0.439804
"2025-11-02 01:34:39.111 +0000",1762047279.110973,-0.073990,-0.922104,-0.408295
"2025-11-02 01:34:39.121 +0000",1762047279.121009,-0.101410,-0.905640,-0.390717
"2025-11-02 01:34:39.131 +0000",1762047279.131045,-0.138809,-0.929062,-0.377701
"2025-11-02 01:34:39.141 +0000",1762047279.141082,-0.169479,-0.879059,-0.408188
"2025-11-02 01:34:39.151 +0000",1762047279.151117,-0.158493,-0.869019,-0.483521
"2025-11-02 01:34:39.161 +0000",1762047279.161155,-0.104385,-0.890930,-0.488205
"2025-11-02 01:34:39.171 +0000",1762047279.171190,-0.059662,-0.898254,-0.416351
"2025-11-02 01:34:39.181 +0000",1762047279.181225,-0.091034,-0.917389,-0.361526
"2025-11-02 01:34:39.191 +0000",1762047279.191262,-0.149796,-0.926239,-0.397354
"2025-11-02 01:34:39.201 +0000",1762047279.201298,-0.190079,-0.896561,-0.363541
"2025-11-02 01:34:39.211 +0000",1762047279.211334,-0.173355,-0.860855,-0.457657
"2025-11-02 01:34:39.221 +0000",1762047279.221371,-0.101852,-0.856842,-0.408569
"2025-11-02 01:34:39.231 +0000",1762047279.231406,-0.061493,-0.863983,-0.457321
"2025-11-02 01:34:39.241 +0000",1762047279.241443,-0.094147,-0.870392,-0.418747
"2025-11-02 01:34:39.251 +0000",1762047279.251478,-0.145905,-0.924088,-0.458160
"2025-11-02 01:34:39.262 +0000",1762047279.261515,-0.156006,-0.908646,-0.430588
"2025-11-02 01:34:39.272 +0000",1762047279.271551,-0.114578,-0.946426,-0.428818
"2025-11-02 01:34:39.282 +0000",1762047279.281587,-0.082840,-0.963486,-0.434708
"2025-11-02 01:34:39.292 +0000",1762047279.291623,-0.070770,-0.964569,-0.406540
"2025-11-02 01:34:39.302 +0000",1762047279.301660,-0.094955,-0.919434,-0.406662
"2025-11-02 01:34:39.312 +0000",1762047279.311695,-0.109955,-0.891174,-0.441391
"2025-11-02 01:34:39.322 +0000",1762047279.321732,-0.100189,-0.863800,-0.434357
"2025-11-02 01:34:39.332 +0000",1762047279.331768,-0.090073,-0.859100,-0.481186
"2025-11-02 01:34:39.342 +0000",1762047279.341804,-0.064804,-0.917404,-0.454514
"2025-11-02 01:34:39.352 +0000",1762047279.351840,-0.065475,-0.934326,-0.393997
"2025-11-02 01:34:39.362 +0000",1762047279.361877,-0.104034,-0.938950,-0.407303
"2025-11-02 01:34:39.372 +0000",1762047279.371912,-0.128906,-0.948242,-0.469833
"2025-11-02 01:34:39.382 +0000",1762047279.381947,-0.100922,-0.967209,-0.456406
"2025-11-02 01:34:39.392 +0000",1762047279.391985,-0.064194,-0.920898,-0.423492
"2025-11-02 01:34:39.402 +0000",1762047279.402021,-0.044403,-0.937469,-0.411636
"2025-11-02 01:34:39.412 +0000",1762047279.412057,-0.055130,-0.936829,-0.418945
"2025-11-02 01:34:39.422 +0000",1762047279.422092,-0.089905,-0.835312,-0.403244
"2025-11-02 01:34:39.432 +0000",1762047279.432129,-0.103821,-0.874222,-0.487091
"2025-11-02 01:34:39.442 +0000",1762047279.442165,-0.066910,-0.888458,-0.476700
"2025-11-02 01:34:39.452 +0000",1762047279.452200,-0.019180,-0.888855,-0.405228
"2025-11-02 01:34:39.462 +0000",1762047279.462237,-0.023361,-0.968582,-0.432770
"2025-11-02 01:34:39.472 +0000",1762047279.472273,-0.039642,-0.976822,-0.440994
"2025-11-02 01:34:39.482 +0000",1762047279.482309,-0.070816,-0.932175,-0.388138
"2025-11-02 01:34:39.492 +0000",1762047279.492346,-0.100739,-0.930588,-0.467361
"2025-11-02 01:34:39.502 +0000",1762047279.502381,-0.070099,-0.923508,-0.434326
"2025-11-02 01:34:39.512 +0000",1762047279.512417,-0.013260,-0.890533,-0.393204
"2025-11-02 01:34:39.522 +0000",1762047279.522454,-0.005447,-0.918030,-0.380325
"2025-11-02 01:34:39.532 +0000",1762047279.532491,-0.045853,-0.903656,-0.415115
"2025-11-02 01:34:39.543 +0000",1762047279.542527,-0.087280,-0.868774,-0.399429
"2025-11-02 01:34:39.553 +0000",1762047279.552562,-0.116913,-0.916214,-0.446762
"2025-11-02 01:34:39.563 +0000",1762047279.562599,-0.076782,-0.940430,-0.413864
"2025-11-02 01:34:39.573 +0000",1762047279.572634,-0.017410,-0.948151,-0.290283
"2025-11-02 01:34:39.583 +0000",1762047279.582670,-0.029343,-0.985687,-0.379501
"2025-11-02 01:34:39.593 +0000",1762047279.592707,-0.071091,-0.903473,-0.354004
"2025-11-02 01:34:39.603 +0000",1762047279.602743,-0.117508,-0.864243,-0.412445
"2025-11-02 01:34:39.613 +0000",1762047279.612779,-0.145233,-0.893692,-0.454391
"2025-11-02 01:34:39.623 +0000",1762047279.622816,-0.117035,-0.874527,-0.407349
"2025-11-02 01:34:39.633 +0000",1762047279.632851,-0.057526,-0.926376,-0.357498
"2025-11-02 01:34:39.643 +0000",1762047279.642889,-0.038055,-0.962311,-0.336136
"2025-11-02 01:34:39.653 +0000",1762047279.652924,-0.050659,-0.937012,-0.401581
"2025-11-02 01:34:39.663 +0000",1762047279.662960,-0.041794,-0.896881,-0.345001
"2025-11-02 01:34:39.673 +0000",1762047279.672996,-0.048798,-0.911423,-0.397110
"2025-11-02 01:34:39.683 +0000",1762047279.683032,-0.077637,-0.888016,-0.427460
"2025-11-02 01:34:39.693 +0000",1762047279.693069,-0.084595,-0.867767,-0.432526
"2025-11-02 01:34:39.703 +0000",1762047279.703106,-0.070740,-0.941330,-0.407425
"2025-11-02 01:34:39.713 +0000",1762047279.713140,-0.060928,-0.915054,-0.424393
"2025-11-02 01:34:39.723 +0000",1762047279.723177,-0.033157,-0.936859,-0.365753
"2025-11-02 01:34:39.733 +0000",1762047279.733212,-0.051468,-0.987274,-0.346664
"2025-11-02 01:34:39.743 +0000",1762047279.743249,-0.104843,-0.933563,-0.398788
"2025-11-02 01:34:39.753 +0000",1762047279.753285,-0.106720,-0.919571,-0.388199
"2025-11-02 01:34:39.763 +0000",1762047279.763321,-0.070496,-0.911926,-0.438263
"2025-11-02 01:34:39.773 +0000",1762047279.773357,-0.026382,-0.876022,-0.371353
"2025-11-02 01:34:39.783 +0000",1762047279.783393,-0.032104,-0.896774,-0.391144
"2025-11-02 01:34:39.793 +0000",1762047279.793430,-0.073044,-0.935379,-0.359741
"2025-11-02 01:34:39.803 +0000",1762047279.803466,-0.176193,-0.929932,-0.310837
"2025-11-02 01:34:39.814 +0000",1762047279.813503,-0.235168,-0.885391,-0.450165
"2025-11-02 01:34:39.824 +0000",1762047279.823538,-0.089920,-0.873154,-0.414520
"2025-11-02 01:34:39.834 +0000",1762047279.833574,0.064270,-0.950287,-0.403748
"2025-11-02 01:34:39.844 +0000",1762047279.843610,0.087433,-0.872437,-0.556396
"2025-11-02 01:34:39.854 +0000",1762047279.853646,0.039215,-0.936798,-0.460098
"2025-11-02 01:34:39.864 +0000",1762047279.863683,-0.064529,-1.029739,-0.465790
"2025-11-02 01:34:39.874 +0000",1762047279.873718,-0.231476,-0.863831,-0.229294
"2025-11-02 01:34:39.884 +0000",1762047279.883754,-0.225601,-0.957077,-0.449310
"2025-11-02 01:34:39.894 +0000",1762047279.893791,-0.058121,-0.902817,-0.154572
"2025-11-02 01:34:39.904 +0000",1762047279.903828,0.017151,-0.832550,-0.262192
"2025-11-02 01:34:39.914 +0000",1762047279.913863,-0.056061,-0.740585,-0.398361
"2025-11-02 01:34:39.924 +0000",1762047279.923899,-0.137985,-0.823822,-0.541016
"2025-11-02 01:34:39.934 +0000",1762047279.933935,-0.203110,-0.812943,-0.565704
"2025-11-02 01:34:39.944 +0000",1762047279.943972,-0.151917,-0.911057,-0.406311
"2025-11-02 01:34:39.954 +0000",1762047279.954007,-0.085678,-1.122772,-0.352692
"2025-11-02 01:34:39.964 +0000",1762047279.964045,-0.031723,-1.143723,-0.290726
"2025-11-02 01:34:39.974 +0000",1762047279.974080,-0.005432,-1.041107,-0.212555
"2025-11-02 01:34:39.984 +0000",1762047279.984116,-0.073868,-0.943680,-0.325272
"2025-11-02 01:34:39.994 +0000",1762047279.994153,-0.138824,-0.819809,-0.475266
"2025-11-02 01:34:40.004 +0000",1762047280.004189,-0.156479,-0.699463,-0.406967
"2025-11-02 01:34:40.014 +0000",1762047280.014225,-0.096924,-0.726456,-0.554459
"2025-11-02 01:34:40.024 +0000",1762047280.024261,0.016113,-0.857193,-0.371048
"2025-11-02 01:34:40.034 +0000",1762047280.034296,0.015915,-0.941879,-0.414169
"2025-11-02 01:34:40.044 +0000",1762047280.044333,-0.094849,-1.008636,-0.362625
"2025-11-02 01:34:40.054 +0000",1762047280.054369,-0.213318,-1.115646,-0.397797
"2025-11-02 01:34:40.064 +0000",1762047280.064406,-0.252853,-1.108536,-0.365967
"2025-11-02 01:34:40.074 +0000",1762047280.074442,-0.194626,-1.032745,-0.356995
"2025-11-02 01:34:40.084 +0000",1762047280.084477,-0.102432,-0.957565,-0.304337
"2025-11-02 01:34:40.095 +0000",1762047280.094516,-0.034882,-0.864166,-0.453918
"2025-11-02 01:34:40.105 +0000",1762047280.104550,0.087234,-0.748657,-0.580093
"2025-11-02 01:34:40.115 +0000",1762047280.114585,0.197708,-0.709503,-0.349533
"2025-11-02 01:34:40.125 +0000",1762047280.124622,0.105606,-0.932800,-0.434906
"2025-11-02 01:34:40.135 +0000",1762047280.134659,-0.085312,-0.940125,-0.505630
"2025-11-02 01:34:40.145 +0000",1762047280.144695,-0.208527,-0.958527,-0.245392
"2025-11-02 01:34:40.155 +0000",1762047280.154730,-0.301422,-1.174362,-0.377441
"2025-11-02 01:34:40.165 +0000",1762047280.164767,-0.221848,-1.025986,-0.499161
"2025-11-02 01:34:40.175 +0000",1762047280.174803,0.063370,-0.883926,-0.304291
"2025-11-02 01:34:40.185 +0000",1762047280.184838,0.157639,-1.015274,-0.261002
"2025-11-02 01:34:40.195 +0000",1762047280.194876,0.033783,-0.897568,-0.538162
"2025-11-02 01:34:40.205 +0000",1762047280.204911,-0.190399,-0.609009,-0.293518
"2025-11-02 01:34:40.215 +0000",1762047280.214947,-0.289124,-0.867676,-0.597458
"2025-11-02 01:34:40.225 +0000",1762047280.224984,-0.177628,-0.889725,-0.476990
"2025-11-02 01:34:40.235 +0000",1762047280.235019,0.091370,-0.856110,-0.349335
"2025-11-02 01:34:40.245 +0000",1762047280.245054,0.236649,-1.115082,-0.272873
"2025-11-02 01:34:40.255 +0000",1762047280.255092,0.118774,-1.184692,-0.300827
"2025-11-02 01:34:40.265 +0000",1762047280.265128,-0.171448,-0.936661,-0.356369
"2025-11-02 01:34:40.275 +0000",1762047280.275164,-0.362106,-0.912537,-0.427185
"2025-11-02 01:34:40.285 +0000",1762047280.285200,-0.291412,-0.902008,-0.493835
"2025-11-02 01:34:40.295 +0000",1762047280.295236,-0.053375,-0.787476,-0.384552
"2025-11-02 01:34:40.305 +0000",1762047280.305273,0.145493,-0.868607,-0.324829
"2025-11-02 01:34:40.315 +0000",1762047280.315308,0.179855,-0.935364,-0.319794
"2025-11-02 01:34:40.325 +0000",1762047280.325345,0.042099,-0.888153,-0.366318
"2025-11-02 01:34:40.335 +0000",1762047280.335380,-0.148819,-0.848480,-0.382553
"2025-11-02 01:34:40.345 +0000",1762047280.345417,-0.237152,-0.984619,-0.467102
"2025-11-02 01:34:40.355 +0000",1762047280.355453,-0.170776,-0.960648,-0.389023
"2025-11-02 01:34:40.365 +0000",1762047280.365490,-0.002014,-0.990982,-0.302032
"2025-11-02 01:34:40.376 +0000",1762047280.375525,0.090698,-1.068420,-0.276733
"2025-11-02 01:34:40.386 +0000",1762047280.385560,0.051147,-0.924789,-0.342896
"2025-11-02 01:34:40.396 +0000",1762047280.395597,-0.047745,-0.814774,-0.325729
"2025-11-02 01:34:40.406 +0000",1762047280.405634,-0.156998,-0.850769,-0.456848
"2025-11-02 01:34:40.416 +0000",1762047280.415670,-0.153534,-0.792160,-0.464111
"2025-11-02 01:34:40.426 +0000",1762047280.425706,-0.029709,-0.807236,-0.354660
"2025-11-02 01:34:40.436 +0000",1762047280.435743,0.066223,-0.994064,-0.372192
"2025-11-02 01:34:40.446 +0000",1762047280.445778,0.046310,-0.977600,-0.310379
"2025-11-02 01:34:40.456 +0000",1762047280.455815,-0.060638,-0.953949,-0.319763
"2025-11-02 01:34:40.466 +0000",1762047280.465851,-0.161987,-1.017136,-0.376022
"2025-11-02 01:34:40.476 +0000",1762047280.475887,-0.185577,-0.946518,-0.384094
"2025-11-02 01:34:40.486 +0000",1762047280.485922,-0.100662,-0.853073,-0.378510
"2025-11-02 01:34:40.496 +0000",1762047280.495958,-0.005585,-0.909607,-0.367371
"2025-11-02 01:34:40.506 +0000",1762047280.505996,0.025558,-0.876221,-0.402100
"2025-11-02 01:34:40.516 +0000",1762047280.516032,-0.013885,-0.813126,-0.346466
"2025-11-02 01:34:40.526 +0000",1762047280.526067,-0.083420,-0.917389,-0.408875
"2025-11-02 01:34:40.536 +0000",1762047280.536103,-0.154587,-0.917557,-0.353546
"2025-11-02 01:34:40.546 +0000",1762047280.546139,-0.140686,-0.895752,-0.355209
"2025-11-02 01:34:40.556 +0000",1762047280.556175,-0.062943,-0.953995,-0.345078
"2025-11-02 01:34:40.566 +0000",1762047280.566212,0.009430,-0.975189,-0.402817
"2025-11-02 01:34:40.576 +0000",1762047280.576247,0.007339,-0.872421,-0.307739
"2025-11-02 01:34:40.586 +0000",1762047280.586283,-0.077850,-0.920731,-0.337250
"2025-11-02 01:34:40.596 +0000",1762047280.596320,-0.185226,-0.877243,-0.419662
"2025-11-02 01:34:40.606 +0000",1762047280.606356,-0.181351,-0.797012,-0.389587
"2025-11-02 01:34:40.616 +0000",1762047280.616392,-0.081299,-0.893829,-0.391159
"2025-11-02 01:34:40.626 +0000",1762047280.626429,-0.011597,-0.954758,-0.377487
"2025-11-02 01:34:40.636 +0000",1762047280.636474,-0.017227,-0.906952,-0.316071
"2025-11-02 01:34:40.647 +0000",1762047280.646500,-0.080383,-0.966232,-0.329010
"2025-11-02 01:34:40.657 +0000",1762047280.656537,-0.143936,-0.943344,-0.394211
"2025-11-02 01:34:40.667 +0000",1762047280.666574,-0.157578,-0.861618,-0.367233
"2025-11-02 01:34:40.677 +0000",1762047280.676608,-0.102661,-0.899323,-0.436584
"2025-11-02 01:34:40.687 +0000",1762047280.686645,-0.048080,-0.898224,-0.357697
"2025-11-02 01:34:40.697 +0000",1762047280.696682,-0.020889,-0.881653,-0.398209
"2025-11-02 01:34:40.707 +0000",1762047280.706717,-0.039902,-0.911270,-0.327911
"2025-11-02 01:34:40.717 +0000",1762047280.716754,-0.104523,-0.943375,-0.379883
"2025-11-02 01:34:40.727 +0000",1762047280.726790,-0.166901,-0.867722,-0.382050
"2025-11-02 01:34:40.737 +0000",1762047280.736826,-0.122147,-0.917633,-0.398376
"2025-11-02 01:34:40.747 +0000",1762047280.746861,-0.065536,-0.919205,-0.342239
"2025-11-02 01:34:40.757 +0000",1762047280.756898,-0.058594,-0.925323,-0.392151
"2025-11-02 01:34:40.767 +0000",1762047280.766934,-0.087921,-0.926147,-0.411560
"2025-11-02 01:34:40.777 +0000",1762047280.776971,-0.110626,-0.942764,-0.398071
"2025-11-02 01:34:40.787 +0000",1762047280.787006,-0.117950,-0.919128,-0.396164
"2025-11-02 01:34:40.797 +0000",1762047280.797042,-0.087158,-0.955200,-0.372253
"2025-11-02 01:34:40.807 +0000",1762047280.807078,-0.062393,-0.956741,-0.387695
"2025-11-02 01:34:40.817 +0000",1762047280.817114,-0.069412,-0.913834,-0.363220
"2025-11-02 01:34:40.827 +0000",1762047280.827151,-0.074249,-0.906677,-0.434540
"2025-11-02 01:34:40.837 +0000",1762047280.837188,-0.062454,-0.884827,-0.409744
"2025-11-02 01:34:40.847 +0000",1762047280.847223,-0.061600,-0.875504,-0.378433
"2025-11-02 01:34:40.857 +0000",1762047280.857260,-0.093475,-0.913956,-0.375320
"2025-11-02 01:34:40.867 +0000",1762047280.867295,-0.122589,-0.923630,-0.421890
"2025-11-02 01:34:40.877 +0000",1762047280.877332,-0.130035,-0.922852,-0.392776
"2025-11-02 01:34:40.887 +0000",1762047280.887368,-0.097336,-0.975952,-0.442291
"2025-11-02 01:34:40.897 +0000",1762047280.897404,-0.073486,-0.949509,-0.343445
"2025-11-02 01:34:40.907 +0000",1762047280.907439,-0.075623,-0.952362,-0.376587
"2025-11-02 01:34:40.917 +0000",1762047280.917475,-0.117142,-0.942307,-0.359818
"2025-11-02 01:34:40.928 +0000",1762047280.927511,-0.125061,-0.905167,-0.412140
"2025-11-02 01:34:40.938 +0000",1762047280.937549,-0.102554,-0.845459,-0.395782
"2025-11-02 01:34:40.948 +0000",1762047280.947585,-0.076462,-0.892120,-0.423752
"2025-11-02 01:34:40.958 +0000",1762047280.957620,-0.075653,-0.897446,-0.438950
"2025-11-02 01:34:40.968 +0000",1762047280.967656,-0.072052,-0.928467,-0.381409
"2025-11-02 01:34:40.978 +0000",1762047280.977693,-0.085144,-0.973679,-0.375504
"2025-11-02 01:34:40.988 +0000",1762047280.987730,-0.086288,-0.981354,-0.381775
"2025-11-02 01:34:40.998 +0000",1762047280.997766,-0.092148,-0.914124,-0.319656
"2025-11-02 01:34:41.008 +0000",1762047281.007802,-0.108231,-0.922974,-0.421707
"2025-11-02 01:34:41.018 +0000",1762047281.017837,-0.099030,-0.878326,-0.448166
"2025-11-02 01:34:41.028 +0000",1762047281.027873,-0.071045,-0.880569,-0.415222
"2025-11-02 01:34:41.038 +0000",1762047281.037910,-0.041702,-0.911392,-0.465897
"2025-11-02 01:34:41.048 +0000",1762047281.047946,-0.018890,-0.922531,-0.338242
"2025-11-02 01:34:41.058 +0000",1762047281.057982,-0.050110,-0.969955,-0.398575
"2025-11-02 01:34:41.068 +0000",1762047281.068019,-0.105865,-0.942062,-0.397156
"2025-11-02 01:34:41.078 +0000",1762047281.078054,-0.117142,-0.955978,-0.436829
"2025-11-02 01:34:41.088 +0000",1762047281.088090,-0.116714,-0.944427,-0.390457
"2025-11-02 01:34:41.098 +0000",1762047281.098126,-0.102829,-0.907211,-0.428009
"2025-11-02 01:34:41.108 +0000",1762047281.108162,-0.086670,-0.893402,-0.372665
"2025-11-02 01:34:41.118 +0000",1762047281.118198,-0.084335,-0.919342,-0.450912
"2025-11-02 01:34:41.128 +0000",1762047281.128234,-0.086151,-0.892075,-0.422440
"2025-11-02 01:34:41.138 +0000",1762047281.138271,-0.061600,-0.915100,-0.438202
"2025-11-02 01:34:41.148 +0000",1762047281.148308,-0.059662,-0.937546,-0.400238
"2025-11-02 01:34:41.158 +0000",1762047281.158343,-0.074814,-0.926346,-0.443558
"2025-11-02 01:34:41.168 +0000",1762047281.168379,-0.078369,-0.947144,-0.362015
"2025-11-02 01:34:41.178 +0000",1762047281.178415,-0.099518,-0.941727,-0.388641
"2025-11-02 01:34:41.188 +0000",1762047281.188451,-0.125671,-0.874222,-0.409546
"2025-11-02 01:34:41.198 +0000",1762047281.198489,-0.104889,-0.877899,-0.458496
"2025-11-02 01:34:41.209 +0000",1762047281.208524,-0.066223,-0.893723,-0.440796
"2025-11-02 01:34:41.219 +0000",1762047281.218560,-0.031219,-0.895844,-0.437653
"2025-11-02 01:34:41.229 +0000",1762047281.228596,-0.023209,-0.926849,-0.378860
"2025-11-02 01:34:41.239 +0000",1762047281.238632,-0.053772,-0.965958,-0.418991
"2025-11-02 01:34:41.249 +0000",1762047281.248667,-0.137863,-0.909134,-0.382050
"2025-11-02 01:34:41.259 +0000",1762047281.258704,-0.189240,-0.921890,-0.489883
"2025-11-02 01:34:41.269 +0000",1762047281.268742,-0.144547,-0.893768,-0.431931
"2025-11-02 01:34:41.279 +0000",1762047281.278776,-0.037872,-0.910950,-0.407959
"2025-11-02 01:34:41.289 +0000",1762047281.288812,-0.008789,-0.899384,-0.346024
"2025-11-02 01:34:41.299 +0000",1762047281.298848,-0.057541,-0.914200,-0.407791
"2025-11-02 01:34:41.309 +0000",1762047281.308885,-0.139038,-0.866959,-0.444565
"2025-11-02 01:34:41.319 +0000",1762047281.318921,-0.175797,-0.860504,-0.460434
"2025-11-02 01:34:41.329 +0000",1762047281.328958,-0.126404,-0.908920,-0.474411
"2025-11-02 01:34:41.339 +0000",1762047281.338993,-0.039307,-0.937958,-0.405640
"2025-11-02 01:34:41.349 +0000",1762047281.349029,-0.016693,-0.969742,-0.353424
"2025-11-02 01:34:41.359 +0000",1762047281.359065,-0.074295,-0.964523,-0.387054
"2025-11-02 01:34:41.369 +0000",1762047281.369103,-0.136826,-0.866577,-0.425400
"2025-11-02 01:34:41.379 +0000",1762047281.379138,-0.156860,-0.862595,-0.474625
"2025-11-02 01:34:41.389 +0000",1762047281.389174,-0.096786,-0.893555,-0.476761
"2025-11-02 01:34:41.399 +0000",1762047281.399209,-0.024628,-0.856461,-0.364777
"2025-11-02 01:34:41.409 +0000",1762047281.409247,-0.013687,-0.933899,-0.405914
"2025-11-02 01:34:41.419 +0000",1762047281.419282,-0.056152,-0.951019,-0.405930
"2025-11-02 01:34:41.429 +0000",1762047281.429320,-0.123535,-0.854401,-0.378784
"2025-11-02 01:34:41.439 +0000",1762047281.439355,-0.161514,-0.900986,-0.458542
"2025-11-02 01:34:41.449 +0000",1762047281.449391,-0.135605,-0.892502,-0.466064
"2025-11-02 01:34:41.459 +0000",1762047281.459426,-0.055634,-0.889862,-0.400253
"2025-11-02 01:34:41.469 +0000",1762047281.469465,-0.032776,-0.930069,-0.376236
"2025-11-02 01:34:41.479 +0000",1762047281.479499,-0.080856,-0.929459,-0.400757
"2025-11-02 01:34:41.490 +0000",1762047281.489535,-0.147232,-0.852737,-0.417206
"2025-11-02 01:34:41.500 +0000",1762047281.499571,-0.165100,-0.870041,-0.430191
"2025-11-02 01:34:41.510 +0000",1762047281.509607,-0.141541,-0.891449,-0.455627
"2025-11-02 01:34:41.520 +0000",1762047281.519643,-0.081207,-0.887268,-0.414154
"2025-11-02 01:34:41.530 +0000",1762047281.529680,-0.050293,-0.902924,-0.387634
"2025-11-02 01:34:41.540 +0000",1762047281.539716,-0.079590,-0.910767,-0.457474
"2025-11-02 01:34:41.550 +0000",1762047281.549752,-0.113510,-0.835587,-0.501053
"2025-11-02 01:34:41.560 +0000",1762047281.559788,-0.110336,-0.874939,-0.459396
"2025-11-02 01:34:41.570 +0000",1762047281.569823,-0.091553,-0.910385,-0.473557
"2025-11-02 01:34:41.580 +0000",1762047281.579860,-0.074600,-0.901733,-0.388931
"2025-11-02 01:34:41.590 +0000",1762047281.589897,-0.083664,-0.904694,-0.428406
"2025-11-02 01:34:41.600 +0000",1762047281.599933,-0.113693,-0.894455,-0.439804
"2025-11-02 01:34:41.610 +0000",1762047281.609968,-0.127991,-0.858414,-0.473862
"2025-11-02 01:34:41.620 +0000",1762047281.620004,-0.123672,-0.831711,-0.409470
"2025-11-02 01:34:41.630 +0000",1762047281.630041,-0.098007,-0.884445,-0.463882
"2025-11-02 01:34:41.640 +0000",1762047281.640077,-0.072891,-0.863144,-0.401489
"2025-11-02 01:34:41.650 +0000",1762047281.650112,-0.062378,-0.875610,-0.460236
"2025-11-02 01:34:41.660 +0000",1762047281.660150,-0.109955,-0.889542,-0.443008
"2025-11-02 01:34:41.670 +0000",1762047281.670185,-0.157104,-0.877914,-0.510849
"2025-11-02 01:34:41.680 +0000",1762047281.680222,-0.155991,-0.882568,-0.436325
"2025-11-02 01:34:41.690 +0000",1762047281.690258,-0.088669,-0.926636,-0.505630
"2025-11-02 01:34:41.700 +0000",1762047281.700294,-0.019379,-0.910187,-0.377594
"2025-11-02 01:34:41.710 +0000",1762047281.710329,-0.026978,-0.911682,-0.447296
"2025-11-02 01:34:41.720 +0000",1762047281.720365,-0.093903,-0.858704,-0.419876
"2025-11-02 01:34:41.730 +0000",1762047281.730401,-0.163635,-0.823959,-0.445038
"2025-11-02 01:34:41.740 +0000",1762047281.740437,-0.205261,-0.826981,-0.476593
"2025-11-02 01:34:41.750 +0000",1762047281.750474,-0.162155,-0.841507,-0.475693
"2025-11-02 01:34:41.761 +0000",1762047281.760511,-0.078949,-0.854813,-0.406006
"2025-11-02 01:34:41.771 +0000",1762047281.770546,-0.048019,-0.910492,-0.449707
"2025-11-02 01:34:41.781 +0000",1762047281.780582,-0.100449,-0.912888,-0.397903
"2025-11-02 01:34:41.791 +0000",1762047281.790618,-0.156815,-0.897919,-0.483917
"2025-11-02 01:34:41.801 +0000",1762047281.800656,-0.141617,-0.886490,-0.446136
"2025-11-02 01:34:41.811 +0000",1762047281.810692,-0.068497,-0.897934,-0.481201
"2025-11-02 01:34:41.821 +0000",1762047281.820727,-0.023773,-0.876007,-0.427170
"2025-11-02 01:34:41.831 +0000",1762047281.830764,-0.055206,-0.883896,-0.435913
"2025-11-02 01:34:41.841 +0000",1762047281.840799,-0.130829,-0.863785,-0.456024
"2025-11-02 01:34:41.851 +0000",1762047281.850834,-0.176361,-0.842819,-0.502075
"2025-11-02 01:34:41.861 +0000",1762047281.860872,-0.156830,-0.856491,-0.462280
"2025-11-02 01:34:41.871 +0000",1762047281.870908,-0.099869,-0.905304,-0.491013
"2025-11-02 01:34:41.881 +0000",1762047281.880944,-0.069702,-0.893555,-0.445831
"2025-11-02 01:34:41.891 +0000",1762047281.890979,-0.075775,-0.925797,-0.490997
"2025-11-02 01:34:41.901 +0000",1762047281.901016,-0.116150,-0.925323,-0.481689
"2025-11-02 01:34:41.911 +0000",1762047281.911052,-0.133514,-0.883499,-0.520584
"2025-11-02 01:34:41.921 +0000",1762047281.921088,-0.109482,-0.895706,-0.446655
"2025-11-02 01:34:41.931 +0000",1762047281.931124,-0.069504,-0.914764,-0.480972
"2025-11-02 01:34:41.941 +0000",1762047281.941161,-0.048721,-0.863007,-0.404755
"2025-11-02 01:34:41.951 +0000",1762047281.951195,-0.040848,-0.885452,-0.462784
"2025-11-02 01:34:41.961 +0000",1762047281.961232,-0.073807,-0.833221,-0.440796
"2025-11-02 01:34:41.971 +0000",1762047281.971269,-0.125839,-0.837784,-0.504639
"2025-11-02 01:34:41.981 +0000",1762047281.981305,-0.161514,-0.863525,-0.486710
"2025-11-02 01:34:41.991 +0000",1762047281.991340,-0.135345,-0.904953,-0.494919
"2025-11-02 01:34:42.001 +0000",1762047282.001377,-0.072617,-0.918152,-0.436279
"2025-11-02 01:34:42.011 +0000",1762047282.011413,-0.022980,-0.947845,-0.447281
"2025-11-02 01:34:42.021 +0000",1762047282.021449,-0.038361,-0.899002,-0.410416
"2025-11-02 01:34:42.031 +0000",1762047282.031486,-0.102417,-0.882141,-0.469666
"2025-11-02 01:34:42.042 +0000",1762047282.041522,-0.137039,-0.856339,-0.516388
"2025-11-02 01:34:42.052 +0000",1762047282.051558,-0.112610,-0.832703,-0.507141
"2025-11-02 01:34:42.062 +0000",1762047282.061593,-0.062653,-0.876968,-0.500137
"2025-11-02 01:34:42.072 +0000",1762047282.071630,-0.054565,-0.908447,-0.440125
"2025-11-02 01:34:42.082 +0000",1762047282.081666,-0.096375,-0.915878,-0.421631
"2025-11-02 01:34:42.092 +0000",1762047282.091702,-0.150360,-0.937927,-0.456253
"2025-11-02 01:34:42.102 +0000",1762047282.101739,-0.149689,-0.898941,-0.459900
"2025-11-02 01:34:42.112 +0000",1762047282.111774,-0.108139,-0.896408,-0.464172
"2025-11-02 01:34:42.122 +0000",1762047282.121810,-0.060654,-0.884949,-0.479584
"2025-11-02 01:34:42.132 +0000",1762047282.131847,-0.021194,-0.865112,-0.458984
"2025-11-02 01:34:42.142 +0000",1762047282.141883,-0.021973,-0.876907,-0.427155
"2025-11-02 01:34:42.152 +0000",1762047282.151918,-0.066772,-0.886993,-0.469482
"2025-11-02 01:34:42.162 +0000",1762047282.161954,-0.111526,-0.866257,-0.444321
"2025-11-02 01:34:42.172 +0000",1762047282.171991,-0.124680,-0.895752,-0.469269
"2025-11-02 01:34:42.182 +0000",1762047282.182026,-0.112305,-0.901230,-0.439117
"2025-11-02 01:34:42.192 +0000",1762047282.192063,-0.085632,-0.905960,-0.411636
"2025-11-02 01:34:42.202 +0000",1762047282.202100,-0.095398,-0.880539,-0.433701
"2025-11-02 01:34:42.212 +0000",1762047282.212136,-0.101685,-0.866913,-0.471161
"2025-11-02 01:34:42.222 +0000",1762047282.222172,-0.093979,-0.850632,-0.457336
"2025-11-02 01:34:42.232 +0000",1762047282.232208,-0.084564,-0.854736,-0.450562
"2025-11-02 01:34:42.242 +0000",1762047282.242243,-0.074646,-0.857117,-0.435516
"2025-11-02 01:34:42.252 +0000",1762047282.252280,-0.067322,-0.903061,-0.447845
"2025-11-02 01:34:42.262 +0000",1762047282.262317,-0.092728,-0.890350,-0.444672
"2025-11-02 01:34:42.272 +0000",1762047282.272352,-0.127319,-0.895737,-0.468674
"2025-11-02 01:34:42.282 +0000",1762047282.282388,-0.129120,-0.902588,-0.473358
"2025-11-02 01:34:42.292 +0000",1762047282.292424,-0.105774,-0.891418,-0.435669
"2025-11-02 01:34:42.302 +0000",1762047282.302460,-0.080490,-0.903488,-0.419479
"2025-11-02 01:34:42.312 +0000",1762047282.312497,-0.083710,-0.900711,-0.435837
"2025-11-02 01:34:42.323 +0000",1762047282.322532,-0.107239,-0.852310,-0.427017
"2025-11-02 01:34:42.333 +0000",1762047282.332568,-0.126968,-0.862335,-0.488876
"2025-11-02 01:34:42.343 +0000",1762047282.342604,-0.127609,-0.821121,-0.444580
"2025-11-02 01:34:42.353 +0000",1762047282.352640,-0.108795,-0.874207,-0.464905
"2025-11-02 01:34:42.363 +0000",1762047282.362677,-0.083420,-0.900375,-0.466232
"2025-11-02 01:34:42.373 +0000",1762047282.372714,-0.071457,-0.892075,-0.411209
"2025-11-02 01:34:42.383 +0000",1762047282.382749,-0.112671,-0.929016,-0.462769
"2025-11-02 01:34:42.393 +0000",1762047282.392786,-0.166794,-0.900497,-0.447449
"2025-11-02 01:34:42.403 +0000",1762047282.402823,-0.172470,-0.857559,-0.434006
"2025-11-02 01:34:42.413 +0000",1762047282.412857,-0.136673,-0.894348,-0.403778
"2025-11-02 01:34:42.423 +0000",1762047282.422893,-0.109451,-0.854172,-0.433014
"2025-11-02 01:34:42.433 +0000",1762047282.432930,-0.087982,-0.833405,-0.443222
"2025-11-02 01:34:42.443 +0000",1762047282.442966,-0.068756,-0.849976,-0.487000
"2025-11-02 01:34:42.453 +0000",1762047282.453001,-0.092270,-0.854553,-0.471313
"2025-11-02 01:34:42.463 +0000",1762047282.463037,-0.130554,-0.859726,-0.522263
"2025-11-02 01:34:42.473 +0000",1762047282.473073,-0.125488,-0.941330,-0.470078
"2025-11-02 01:34:42.483 +0000",1762047282.483110,-0.099518,-0.948364,-0.428802
"2025-11-02 01:34:42.493 +0000",1762047282.493146,-0.080734,-0.917130,-0.381439
"2025-11-02 01:34:42.503 +0000",1762047282.503182,-0.097015,-0.897095,-0.440475
"2025-11-02 01:34:42.513 +0000",1762047282.513218,-0.123154,-0.862595,-0.473679
"2025-11-02 01:34:42.523 +0000",1762047282.523254,-0.145309,-0.818115,-0.504105
"2025-11-02 01:34:42.533 +0000",1762047282.533289,-0.143677,-0.825378,-0.488663
"2025-11-02 01:34:42.543 +0000",1762047282.543326,-0.106445,-0.867340,-0.474045
"2025-11-02 01:34:42.553 +0000",1762047282.553363,-0.084076,-0.909012,-0.394852
"2025-11-02 01:34:42.563 +0000",1762047282.563399,-0.104401,-0.916702,-0.446548
"2025-11-02 01:34:42.573 +0000",1762047282.573435,-0.134811,-0.942032,-0.430542
"2025-11-02 01:34:42.583 +0000",1762047282.583471,-0.151306,-0.901367,-0.486328
"2025-11-02 01:34:42.594 +0000",1762047282.593506,-0.127365,-0.892334,-0.484619
"2025-11-02 01:34:42.604 +0000",1762047282.603543,-0.092346,-0.903183,-0.409851
"2025-11-02 01:34:42.614 +0000",1762047282.613579,-0.102463,-0.878326,-0.397934
"2025-11-02 01:34:42.624 +0000",1762047282.623616,-0.119797,-0.846115,-0.420532
"2025-11-02 01:34:42.634 +0000",1762047282.633652,-0.136826,-0.863510,-0.425598
"2025-11-02 01:34:42.644 +0000",1762047282.643687,-0.145905,-0.854706,-0.515381
"2025-11-02 01:34:42.654 +0000",1762047282.653723,-0.137848,-0.856064,-0.406860
"2025-11-02 01:34:42.664 +0000",1762047282.663759,-0.147644,-0.921112,-0.477600
"2025-11-02 01:34:42.674 +0000",1762047282.673796,-0.154251,-0.908264,-0.424225
"2025-11-02 01:34:42.684 +0000",1762047282.683831,-0.126251,-0.912918,-0.438675
"2025-11-02 01:34:42.694 +0000",1762047282.693868,-0.070267,-0.923157,-0.445557
"2025-11-02 01:34:42.704 +0000",1762047282.703904,-0.039108,-0.855225,-0.386658
"2025-11-02 01:34:42.714 +0000",1762047282.713939,-0.055481,-0.877975,-0.486145
"2025-11-02 01:34:42.724 +0000",1762047282.723976,-0.087631,-0.861954,-0.535416
"2025-11-02 01:34:42.734 +0000",1762047282.734012,-0.103409,-0.848679,-0.427505
"2025-11-02 01:34:42.744 +0000",1762047282.744049,-0.127518,-0.888565,-0.481506
"2025-11-02 01:34:42.754 +0000",1762047282.754085,-0.110016,-0.896561,-0.398071
"2025-11-02 01:34:42.764 +0000",1762047282.764121,-0.071335,-0.912964,-0.417450
"2025-11-02 01:34:42.774 +0000",1762047282.774156,-0.061584,-0.915222,-0.401154
"2025-11-02 01:34:42.784 +0000",1762047282.784192,-0.079498,-0.870438,-0.445404
"2025-11-02 01:34:42.794 +0000",1762047282.794230,-0.103714,-0.850342,-0.473694
"2025-11-02 01:34:42.804 +0000",1762047282.804283,-0.112930,-0.839737,-0.491516
"2025-11-02 01:34:42.814 +0000",1762047282.814301,-0.109695,-0.866470,-0.444199
"2025-11-02 01:34:42.824 +0000",1762047282.824337,-0.085754,-0.888062,-0.455536
"2025-11-02 01:34:42.834 +0000",1762047282.834373,-0.051590,-0.909622,-0.398041
"2025-11-02 01:34:42.844 +0000",1762047282.844409,-0.033432,-0.913223,-0.419312
"2025-11-02 01:34:42.854 +0000",1762047282.854446,-0.074051,-0.864624,-0.390350
"2025-11-02 01:34:42.864 +0000",1762047282.864481,-0.139297,-0.846115,-0.508575
"2025-11-02 01:34:42.875 +0000",1762047282.874518,-0.165176,-0.830475,-0.470444
"2025-11-02 01:34:42.885 +0000",1762047282.884553,-0.116547,-0.824097,-0.551834
"2025-11-02 01:34:42.895 +0000",1762047282.894590,-0.027710,-0.888580,-0.429657
"2025-11-02 01:34:42.905 +0000",1762047282.904626,0.000259,-0.936066,-0.411774
"2025-11-02 01:34:42.915 +0000",1762047282.914660,-0.063217,-0.895203,-0.396042
"2025-11-02 01:34:42.925 +0000",1762047282.924698,-0.148743,-0.892975,-0.461411
"2025-11-02 01:34:42.935 +0000",1762047282.934735,-0.175980,-0.884552,-0.461700
"2025-11-02 01:34:42.945 +0000",1762047282.944770,-0.131790,-0.812271,-0.434738
"2025-11-02 01:34:42.955 +0000",1762047282.954806,-0.064301,-0.853363,-0.419525
"2025-11-02 01:34:42.965 +0000",1762047282.964843,-0.039993,-0.865479,-0.432709
"2025-11-02 01:34:42.975 +0000",1762047282.974879,-0.065643,-0.819839,-0.394653
"2025-11-02 01:34:42.985 +0000",1762047282.984914,-0.102005,-0.862442,-0.503082
"2025-11-02 01:34:42.995 +0000",1762047282.994951,-0.094254,-0.871170,-0.448013
"2025-11-02 01:34:43.005 +0000",1762047283.004987,-0.080994,-0.854111,-0.464111
"2025-11-02 01:34:43.015 +0000",1762047283.015023,-0.083954,-0.906937,-0.427307
"2025-11-02 01:34:43.025 +0000",1762047283.025059,-0.092896,-0.908844,-0.453262
"2025-11-02 01:34:43.035 +0000",1762047283.035096,-0.097260,-0.868469,-0.428268
"2025-11-02 01:34:43.045 +0000",1762047283.045131,-0.088135,-0.850662,-0.454025
"2025-11-02 01:34:43.055 +0000",1762047283.055167,-0.088638,-0.843552,-0.453888
"2025-11-02 01:34:43.065 +0000",1762047283.065203,-0.104218,-0.837418,-0.488922
"2025-11-02 01:34:43.075 +0000",1762047283.075240,-0.114639,-0.873230,-0.448746
"2025-11-02 01:34:43.085 +0000",1762047283.085275,-0.124115,-0.888840,-0.464478
"2025-11-02 01:34:43.095 +0000",1762047283.095311,-0.118408,-0.878983,-0.429642
"2025-11-02 01:34:43.105 +0000",1762047283.105348,-0.076935,-0.891693,-0.502258
"2025-11-02 01:34:43.115 +0000",1762047283.115383,-0.038651,-0.885361,-0.421555
"2025-11-02 01:34:43.125 +0000",1762047283.125420,-0.053101,-0.887924,-0.461578
"2025-11-02 01:34:43.135 +0000",1762047283.135456,-0.100388,-0.877502,-0.434280
"2025-11-02 01:34:43.145 +0000",1762047283.145492,-0.120529,-0.856506,-0.494797
"2025-11-02 01:34:43.156 +0000",1762047283.155528,-0.126221,-0.865921,-0.450882
"2025-11-02 01:34:43.166 +0000",1762047283.165564,-0.123123,-0.885742,-0.505524
"2025-11-02 01:34:43.176 +0000",1762047283.175600,-0.094589,-0.883972,-0.470215
"2025-11-02 01:34:43.186 +0000",1762047283.185636,-0.043930,-0.913971,-0.457367
"2025-11-02 01:34:43.196 +0000",1762047283.195673,-0.061157,-0.938644,-0.432724
"2025-11-02 01:34:43.206 +0000",1762047283.205708,-0.122162,-0.873840,-0.486099
"2025-11-02 01:34:43.216 +0000",1762047283.215744,-0.175751,-0.859573,-0.430710
"2025-11-02 01:34:43.226 +0000",1762047283.225780,-0.179214,-0.879730,-0.549026
"2025-11-02 01:34:43.236 +0000",1762047283.235816,-0.104172,-0.834030,-0.441315
"2025-11-02 01:34:43.246 +0000",1762047283.245852,-0.033722,-0.896698,-0.500717
"2025-11-02 01:34:43.256 +0000",1762047283.255888,-0.034973,-0.912125,-0.456680
"2025-11-02 01:34:43.266 +0000",1762047283.265924,-0.067474,-0.896713,-0.501740
"2025-11-02 01:34:43.276 +0000",1762047283.275961,-0.115417,-0.905212,-0.454880
"2025-11-02 01:34:43.286 +0000",1762047283.285997,-0.164154,-0.911484,-0.471680
"2025-11-02 01:34:43.296 +0000",1762047283.296033,-0.158432,-0.898254,-0.493393
"2025-11-02 01:34:43.306 +0000",1762047283.306069,-0.081161,-0.877823,-0.492508
"2025-11-02 01:34:43.316 +0000",1762047283.316104,-0.014664,-0.890457,-0.443146
"2025-11-02 01:34:43.326 +0000",1762047283.326141,-0.031189,-0.889374,-0.497589
"2025-11-02 01:34:43.336 +0000",1762047283.336177,-0.111618,-0.864044,-0.441406
"2025-11-02 01:34:43.346 +0000",1762047283.346213,-0.196579,-0.892685,-0.522385
"2025-11-02 01:34:43.356 +0000",1762047283.356251,-0.189835,-0.904114,-0.529984
"2025-11-02 01:34:43.366 +0000",1762047283.366285,-0.090393,-0.897751,-0.490387
"2025-11-02 01:34:43.376 +0000",1762047283.376320,0.001205,-0.943420,-0.437073
"2025-11-02 01:34:43.386 +0000",1762047283.386357,0.004745,-0.929657,-0.461777
"2025-11-02 01:34:43.396 +0000",1762047283.396393,-0.069153,-0.885895,-0.455002
"2025-11-02 01:34:43.406 +0000",1762047283.406430,-0.158478,-0.869339,-0.555969
"2025-11-02 01:34:43.416 +0000",1762047283.416467,-0.202286,-0.882355,-0.517090
"2025-11-02 01:34:43.427 +0000",1762047283.426503,-0.184937,-0.899902,-0.521851
"2025-11-02 01:34:43.437 +0000",1762047283.436539,-0.176300,-0.956253,-0.499863
"2025-11-02 01:34:43.447 +0000",1762047283.446573,-0.166550,-1.033112,-0.528473
"2025-11-02 01:34:43.457 +0000",1762047283.456610,-0.154297,-1.007660,-0.396439
"2025-11-02 01:34:43.467 +0000",1762047283.466646,-0.121429,-0.948868,-0.434052
"2025-11-02 01:34:43.477 +0000",1762047283.476683,-0.101715,-0.914154,-0.400757
"2025-11-02 01:34:43.487 +0000",1762047283.486720,-0.100403,-0.865005,-0.592682
"2025-11-02 01:34:43.497 +0000",1762047283.496755,-0.061447,-0.780579,-0.509003
"2025-11-02 01:34:43.507 +0000",1762047283.506790,-0.050323,-0.861526,-0.538818
"2025-11-02 01:34:43.517 +0000",1762047283.516827,-0.101425,-0.882614,-0.567444
"2025-11-02 01:34:43.527 +0000",1762047283.526862,-0.136017,-0.884964,-0.455978
"2025-11-02 01:34:43.537 +0000",1762047283.536900,-0.143509,-0.998306,-0.392151
"2025-11-02 01:34:43.547 +0000",1762047283.546936,-0.134979,-0.980835,-0.401321
"2025-11-02 01:34:43.557 +0000",1762047283.556972,-0.062363,-0.874664,-0.370590
"2025-11-02 01:34:43.567 +0000",1762047283.567008,0.000427,-0.854874,-0.438080
"2025-11-02 01:34:43.577 +0000",1762047283.577043,-0.006897,-0.802948,-0.496704
"2025-11-02 01:34:43.587 +0000",1762047283.587078,-0.044067,-0.705475,-0.548157
"2025-11-02 01:34:43.597 +0000",1762047283.597115,-0.073395,-0.790955,-0.516754
"2025-11-02 01:34:43.607 +0000",1762047283.607151,-0.073685,-0.886337,-0.593369
"2025-11-02 01:34:43.617 +0000",1762047283.617187,-0.037811,-0.883636,-0.395798
"2025-11-02 01:34:43.627 +0000",1762047283.627223,0.000992,-1.005737,-0.396530
"2025-11-02 01:34:43.637 +0000",1762047283.637260,-0.035294,-0.989578,-0.358963
"2025-11-02 01:34:43.647 +0000",1762047283.647295,-0.097183,-0.872360,-0.445236
"2025-11-02 01:34:43.657 +0000",1762047283.657332,-0.137726,-0.826920,-0.461411
"2025-11-02 01:34:43.667 +0000",1762047283.667368,-0.153732,-0.817017,-0.534943
"2025-11-02 01:34:43.677 +0000",1762047283.677403,-0.158798,-0.790085,-0.495697
"2025-11-02 01:34:43.687 +0000",1762047283.687440,-0.116867,-0.890579,-0.539062
"2025-11-02 01:34:43.697 +0000",1762047283.697478,-0.074997,-0.952347,-0.441940
"2025-11-02 01:34:43.708 +0000",1762047283.707512,-0.063354,-0.973297,-0.487732
"2025-11-02 01:34:43.718 +0000",1762047283.717548,-0.063232,-0.963104,-0.383789
"2025-11-02 01:34:43.728 +0000",1762047283.727584,-0.107224,-0.974518,-0.438843
"2025-11-02 01:34:43.738 +0000",1762047283.737620,-0.168961,-0.864822,-0.477341
"2025-11-02 01:34:43.748 +0000",1762047283.747656,-0.121002,-0.803253,-0.561142
"2025-11-02 01:34:43.758 +0000",1762047283.757692,-0.014130,-0.779846,-0.479813
"2025-11-02 01:34:43.768 +0000",1762047283.767728,0.013580,-0.808044,-0.519623
"2025-11-02 01:34:43.778 +0000",1762047283.777765,-0.048523,-0.827377,-0.548386
"2025-11-02 01:34:43.788 +0000",1762047283.787802,-0.138733,-0.856094,-0.494202
"2025-11-02 01:34:43.798 +0000",1762047283.797837,-0.198929,-0.918060,-0.511414
"2025-11-02 01:34:43.808 +0000",1762047283.807873,-0.176712,-0.890503,-0.500534
"2025-11-02 01:34:43.818 +0000",1762047283.817908,-0.081360,-0.865143,-0.488327
"2025-11-02 01:34:43.828 +0000",1762047283.827945,-0.001434,-0.897202,-0.481720
"2025-11-02 01:34:43.838 +0000",1762047283.837981,0.004105,-0.810852,-0.508759
"2025-11-02 01:34:43.848 +0000",1762047283.848017,-0.053604,-0.782166,-0.502029
"2025-11-02 01:34:43.858 +0000",1762047283.858053,-0.135254,-0.797531,-0.570312
"2025-11-02 01:34:43.868 +0000",1762047283.868090,-0.138168,-0.803452,-0.588852
"2025-11-02 01:34:43.878 +0000",1762047283.878125,-0.055740,-0.835297,-0.448608
"2025-11-02 01:34:43.888 +0000",1762047283.888161,-0.006012,-0.945312,-0.445862
"2025-11-02 01:34:43.898 +0000",1762047283.898198,-0.039856,-0.928894,-0.457581
"2025-11-02 01:34:43.908 +0000",1762047283.908234,-0.086136,-0.857239,-0.483032
"2025-11-02 01:34:43.918 +0000",1762047283.918268,-0.098953,-0.856796,-0.495392
"2025-11-02 01:34:43.928 +0000",1762047283.928305,-0.083527,-0.835190,-0.501526
"2025-11-02 01:34:43.938 +0000",1762047283.938343,-0.071762,-0.784363,-0.477890
"2025-11-02 01:34:43.948 +0000",1762047283.948378,-0.065964,-0.861343,-0.474091
"2025-11-02 01:34:43.958 +0000",1762047283.958414,-0.081467,-0.882156,-0.482056
"2025-11-02 01:34:43.968 +0000",1762047283.968450,-0.087906,-0.851700,-0.447845
"2025-11-02 01:34:43.978 +0000",1762047283.978485,-0.076370,-0.865433,-0.483093
"2025-11-02 01:34:43.989 +0000",1762047283.988522,-0.068954,-0.899673,-0.457916
"2025-11-02 01:34:43.999 +0000",1762047283.998561,-0.078781,-0.875381,-0.454407
"2025-11-02 01:34:44.009 +0000",1762047284.008593,-0.106415,-0.863571,-0.460999
"2025-11-02 01:34:44.019 +0000",1762047284.018630,-0.116653,-0.869690,-0.498825
"2025-11-02 01:34:44.029 +0000",1762047284.028667,-0.098038,-0.844208,-0.450211
"2025-11-02 01:34:44.039 +0000",1762047284.038702,-0.090103,-0.837082,-0.472321
"2025-11-02 01:34:44.049 +0000",1762047284.048739,-0.095444,-0.884659,-0.437622
"2025-11-02 01:34:44.059 +0000",1762047284.058774,-0.113632,-0.875854,-0.446503
"2025-11-02 01:34:44.069 +0000",1762047284.068810,-0.138992,-0.864304,-0.441971
"2025-11-02 01:34:44.079 +0000",1762047284.078846,-0.131851,-0.876709,-0.514236
"2025-11-02 01:34:44.089 +0000",1762047284.088883,-0.107666,-0.862549,-0.436264
"2025-11-02 01:34:44.099 +0000",1762047284.098919,-0.089478,-0.864517,-0.496933
"2025-11-02 01:34:44.109 +0000",1762047284.108955,-0.088821,-0.881500,-0.433868
"2025-11-02 01:34:44.119 +0000",1762047284.118990,-0.107407,-0.888443,-0.477066
"2025-11-02 01:34:44.129 +0000",1762047284.129027,-0.131866,-0.867325,-0.447266
"2025-11-02 01:34:44.139 +0000",1762047284.139062,-0.128860,-0.855423,-0.526474
"2025-11-02 01:34:44.149 +0000",1762047284.149098,-0.091980,-0.849106,-0.466827
"2025-11-02 01:34:44.159 +0000",1762047284.159134,-0.065048,-0.862274,-0.481934
"2025-11-02 01:34:44.169 +0000",1762047284.169171,-0.060028,-0.876251,-0.467896
"2025-11-02 01:34:44.179 +0000",1762047284.179207,-0.073914,-0.846786,-0.479248
"2025-11-02 01:34:44.189 +0000",1762047284.189244,-0.114716,-0.853912,-0.474091
"2025-11-02 01:34:44.199 +0000",1762047284.199279,-0.129898,-0.851852,-0.582321
"2025-11-02 01:34:44.209 +0000",1762047284.209316,-0.096542,-0.842484,-0.454544
"2025-11-02 01:34:44.219 +0000",1762047284.219351,-0.065765,-0.909073,-0.527740
"2025-11-02 01:34:44.229 +0000",1762047284.229389,-0.065445,-0.886536,-0.479370
"2025-11-02 01:34:44.239 +0000",1762047284.239424,-0.073105,-0.859573,-0.516830
"2025-11-02 01:34:44.249 +0000",1762047284.249459,-0.105881,-0.885010,-0.498886
"2025-11-02 01:34:44.259 +0000",1762047284.259495,-0.132065,-0.851746,-0.549179
"2025-11-02 01:34:44.270 +0000",1762047284.269531,-0.114059,-0.825775,-0.480316
"2025-11-02 01:34:44.280 +0000",1762047284.279567,-0.076874,-0.888901,-0.541504
"2025-11-02 01:34:44.290 +0000",1762047284.289603,-0.061218,-0.862213,-0.461609
"2025-11-02 01:34:44.300 +0000",1762047284.299640,-0.073898,-0.846085,-0.501953
"2025-11-02 01:34:44.310 +0000",1762047284.309676,-0.125031,-0.844833,-0.467651
"2025-11-02 01:34:44.320 +0000",1762047284.319712,-0.162018,-0.858200,-0.563858
"2025-11-02 01:34:44.330 +0000",1762047284.329748,-0.165314,-0.844742,-0.470810
"2025-11-02 01:34:44.340 +0000",1762047284.339784,-0.134415,-0.895889,-0.533218
"2025-11-02 01:34:44.350 +0000",1762047284.349820,-0.080582,-0.897079,-0.475357
"2025-11-02 01:34:44.360 +0000",1762047284.359856,-0.044632,-0.885529,-0.468887
"2025-11-02 01:34:44.370 +0000",1762047284.369893,-0.078476,-0.886230,-0.448700
"2025-11-02 01:34:44.380 +0000",1762047284.379928,-0.133804,-0.873352,-0.508514
"2025-11-02 01:34:44.390 +0000",1762047284.389963,-0.152985,-0.808640,-0.464203
"2025-11-02 01:34:44.400 +0000",1762047284.400001,-0.131165,-0.836884,-0.526520
"2025-11-02 01:34:44.410 +0000",1762047284.410036,-0.103302,-0.869415,-0.475967
"2025-11-02 01:34:44.420 +0000",1762047284.420071,-0.099747,-0.871246,-0.496780
"2025-11-02 01:34:44.430 +0000",1762047284.430107,-0.124237,-0.901764,-0.458130
"2025-11-02 01:34:44.440 +0000",1762047284.440144,-0.162491,-0.947998,-0.495972
"2025-11-02 01:34:44.450 +0000",1762047284.450180,-0.170425,-0.896454,-0.478638
"2025-11-02 01:34:44.460 +0000",1762047284.460216,-0.133575,-0.900024,-0.449371
"2025-11-02 01:34:44.470 +0000",1762047284.470253,-0.093643,-0.899078,-0.496750
"2025-11-02 01:34:44.480 +0000",1762047284.480288,-0.050629,-0.846893,-0.488174
"2025-11-02 01:34:44.490 +0000",1762047284.490324,-0.062149,-0.838684,-0.450195
"2025-11-02 01:34:44.500 +0000",1762047284.500360,-0.111450,-0.873871,-0.519775
"2025-11-02 01:34:44.510 +0000",1762047284.510396,-0.131546,-0.820251,-0.461304
"2025-11-02 01:34:44.520 +0000",1762047284.520433,-0.124329,-0.878769,-0.469452
"2025-11-02 01:34:44.530 +0000",1762047284.530470,-0.126785,-0.912628,-0.495834
"2025-11-02 01:34:44.541 +0000",1762047284.540505,-0.093216,-0.911270,-0.496521
"2025-11-02 01:34:44.551 +0000",1762047284.550540,-0.065536,-0.908981,-0.461426
"2025-11-02 01:34:44.561 +0000",1762047284.560577,-0.069275,-0.918198,-0.505173
"2025-11-02 01:34:44.571 +0000",1762047284.570613,-0.082428,-0.852127,-0.482651
"2025-11-02 01:34:44.581 +0000",1762047284.580648,-0.105301,-0.873917,-0.476501
"2025-11-02 01:34:44.591 +0000",1762047284.590684,-0.133545,-0.872681,-0.525421
"2025-11-02 01:34:44.601 +0000",1762047284.600721,-0.117371,-0.842316,-0.480835
"2025-11-02 01:34:44.611 +0000",1762047284.610757,-0.089340,-0.880447,-0.518417
"2025-11-02 01:34:44.621 +0000",1762047284.620792,-0.082001,-0.915573,-0.463669
"2025-11-02 01:34:44.631 +0000",1762047284.630830,-0.098221,-0.879974,-0.489868
"2025-11-02 01:34:44.641 +0000",1762047284.640866,-0.122101,-0.880249,-0.447327
"2025-11-02 01:34:44.651 +0000",1762047284.650902,-0.145050,-0.896408,-0.528519
"2025-11-02 01:34:44.661 +0000",1762047284.660937,-0.144562,-0.842651,-0.461411
"2025-11-02 01:34:44.671 +0000",1762047284.670974,-0.112946,-0.847900,-0.526978
"2025-11-02 01:34:44.681 +0000",1762047284.681008,-0.082123,-0.877136,-0.480896
"2025-11-02 01:34:44.691 +0000",1762047284.691044,-0.076172,-0.866776,-0.524872
"2025-11-02 01:34:44.701 +0000",1762047284.701081,-0.088058,-0.874634,-0.456360
"2025-11-02 01:34:44.711 +0000",1762047284.711117,-0.107391,-0.910858,-0.510040
"2025-11-02 01:34:44.721 +0000",1762047284.721153,-0.110123,-0.854126,-0.456192
"2025-11-02 01:34:44.731 +0000",1762047284.731190,-0.099945,-0.868256,-0.482422
"2025-11-02 01:34:44.741 +0000",1762047284.741226,-0.110275,-0.870560,-0.503906
"2025-11-02 01:34:44.751 +0000",1762047284.751261,-0.113754,-0.847900,-0.490234
"2025-11-02 01:34:44.761 +0000",1762047284.761297,-0.107986,-0.835052,-0.461349
"2025-11-02 01:34:44.771 +0000",1762047284.771334,-0.100403,-0.843018,-0.509140
"2025-11-02 01:34:44.781 +0000",1762047284.781369,-0.087082,-0.828506,-0.447403
"2025-11-02 01:34:44.791 +0000",1762047284.791405,-0.083206,-0.848572,-0.477982
"2025-11-02 01:34:44.801 +0000",1762047284.801442,-0.097794,-0.836349,-0.463867
"2025-11-02 01:34:44.811 +0000",1762047284.811477,-0.097153,-0.848389,-0.512650
"2025-11-02 01:34:44.822 +0000",1762047284.821514,-0.095520,-0.841690,-0.432266
"2025-11-02 01:34:44.832 +0000",1762047284.831552,-0.111450,-0.867142,-0.478714
"2025-11-02 01:34:44.842 +0000",1762047284.841586,-0.132278,-0.846970,-0.440598
"2025-11-02 01:34:44.852 +0000",1762047284.851623,-0.141891,-0.855759,-0.448563
"2025-11-02 01:34:44.862 +0000",1762047284.861658,-0.141266,-0.840210,-0.509293
"2025-11-02 01:34:44.872 +0000",1762047284.871694,-0.108810,-0.833786,-0.463516
"2025-11-02 01:34:44.882 +0000",1762047284.881729,-0.089539,-0.841843,-0.490158
"2025-11-02 01:34:44.892 +0000",1762047284.891766,-0.104141,-0.848755,-0.429001
"2025-11-02 01:34:44.902 +0000",1762047284.901803,-0.125854,-0.828384,-0.475571
"2025-11-02 01:34:44.912 +0000",1762047284.911839,-0.122803,-0.845612,-0.451736
"2025-11-02 01:34:44.922 +0000",1762047284.921874,-0.092865,-0.832733,-0.506378
"2025-11-02 01:34:44.932 +0000",1762047284.931911,-0.063522,-0.831955,-0.484467
"2025-11-02 01:34:44.942 +0000",1762047284.941947,-0.054535,-0.859070,-0.541016
"2025-11-02 01:34:44.952 +0000",1762047284.951982,-0.073242,-0.854050,-0.448883
"2025-11-02 01:34:44.962 +0000",1762047284.962018,-0.105484,-0.905396,-0.473190
"2025-11-02 01:34:44.972 +0000",1762047284.972054,-0.128967,-0.834106,-0.416977
"2025-11-02 01:34:44.982 +0000",1762047284.982090,-0.122543,-0.827469,-0.466446
"2025-11-02 01:34:44.992 +0000",1762047284.992126,-0.135345,-0.844376,-0.467957
"2025-11-02 01:34:45.002 +0000",1762047285.002163,-0.137970,-0.813080,-0.565170
"2025-11-02 01:34:45.012 +0000",1762047285.012199,-0.109451,-0.808304,-0.463104
"2025-11-02 01:34:45.022 +0000",1762047285.022235,-0.103729,-0.893677,-0.520065
"2025-11-02 01:34:45.032 +0000",1762047285.032271,-0.122009,-0.857162,-0.469406
"2025-11-02 01:34:45.042 +0000",1762047285.042306,-0.126389,-0.857178,-0.479660
"2025-11-02 01:34:45.052 +0000",1762047285.052342,-0.119049,-0.893097,-0.490311
"2025-11-02 01:34:45.062 +0000",1762047285.062379,-0.110794,-0.841843,-0.476318
"2025-11-02 01:34:45.072 +0000",1762047285.072414,-0.105072,-0.804367,-0.494354
"2025-11-02 01:34:45.082 +0000",1762047285.082451,-0.111633,-0.839264,-0.502975
"2025-11-02 01:34:45.092 +0000",1762047285.092487,-0.135925,-0.800690,-0.519272
"2025-11-02 01:34:45.103 +0000",1762047285.102524,-0.152267,-0.811432,-0.506958
"2025-11-02 01:34:45.113 +0000",1762047285.112558,-0.156189,-0.864609,-0.529282
"2025-11-02 01:34:45.123 +0000",1762047285.122595,-0.130371,-0.894730,-0.477707
"2025-11-02 01:34:45.133 +0000",1762047285.132631,-0.092667,-0.882919,-0.463562
"2025-11-02 01:34:45.143 +0000",1762047285.142666,-0.103699,-0.913559,-0.425613
"2025-11-02 01:34:45.153 +0000",1762047285.152702,-0.173599,-0.880569,-0.508972
"2025-11-02 01:34:45.163 +0000",1762047285.162739,-0.200851,-0.811340,-0.512085
"2025-11-02 01:34:45.173 +0000",1762047285.172776,-0.152374,-0.830582,-0.558228
"2025-11-02 01:34:45.183 +0000",1762047285.182810,-0.090591,-0.846695,-0.497696
"2025-11-02 01:34:45.193 +0000",1762047285.192847,-0.055984,-0.851242,-0.515289
"2025-11-02 01:34:45.203 +0000",1762047285.202883,-0.075607,-0.894638,-0.454178
"2025-11-02 01:34:45.213 +0000",1762047285.212919,-0.142136,-0.934036,-0.522064
"2025-11-02 01:34:45.223 +0000",1762047285.222955,-0.210541,-0.856415,-0.487122
"2025-11-02 01:34:45.233 +0000",1762047285.232993,-0.224503,-0.872177,-0.531021
"2025-11-02 01:34:45.243 +0000",1762047285.243027,-0.170410,-0.897537,-0.552582
"2025-11-02 01:34:45.253 +0000",1762047285.253063,-0.058334,-0.848404,-0.499023
"2025-11-02 01:34:45.263 +0000",1762047285.263099,-0.019638,-0.881073,-0.433594
"2025-11-02 01:34:45.273 +0000",1762047285.273134,-0.101532,-0.895935,-0.557755
"2025-11-02 01:34:45.283 +0000",1762047285.283171,-0.181931,-0.819305,-0.520737
"2025-11-02 01:34:45.293 +0000",1762047285.293206,-0.198456,-0.887848,-0.545486
"2025-11-02 01:34:45.303 +0000",1762047285.303242,-0.154282,-0.909988,-0.540756
"2025-11-02 01:34:45.313 +0000",1762047285.313278,-0.062775,-0.894623,-0.431885
"2025-11-02 01:34:45.323 +0000",1762047285.323315,-0.038315,-0.942673,-0.470779
"2025-11-02 01:34:45.333 +0000",1762047285.333352,-0.091415,-0.899567,-0.476456
"2025-11-02 01:34:45.343 +0000",1762047285.343388,-0.147354,-0.820862,-0.526413
"2025-11-02 01:34:45.353 +0000",1762047285.353423,-0.167923,-0.847336,-0.541367
"2025-11-02 01:34:45.363 +0000",1762047285.363460,-0.139160,-0.846420,-0.540466
"2025-11-02 01:34:45.373 +0000",1762047285.373495,-0.078308,-0.871078,-0.456360
"2025-11-02 01:34:45.384 +0000",1762047285.383531,-0.040482,-0.918167,-0.482452
"2025-11-02 01:34:45.394 +0000",1762047285.393567,-0.043076,-0.895554,-0.436432
"2025-11-02 01:34:45.404 +0000",1762047285.403604,-0.094955,-0.862381,-0.495758
"2025-11-02 01:34:45.414 +0000",1762047285.413639,-0.164764,-0.852112,-0.526672
"2025-11-02 01:34:45.424 +0000",1762047285.423674,-0.177261,-0.858139,-0.568466
"2025-11-02 01:34:45.434 +0000",1762047285.433711,-0.121063,-0.864243,-0.524414
"2025-11-02 01:34:45.444 +0000",1762047285.443747,-0.045731,-0.919189,-0.501907
"2025-11-02 01:34:45.454 +0000",1762047285.453784,-0.016632,-0.920563,-0.460968
"2025-11-02 01:34:45.464 +0000",1762047285.463819,-0.072647,-0.902878,-0.465210
"2025-11-02 01:34:45.474 +0000",1762047285.473856,-0.159378,-0.889648,-0.509247
"2025-11-02 01:34:45.484 +0000",1762047285.483891,-0.182114,-0.876831,-0.547897
"2025-11-02 01:34:45.494 +0000",1762047285.493927,-0.132568,-0.842789,-0.498291
"2025-11-02 01:34:45.504 +0000",1762047285.503963,-0.067184,-0.892639,-0.501099
"2025-11-02 01:34:45.514 +0000",1762047285.514000,-0.023743,-0.858154,-0.482712
"2025-11-02 01:34:45.524 +0000",1762047285.524035,-0.045532,-0.861542,-0.493225
"2025-11-02 01:34:45.534 +0000",1762047285.534073,-0.105789,-0.899094,-0.570129
"2025-11-02 01:34:45.544 +0000",1762047285.544106,-0.152298,-0.882645,-0.490784
"2025-11-02 01:34:45.554 +0000",1762047285.554142,-0.154251,-0.901947,-0.552719
"2025-11-02 01:34:45.564 +0000",1762047285.564181,-0.103043,-0.918839,-0.449188
"2025-11-02 01:34:45.574 +0000",1762047285.574216,-0.047760,-0.909653,-0.498947
"2025-11-02 01:34:45.584 +0000",1762047285.584252,-0.038895,-0.848083,-0.419754
"2025-11-02 01:34:45.594 +0000",1762047285.594287,-0.091034,-0.868454,-0.472153
"2025-11-02 01:34:45.604 +0000",1762047285.604325,-0.171890,-0.799805,-0.510635
"2025-11-02 01:34:45.614 +0000",1762047285.614359,-0.187500,-0.769119,-0.549957
"2025-11-02 01:34:45.624 +0000",1762047285.624395,-0.117264,-0.854233,-0.521866
"2025-11-02 01:34:45.634 +0000",1762047285.634432,-0.055008,-0.894165,-0.471786
"2025-11-02 01:34:45.644 +0000",1762047285.644467,-0.073624,-0.893387,-0.446350
"2025-11-02 01:34:45.655 +0000",1762047285.654503,-0.144852,-0.936462,-0.478714
"2025-11-02 01:34:45.665 +0000",1762047285.664559,-0.180801,-0.888306,-0.479828
"2025-11-02 01:34:45.675 +0000",1762047285.674575,-0.162949,-0.829666,-0.450089
"2025-11-02 01:34:45.685 +0000",1762047285.684611,-0.100128,-0.838089,-0.517822
"2025-11-02 01:34:45.695 +0000",1762047285.694648,-0.049301,-0.818649,-0.448166
"2025-11-02 01:34:45.705 +0000",1762047285.704684,-0.069702,-0.808426,-0.495987
"2025-11-02 01:34:45.715 +0000",1762047285.714719,-0.132446,-0.840836,-0.498611
"2025-11-02 01:34:45.725 +0000",1762047285.724755,-0.194580,-0.861923,-0.562897
"2025-11-02 01:34:45.735 +0000",1762047285.734792,-0.192062,-0.882385,-0.496643
"2025-11-02 01:34:45.745 +0000",1762047285.744828,-0.159576,-0.962814,-0.473557
"2025-11-02 01:34:45.755 +0000",1762047285.754863,-0.132095,-0.963486,-0.469193
"2025-11-02 01:34:45.765 +0000",1762047285.764900,-0.093262,-0.930435,-0.460709
"2025-11-02 01:34:45.775 +0000",1762047285.774936,-0.087646,-0.890305,-0.454346
"2025-11-02 01:34:45.785 +0000",1762047285.784971,-0.112289,-0.814209,-0.540466
"2025-11-02 01:34:45.795 +0000",1762047285.795007,-0.110992,-0.760941,-0.535202
"2025-11-02 01:34:45.805 +0000",1762047285.805043,-0.095627,-0.827545,-0.513535
"2025-11-02 01:34:45.815 +0000",1762047285.815080,-0.095520,-0.850494,-0.533752
"2025-11-02 01:34:45.825 +0000",1762047285.825115,-0.101242,-0.889557,-0.506775
"2025-11-02 01:34:45.835 +0000",1762047285.835152,-0.149963,-0.945160,-0.508026
"2025-11-02 01:34:45.845 +0000",1762047285.845188,-0.193222,-0.978683,-0.513519
"2025-11-02 01:34:45.855 +0000",1762047285.855224,-0.204269,-0.930557,-0.422089
"2025-11-02 01:34:45.865 +0000",1762047285.865260,-0.167572,-0.932892,-0.486084
"2025-11-02 01:34:45.875 +0000",1762047285.875296,-0.085739,-0.860947,-0.452209
"2025-11-02 01:34:45.885 +0000",1762047285.885332,-0.050690,-0.779617,-0.430450
"2025-11-02 01:34:45.895 +0000",1762047285.895369,-0.091415,-0.774857,-0.532913
"2025-11-02 01:34:45.905 +0000",1762047285.905404,-0.144577,-0.747055,-0.486084
"2025-11-02 01:34:45.915 +0000",1762047285.915439,-0.172226,-0.780411,-0.505798
"2025-11-02 01:34:45.925 +0000",1762047285.925475,-0.169189,-0.859421,-0.468628
"2025-11-02 01:34:45.936 +0000",1762047285.935514,-0.130661,-0.906799,-0.469849
"2025-11-02 01:34:45.946 +0000",1762047285.945548,-0.084976,-0.910187,-0.415314
"2025-11-02 01:34:45.956 +0000",1762047285.955584,-0.095169,-0.932785,-0.429092
"2025-11-02 01:34:45.966 +0000",1762047285.965621,-0.157196,-0.876907,-0.474487
"2025-11-02 01:34:45.976 +0000",1762047285.975656,-0.211334,-0.821671,-0.497986
"2025-11-02 01:34:45.986 +0000",1762047285.985693,-0.188400,-0.815536,-0.510361
"2025-11-02 01:34:45.996 +0000",1762047285.995728,-0.112305,-0.825195,-0.451797
"2025-11-02 01:34:46.006 +0000",1762047286.005764,-0.069504,-0.827499,-0.428436
"2025-11-02 01:34:46.016 +0000",1762047286.015800,-0.080002,-0.865814,-0.406769
"2025-11-02 01:34:46.026 +0000",1762047286.025836,-0.154465,-0.887512,-0.510681
"2025-11-02 01:34:46.036 +0000",1762047286.035872,-0.225845,-0.868530,-0.559326
"2025-11-02 01:34:46.046 +0000",1762047286.045908,-0.186371,-0.889999,-0.516403
"2025-11-02 01:34:46.056 +0000",1762047286.055943,-0.109161,-0.915298,-0.436600
"2025-11-02 01:34:46.066 +0000",1762047286.065980,-0.068192,-0.940933,-0.470016
"2025-11-02 01:34:46.076 +0000",1762047286.076017,-0.067413,-0.885025,-0.397812
"2025-11-02 01:34:46.086 +0000",1762047286.086052,-0.109787,-0.858856,-0.486343
"2025-11-02 01:34:46.096 +0000",1762047286.096088,-0.176834,-0.816422,-0.496506
"2025-11-02 01:34:46.106 +0000",1762047286.106124,-0.206528,-0.811844,-0.521881
"2025-11-02 01:34:46.116 +0000",1762047286.116161,-0.168213,-0.825577,-0.509521
"2025-11-02 01:34:46.126 +0000",1762047286.126195,-0.101089,-0.911942,-0.477600
"2025-11-02 01:34:46.136 +0000",1762047286.136232,-0.043655,-0.897064,-0.494217
"2025-11-02 01:34:46.146 +0000",1762047286.146268,-0.035660,-0.879745,-0.409988
"2025-11-02 01:34:46.156 +0000",1762047286.156304,-0.101151,-0.911148,-0.537445
"2025-11-02 01:34:46.166 +0000",1762047286.166340,-0.171219,-0.817978,-0.487823
"2025-11-02 01:34:46.176 +0000",1762047286.176376,-0.178741,-0.815414,-0.526978
"2025-11-02 01:34:46.186 +0000",1762047286.186411,-0.130081,-0.837341,-0.516495
"2025-11-02 01:34:46.196 +0000",1762047286.196448,-0.048843,-0.821960,-0.550079
"2025-11-02 01:34:46.206 +0000",1762047286.206484,-0.003891,-0.850708,-0.506546
"2025-11-02 01:34:46.217 +0000",1762047286.216520,-0.051926,-0.916000,-0.497330
"2025-11-02 01:34:46.227 +0000",1762047286.226556,-0.160004,-0.868042,-0.466034
"2025-11-02 01:34:46.237 +0000",1762047286.236593,-0.220825,-0.890915,-0.489258
"2025-11-02 01:34:46.247 +0000",1762047286.246629,-0.183594,-0.860809,-0.500320
"2025-11-02 01:34:46.257 +0000",1762047286.256664,-0.079300,-0.841812,-0.494568
"2025-11-02 01:34:46.267 +0000",1762047286.266701,-0.029800,-0.853119,-0.517670
"2025-11-02 01:34:46.277 +0000",1762047286.276736,-0.086136,-0.838303,-0.441223
"2025-11-02 01:34:46.287 +0000",1762047286.286771,-0.220718,-0.856064,-0.536972
"2025-11-02 01:34:46.297 +0000",1762047286.296808,-0.263565,-0.852356,-0.551682
"2025-11-02 01:34:46.307 +0000",1762047286.306845,-0.162338,-0.904099,-0.460220
"2025-11-02 01:34:46.317 +0000",1762047286.316880,-0.090591,-0.915268,-0.426270
"2025-11-02 01:34:46.327 +0000",1762047286.326915,-0.076050,-0.925339,-0.447601
"2025-11-02 01:34:46.337 +0000",1762047286.336953,-0.124725,-0.854965,-0.426071
"2025-11-02 01:34:46.347 +0000",1762047286.346987,-0.192032,-0.829147,-0.510941
"2025-11-02 01:34:46.357 +0000",1762047286.357025,-0.184845,-0.782425,-0.526550
"2025-11-02 01:34:46.367 +0000",1762047286.367060,-0.128220,-0.795944,-0.453384
"2025-11-02 01:34:46.377 +0000",1762047286.377096,-0.121185,-0.841125,-0.471069
"2025-11-02 01:34:46.387 +0000",1762047286.387132,-0.140213,-0.909943,-0.468338
"2025-11-02 01:34:46.397 +0000",1762047286.397169,-0.175735,-0.893463,-0.431870
"2025-11-02 01:34:46.407 +0000",1762047286.407206,-0.215820,-0.902512,-0.445190
"2025-11-02 01:34:46.417 +0000",1762047286.417240,-0.193512,-0.914612,-0.487259
"2025-11-02 01:34:46.427 +0000",1762047286.427277,-0.136627,-0.831680,-0.420166
"2025-11-02 01:34:46.437 +0000",1762047286.437312,-0.091476,-0.882446,-0.452957
"2025-11-02 01:34:46.447 +0000",1762047286.447348,-0.076584,-0.842606,-0.451859
"2025-11-02 01:34:46.457 +0000",1762047286.457385,-0.104889,-0.773178,-0.486023
"2025-11-02 01:34:46.467 +0000",1762047286.467420,-0.172195,-0.813828,-0.505875
"2025-11-02 01:34:46.477 +0000",1762047286.477455,-0.215378,-0.872192,-0.518082
"2025-11-02 01:34:46.487 +0000",1762047286.487493,-0.189667,-0.865250,-0.424133
"2025-11-02 01:34:46.498 +0000",1762047286.497528,-0.118332,-0.968582,-0.457840
"2025-11-02 01:34:46.508 +0000",1762047286.507565,-0.052002,-0.934998,-0.416718
"2025-11-02 01:34:46.518 +0000",1762047286.517600,-0.054428,-0.814835,-0.370483
"2025-11-02 01:34:46.528 +0000",1762047286.527636,-0.134277,-0.831909,-0.550110
"2025-11-02 01:34:46.538 +0000",1762047286.537671,-0.207031,-0.796677,-0.570572
"2025-11-02 01:34:46.548 +0000",1762047286.547708,-0.197052,-0.779846,-0.548859
"2025-11-02 01:34:46.558 +0000",1762047286.557744,-0.129532,-0.861877,-0.470276
"2025-11-02 01:34:46.568 +0000",1762047286.567780,-0.098282,-0.937469,-0.426376
"2025-11-02 01:34:46.578 +0000",1762047286.577816,-0.127213,-0.917801,-0.424713
"2025-11-02 01:34:46.588 +0000",1762047286.587852,-0.186859,-0.914581,-0.412827
"2025-11-02 01:34:46.598 +0000",1762047286.597888,-0.216431,-0.914764,-0.516327
"2025-11-02 01:34:46.608 +0000",1762047286.607924,-0.183258,-0.804626,-0.492126
"2025-11-02 01:34:46.618 +0000",1762047286.617960,-0.122665,-0.810791,-0.521179
"2025-11-02 01:34:46.628 +0000",1762047286.627996,-0.093674,-0.855865,-0.530319
"2025-11-02 01:34:46.638 +0000",1762047286.638032,-0.114822,-0.824860,-0.457336
"2025-11-02 01:34:46.648 +0000",1762047286.648068,-0.166122,-0.876785,-0.471970
"2025-11-02 01:34:46.658 +0000",1762047286.658104,-0.204895,-0.900909,-0.432404
"2025-11-02 01:34:46.668 +0000",1762047286.668141,-0.207092,-0.857361,-0.448730
"2025-11-02 01:34:46.678 +0000",1762047286.678176,-0.177963,-0.874222,-0.446411
"2025-11-02 01:34:46.688 +0000",1762047286.688212,-0.160873,-0.857040,-0.461090
"2025-11-02 01:34:46.698 +0000",1762047286.698248,-0.161987,-0.806702,-0.498352
"2025-11-02 01:34:46.708 +0000",1762047286.708284,-0.159058,-0.817871,-0.516434
"2025-11-02 01:34:46.718 +0000",1762047286.718320,-0.165833,-0.846283,-0.496307
"2025-11-02 01:34:46.728 +0000",1762047286.728356,-0.180603,-0.853302,-0.495026
"2025-11-02 01:34:46.738 +0000",1762047286.738392,-0.174164,-0.890152,-0.446945
"2025-11-02 01:34:46.748 +0000",1762047286.748428,-0.167358,-0.940887,-0.428009
"2025-11-02 01:34:46.758 +0000",1762047286.758463,-0.158936,-0.858673,-0.460678
"2025-11-02 01:34:46.769 +0000",1762047286.768501,-0.125381,-0.832901,-0.468124
"2025-11-02 01:34:46.779 +0000",1762047286.778535,-0.132584,-0.856445,-0.502686
"2025-11-02 01:34:46.789 +0000",1762047286.788571,-0.165131,-0.777847,-0.498413
"2025-11-02 01:34:46.799 +0000",1762047286.798608,-0.160828,-0.781998,-0.470856
"2025-11-02 01:34:46.809 +0000",1762047286.808644,-0.142593,-0.864761,-0.447296
"2025-11-02 01:34:46.819 +0000",1762047286.818680,-0.128693,-0.864212,-0.516754
"2025-11-02 01:34:46.829 +0000",1762047286.828717,-0.092377,-0.848389,-0.406006
"2025-11-02 01:34:46.839 +0000",1762047286.838753,-0.102432,-0.946396,-0.466019
"2025-11-02 01:34:46.849 +0000",1762047286.848788,-0.153961,-0.876434,-0.509430
"2025-11-02 01:34:46.859 +0000",1762047286.858823,-0.167770,-0.845016,-0.466095
"2025-11-02 01:34:46.869 +0000",1762047286.868862,-0.152222,-0.899078,-0.494873
"2025-11-02 01:34:46.879 +0000",1762047286.878897,-0.118469,-0.831924,-0.428360
"2025-11-02 01:34:46.889 +0000",1762047286.888932,-0.087555,-0.808365,-0.444855
"2025-11-02 01:34:46.899 +0000",1762047286.898968,-0.109909,-0.864670,-0.457718
"2025-11-02 01:34:46.909 +0000",1762047286.909004,-0.165451,-0.845779,-0.517181
"2025-11-02 01:34:46.919 +0000",1762047286.919039,-0.187592,-0.815399,-0.500336
"2025-11-02 01:34:46.929 +0000",1762047286.929076,-0.173279,-0.903168,-0.479431
"2025-11-02 01:34:46.939 +0000",1762047286.939111,-0.161453,-0.908783,-0.490646
"2025-11-02 01:34:46.949 +0000",1762047286.949147,-0.127914,-0.883423,-0.437042
"2025-11-02 01:34:46.959 +0000",1762047286.959183,-0.111572,-0.915970,-0.426086
"2025-11-02 01:34:46.969 +0000",1762047286.969219,-0.118271,-0.852753,-0.503586
"2025-11-02 01:34:46.979 +0000",1762047286.979256,-0.119400,-0.770294,-0.501205
"2025-11-02 01:34:46.989 +0000",1762047286.989292,-0.110245,-0.836655,-0.538101
"2025-11-02 01:34:46.999 +0000",1762047286.999327,-0.106689,-0.834763,-0.533066
"2025-11-02 01:34:47.009 +0000",1762047287.009365,-0.086502,-0.856903,-0.485458
"2025-11-02 01:34:47.019 +0000",1762047287.019400,-0.092087,-0.939117,-0.503296
"2025-11-02 01:34:47.029 +0000",1762047287.029435,-0.128876,-0.914322,-0.484924
"2025-11-02 01:34:47.039 +0000",1762047287.039473,-0.158447,-0.903137,-0.504074
"2025-11-02 01:34:47.050 +0000",1762047287.049508,-0.161331,-0.913010,-0.510071
"2025-11-02 01:34:47.060 +0000",1762047287.059544,-0.130020,-0.878082,-0.512238
"2025-11-02 01:34:47.070 +0000",1762047287.069580,-0.080872,-0.860504,-0.496414
"2025-11-02 01:34:47.080 +0000",1762047287.079616,-0.052444,-0.848328,-0.514832
"2025-11-02 01:34:47.090 +0000",1762047287.089652,-0.045319,-0.804901,-0.547943
"2025-11-02 01:34:47.100 +0000",1762047287.099688,-0.053574,-0.832291,-0.518265
"2025-11-02 01:34:47.110 +0000",1762047287.109723,-0.111740,-0.876434,-0.532059
"2025-11-02 01:34:47.120 +0000",1762047287.119759,-0.151855,-0.861649,-0.543167
"2025-11-02 01:34:47.130 +0000",1762047287.129795,-0.122391,-0.905441,-0.475784
"2025-11-02 01:34:47.140 +0000",1762047287.139831,-0.089111,-0.950089,-0.501282
"2025-11-02 01:34:47.150 +0000",1762047287.149866,-0.080902,-0.863129,-0.445068
"2025-11-02 01:34:47.160 +0000",1762047287.159903,-0.114838,-0.872650,-0.478226
"2025-11-02 01:34:47.170 +0000",1762047287.169940,-0.167130,-0.864212,-0.518173
"2025-11-02 01:34:47.180 +0000",1762047287.179975,-0.178757,-0.777695,-0.486496
"2025-11-02 01:34:47.190 +0000",1762047287.190012,-0.121964,-0.805664,-0.512604
"2025-11-02 01:34:47.200 +0000",1762047287.200048,-0.066330,-0.863022,-0.463577
"2025-11-02 01:34:47.210 +0000",1762047287.210084,-0.068756,-0.841812,-0.482727
"2025-11-02 01:34:47.220 +0000",1762047287.220119,-0.119492,-0.866776,-0.437744
"2025-11-02 01:34:47.230 +0000",1762047287.230156,-0.180878,-0.916931,-0.499725
"2025-11-02 01:34:47.240 +0000",1762047287.240191,-0.202835,-0.845413,-0.490326
"2025-11-02 01:34:47.250 +0000",1762047287.250228,-0.147003,-0.855759,-0.464737
"2025-11-02 01:34:47.260 +0000",1762047287.260263,-0.081146,-0.901382,-0.467743
"2025-11-02 01:34:47.270 +0000",1762047287.270299,-0.058350,-0.840469,-0.460831
"2025-11-02 01:34:47.280 +0000",1762047287.280335,-0.063599,-0.833359,-0.468719
"2025-11-02 01:34:47.290 +0000",1762047287.290372,-0.093948,-0.864685,-0.508987
"2025-11-02 01:34:47.300 +0000",1762047287.300408,-0.127960,-0.824921,-0.516357
"2025-11-02 01:34:47.310 +0000",1762047287.310443,-0.131027,-0.855667,-0.482483
"2025-11-02 01:34:47.320 +0000",1762047287.320479,-0.112381,-0.927277,-0.467789
"2025-11-02 01:34:47.331 +0000",1762047287.330515,-0.094223,-0.899811,-0.446732
"2025-11-02 01:34:47.341 +0000",1762047287.340551,-0.085968,-0.888092,-0.480362
"2025-11-02 01:34:47.351 +0000",1762047287.350586,-0.081329,-0.890594,-0.484497
"2025-11-02 01:34:47.361 +0000",1762047287.360622,-0.102493,-0.834503,-0.485001
"2025-11-02 01:34:47.371 +0000",1762047287.370660,-0.123184,-0.830093,-0.518661
"2025-11-02 01:34:47.381 +0000",1762047287.380696,-0.117279,-0.876831,-0.540131
"2025-11-02 01:34:47.391 +0000",1762047287.390732,-0.088913,-0.867920,-0.497650
"2025-11-02 01:34:47.401 +0000",1762047287.400767,-0.069962,-0.892044,-0.471313
"2025-11-02 01:34:47.411 +0000",1762047287.410805,-0.078888,-0.916733,-0.494827
"2025-11-02 01:34:47.421 +0000",1762047287.420839,-0.098770,-0.864243,-0.468903
"2025-11-02 01:34:47.431 +0000",1762047287.430876,-0.114670,-0.883575,-0.487183
"2025-11-02 01:34:47.441 +0000",1762047287.440912,-0.111908,-0.852341,-0.516006
"2025-11-02 01:34:47.451 +0000",1762047287.450948,-0.092010,-0.809433,-0.511032
"2025-11-02 01:34:47.461 +0000",1762047287.460984,-0.091125,-0.844330,-0.540833
"2025-11-02 01:34:47.471 +0000",1762047287.471020,-0.116653,-0.840805,-0.501617
"2025-11-02 01:34:47.481 +0000",1762047287.481056,-0.149002,-0.872223,-0.509430
"2025-11-02 01:34:47.491 +0000",1762047287.491091,-0.156769,-0.909821,-0.476456
"2025-11-02 01:34:47.501 +0000",1762047287.501128,-0.134048,-0.898514,-0.468643
"2025-11-02 01:34:47.511 +0000",1762047287.511164,-0.101440,-0.869812,-0.486145
"2025-11-02 01:34:47.521 +0000",1762047287.521199,-0.097458,-0.860962,-0.452026
"2025-11-02 01:34:47.531 +0000",1762047287.531236,-0.132690,-0.842667,-0.520523
"2025-11-02 01:34:47.541 +0000",1762047287.541272,-0.145309,-0.790100,-0.517715
"2025-11-02 01:34:47.551 +0000",1762047287.551307,-0.112198,-0.829712,-0.525925
"2025-11-02 01:34:47.561 +0000",1762047287.561342,-0.086777,-0.853867,-0.520477
"2025-11-02 01:34:47.571 +0000",1762047287.571379,-0.084579,-0.874451,-0.524521
"2025-11-02 01:34:47.581 +0000",1762047287.581415,-0.096893,-0.924789,-0.463196
"2025-11-02 01:34:47.591 +0000",1762047287.591452,-0.140488,-0.925690,-0.472687
"2025-11-02 01:34:47.601 +0000",1762047287.601488,-0.174026,-0.877014,-0.490082
"2025-11-02 01:34:47.612 +0000",1762047287.611524,-0.154419,-0.861237,-0.494659
"2025-11-02 01:34:47.622 +0000",1762047287.621559,-0.121506,-0.845276,-0.492569
"2025-11-02 01:34:47.632 +0000",1762047287.631596,-0.111221,-0.816910,-0.483826
"2025-11-02 01:34:47.642 +0000",1762047287.641632,-0.112289,-0.818192,-0.485947
"2025-11-02 01:34:47.652 +0000",1762047287.651667,-0.131851,-0.844681,-0.478943
"2025-11-02 01:34:47.662 +0000",1762047287.661703,-0.140961,-0.856674,-0.527222
"2025-11-02 01:34:47.672 +0000",1762047287.671740,-0.129959,-0.873962,-0.450302
"2025-11-02 01:34:47.682 +0000",1762047287.681775,-0.119034,-0.930252,-0.518845
"2025-11-02 01:34:47.692 +0000",1762047287.691811,-0.103333,-0.904541,-0.461472
"2025-11-02 01:34:47.702 +0000",1762047287.701848,-0.108215,-0.900146,-0.466354
"2025-11-02 01:34:47.712 +0000",1762047287.711884,-0.129990,-0.888748,-0.492691
"2025-11-02 01:34:47.722 +0000",1762047287.721919,-0.131363,-0.831009,-0.471512
"2025-11-02 01:34:47.732 +0000",1762047287.731956,-0.127975,-0.818192,-0.475021
"2025-11-02 01:34:47.742 +0000",1762047287.741990,-0.106995,-0.835159,-0.466904
"2025-11-02 01:34:47.752 +0000",1762047287.752026,-0.109329,-0.835251,-0.448563
"2025-11-02 01:34:47.762 +0000",1762047287.762063,-0.123596,-0.859161,-0.486221
"2025-11-02 01:34:47.772 +0000",1762047287.772099,-0.144638,-0.862457,-0.453583
"2025-11-02 01:34:47.782 +0000",1762047287.782134,-0.166138,-0.879379,-0.493561
"2025-11-02 01:34:47.792 +0000",1762047287.792171,-0.167892,-0.893463,-0.477249
"2025-11-02 01:34:47.802 +0000",1762047287.802207,-0.141235,-0.902786,-0.447433
"2025-11-02 01:34:47.812 +0000",1762047287.812243,-0.109726,-0.893539,-0.449173
"2025-11-02 01:34:47.822 +0000",1762047287.822279,-0.114319,-0.852646,-0.428284
"2025-11-02 01:34:47.832 +0000",1762047287.832316,-0.133591,-0.828979,-0.515961
"2025-11-02 01:34:47.842 +0000",1762047287.842351,-0.127991,-0.811661,-0.479233
"2025-11-02 01:34:47.852 +0000",1762047287.852387,-0.116440,-0.824554,-0.482605
"2025-11-02 01:34:47.862 +0000",1762047287.862424,-0.112717,-0.849579,-0.470154
"2025-11-02 01:34:47.872 +0000",1762047287.872460,-0.109222,-0.879257,-0.481613
"2025-11-02 01:34:47.882 +0000",1762047287.882494,-0.113235,-0.873810,-0.478241
"2025-11-02 01:34:47.893 +0000",1762047287.892531,-0.125092,-0.904572,-0.491348
"2025-11-02 01:34:47.903 +0000",1762047287.902568,-0.136276,-0.899139,-0.494949
"2025-11-02 01:34:47.913 +0000",1762047287.912603,-0.137695,-0.866333,-0.473434
"2025-11-02 01:34:47.923 +0000",1762047287.922638,-0.125671,-0.881699,-0.483490
"2025-11-02 01:34:47.933 +0000",1762047287.932674,-0.113235,-0.857559,-0.471024
"2025-11-02 01:34:47.943 +0000",1762047287.942711,-0.123230,-0.821167,-0.466248
"2025-11-02 01:34:47.953 +0000",1762047287.952746,-0.123505,-0.826614,-0.519119
"2025-11-02 01:34:47.963 +0000",1762047287.962782,-0.114746,-0.827881,-0.492264
"2025-11-02 01:34:47.973 +0000",1762047287.972818,-0.115448,-0.856445,-0.522049
"2025-11-02 01:34:47.983 +0000",1762047287.982855,-0.119827,-0.881104,-0.495667
"2025-11-02 01:34:47.993 +0000",1762047287.992891,-0.121475,-0.925995,-0.505692
"2025-11-02 01:34:48.003 +0000",1762047288.002928,-0.143570,-0.913635,-0.482376
"2025-11-02 01:34:48.013 +0000",1762047288.012963,-0.166382,-0.906723,-0.475342
"2025-11-02 01:34:48.023 +0000",1762047288.022999,-0.167267,-0.889694,-0.491135
"2025-11-02 01:34:48.033 +0000",1762047288.033036,-0.143204,-0.848663,-0.490265
"2025-11-02 01:34:48.043 +0000",1762047288.043071,-0.112534,-0.817917,-0.494522
"2025-11-02 01:34:48.053 +0000",1762047288.053106,-0.111725,-0.815170,-0.507797
"2025-11-02 01:34:48.063 +0000",1762047288.063143,-0.133347,-0.819229,-0.527069
"2025-11-02 01:34:48.073 +0000",1762047288.073179,-0.155914,-0.827744,-0.491669
"2025-11-02 01:34:48.083 +0000",1762047288.083215,-0.166885,-0.888260,-0.540131
"2025-11-02 01:34:48.093 +0000",1762047288.093251,-0.154709,-0.893570,-0.459305
"2025-11-02 01:34:48.103 +0000",1762047288.103286,-0.139282,-0.921051,-0.473999
"2025-11-02 01:34:48.113 +0000",1762047288.113322,-0.123642,-0.903778,-0.454803
"2025-11-02 01:34:48.123 +0000",1762047288.123358,-0.112305,-0.862564,-0.460876
"2025-11-02 01:34:48.133 +0000",1762047288.133394,-0.127258,-0.838837,-0.507385
"2025-11-02 01:34:48.143 +0000",1762047288.143430,-0.139618,-0.798920,-0.529724
"2025-11-02 01:34:48.153 +0000",1762047288.153467,-0.134079,-0.809296,-0.490524
"2025-11-02 01:34:48.164 +0000",1762047288.163503,-0.138443,-0.838867,-0.486938
"2025-11-02 01:34:48.174 +0000",1762047288.173538,-0.137772,-0.868164,-0.470398
"2025-11-02 01:34:48.184 +0000",1762047288.183574,-0.109726,-0.882477,-0.445343
"2025-11-02 01:34:48.194 +0000",1762047288.193611,-0.098282,-0.881424,-0.428406
"2025-11-02 01:34:48.204 +0000",1762047288.203647,-0.102768,-0.865753,-0.498581
"2025-11-02 01:34:48.214 +0000",1762047288.213682,-0.111282,-0.834793,-0.458908
"2025-11-02 01:34:48.224 +0000",1762047288.223719,-0.127121,-0.850998,-0.488358
"2025-11-02 01:34:48.234 +0000",1762047288.233755,-0.132126,-0.808411,-0.497055
"2025-11-02 01:34:48.244 +0000",1762047288.243790,-0.102524,-0.845810,-0.484863
"2025-11-02 01:34:48.254 +0000",1762047288.253826,-0.088028,-0.870697,-0.485931
"2025-11-02 01:34:48.264 +0000",1762047288.263863,-0.111237,-0.873795,-0.451035
"2025-11-02 01:34:48.274 +0000",1762047288.273899,-0.148804,-0.905426,-0.485016
"2025-11-02 01:34:48.284 +0000",1762047288.283934,-0.162521,-0.885422,-0.478241
"2025-11-02 01:34:48.294 +0000",1762047288.293970,-0.144897,-0.877274,-0.463058
"2025-11-02 01:34:48.304 +0000",1762047288.304006,-0.104080,-0.863174,-0.470337
"2025-11-02 01:34:48.314 +0000",1762047288.314042,-0.072205,-0.847000,-0.474823
"2025-11-02 01:34:48.324 +0000",1762047288.324077,-0.083038,-0.833572,-0.508026
"2025-11-02 01:34:48.334 +0000",1762047288.334113,-0.116287,-0.878494,-0.505508
"2025-11-02 01:34:48.344 +0000",1762047288.344149,-0.154037,-0.867752,-0.487076
"2025-11-02 01:34:48.354 +0000",1762047288.354185,-0.159409,-0.870041,-0.471893
"2025-11-02 01:34:48.364 +0000",1762047288.364223,-0.122330,-0.935028,-0.492233
"2025-11-02 01:34:48.374 +0000",1762047288.374258,-0.087830,-0.870544,-0.447235
"2025-11-02 01:34:48.384 +0000",1762047288.384294,-0.090851,-0.885315,-0.469620
"2025-11-02 01:34:48.394 +0000",1762047288.394331,-0.124420,-0.879440,-0.507401
"2025-11-02 01:34:48.404 +0000",1762047288.404366,-0.144470,-0.804184,-0.494766
"2025-11-02 01:34:48.414 +0000",1762047288.414402,-0.133865,-0.834793,-0.523682
"2025-11-02 01:34:48.424 +0000",1762047288.424439,-0.101013,-0.863846,-0.488052
"2025-11-02 01:34:48.434 +0000",1762047288.434475,-0.086365,-0.871033,-0.471786
"2025-11-02 01:34:48.445 +0000",1762047288.444510,-0.101608,-0.884644,-0.479630
"2025-11-02 01:34:48.455 +0000",1762047288.454546,-0.131241,-0.923813,-0.475677
"2025-11-02 01:34:48.465 +0000",1762047288.464582,-0.174362,-0.878906,-0.515930
"2025-11-02 01:34:48.475 +0000",1762047288.474619,-0.172668,-0.836395,-0.518387
"2025-11-02 01:34:48.485 +0000",1762047288.484653,-0.116501,-0.885880,-0.527252
"2025-11-02 01:34:48.495 +0000",1762047288.494690,-0.078537,-0.834778,-0.457642
"2025-11-02 01:34:48.505 +0000",1762047288.504726,-0.103836,-0.856155,-0.455383
"2025-11-02 01:34:48.515 +0000",1762047288.514763,-0.162247,-0.839233,-0.513504
"2025-11-02 01:34:48.525 +0000",1762047288.524798,-0.169510,-0.801086,-0.491089
"2025-11-02 01:34:48.535 +0000",1762047288.534835,-0.142914,-0.849579,-0.511520
"2025-11-02 01:34:48.545 +0000",1762047288.544871,-0.110001,-0.852539,-0.504059
"2025-11-02 01:34:48.555 +0000",1762047288.554907,-0.079773,-0.890518,-0.471481
"2025-11-02 01:34:48.565 +0000",1762047288.564944,-0.093506,-0.914825,-0.503922
"2025-11-02 01:34:48.575 +0000",1762047288.574979,-0.123596,-0.889847,-0.481812
"2025-11-02 01:34:48.585 +0000",1762047288.585014,-0.151474,-0.852325,-0.485016
"2025-11-02 01:34:48.595 +0000",1762047288.595051,-0.136322,-0.861649,-0.499634
"2025-11-02 01:34:48.605 +0000",1762047288.605086,-0.105682,-0.840729,-0.462280
"2025-11-02 01:34:48.615 +0000",1762047288.615122,-0.084213,-0.814606,-0.487595
"2025-11-02 01:34:48.625 +0000",1762047288.625158,-0.092575,-0.847778,-0.453384
"2025-11-02 01:34:48.635 +0000",1762047288.635196,-0.136368,-0.832840,-0.516571
"2025-11-02 01:34:48.645 +0000",1762047288.645230,-0.163971,-0.820267,-0.490067
"2025-11-02 01:34:48.655 +0000",1762047288.655266,-0.133392,-0.889099,-0.499893
"2025-11-02 01:34:48.665 +0000",1762047288.665303,-0.084991,-0.886383,-0.446976
"2025-11-02 01:34:48.675 +0000",1762047288.675338,-0.059464,-0.908066,-0.436829
"2025-11-02 01:34:48.685 +0000",1762047288.685374,-0.082275,-0.876617,-0.436646
"2025-11-02 01:34:48.695 +0000",1762047288.695410,-0.138306,-0.836761,-0.477402
"2025-11-02 01:34:48.705 +0000",1762047288.705446,-0.167816,-0.797485,-0.543518
"2025-11-02 01:34:48.715 +0000",1762047288.715482,-0.131912,-0.807510,-0.499725
"2025-11-02 01:34:48.726 +0000",1762047288.725519,-0.090698,-0.852356,-0.463211
"2025-11-02 01:34:48.736 +0000",1762047288.735555,-0.086243,-0.861832,-0.450851
"2025-11-02 01:34:48.746 +0000",1762047288.745591,-0.111359,-0.896774,-0.492645
"2025-11-02 01:34:48.756 +0000",1762047288.755627,-0.139816,-0.882553,-0.501907
"2025-11-02 01:34:48.766 +0000",1762047288.765663,-0.147629,-0.884048,-0.483231
"2025-11-02 01:34:48.776 +0000",1762047288.775699,-0.133118,-0.884918,-0.485184
"2025-11-02 01:34:48.786 +0000",1762047288.785734,-0.078888,-0.868271,-0.466156
"2025-11-02 01:34:48.796 +0000",1762047288.795769,-0.055954,-0.841339,-0.449600
"2025-11-02 01:34:48.806 +0000",1762047288.805806,-0.116714,-0.821365,-0.477203
"2025-11-02 01:34:48.816 +0000",1762047288.815843,-0.183762,-0.882874,-0.462997
"2025-11-02 01:34:48.826 +0000",1762047288.825877,-0.170334,-0.869492,-0.524597
"2025-11-02 01:34:48.836 +0000",1762047288.835915,-0.088257,-0.799179,-0.479492
"2025-11-02 01:34:48.846 +0000",1762047288.845949,-0.033737,-0.852356,-0.480789
"2025-11-02 01:34:48.856 +0000",1762047288.855986,-0.062378,-0.852158,-0.485458
"2025-11-02 01:34:48.866 +0000",1762047288.866021,-0.125092,-0.877182,-0.486465
"2025-11-02 01:34:48.876 +0000",1762047288.876057,-0.154190,-0.923218,-0.514084
"2025-11-02 01:34:48.886 +0000",1762047288.886093,-0.145416,-0.881302,-0.461716
"2025-11-02 01:34:48.896 +0000",1762047288.896130,-0.107437,-0.869446,-0.481491
"2025-11-02 01:34:48.906 +0000",1762047288.906167,-0.063171,-0.868225,-0.490417
"2025-11-02 01:34:48.916 +0000",1762047288.916202,-0.052155,-0.847366,-0.473083
"2025-11-02 01:34:48.926 +0000",1762047288.926237,-0.089066,-0.844711,-0.511520
"2025-11-02 01:34:48.936 +0000",1762047288.936274,-0.114777,-0.854843,-0.505417
"2025-11-02 01:34:48.946 +0000",1762047288.946310,-0.101730,-0.834595,-0.518051
"2025-11-02 01:34:48.956 +0000",1762047288.956346,-0.088516,-0.842743,-0.496674
"2025-11-02 01:34:48.966 +0000",1762047288.966382,-0.109283,-0.870377,-0.525391
"2025-11-02 01:34:48.976 +0000",1762047288.976418,-0.127121,-0.875763,-0.498550
"2025-11-02 01:34:48.986 +0000",1762047288.986454,-0.135864,-0.891861,-0.516769
"2025-11-02 01:34:48.996 +0000",1762047288.996491,-0.135696,-0.848801,-0.515320
"2025-11-02 01:34:49.007 +0000",1762047289.006526,-0.112656,-0.849136,-0.514145
"2025-11-02 01:34:49.017 +0000",1762047289.016562,-0.101364,-0.853760,-0.508194
"2025-11-02 01:34:49.027 +0000",1762047289.026597,-0.094437,-0.845459,-0.499664
"2025-11-02 01:34:49.037 +0000",1762047289.036633,-0.086243,-0.858673,-0.486679
"2025-11-02 01:34:49.047 +0000",1762047289.046670,-0.090271,-0.870651,-0.522324
"2025-11-02 01:34:49.057 +0000",1762047289.056706,-0.105774,-0.846680,-0.467392
"2025-11-02 01:34:49.067 +0000",1762047289.066742,-0.143265,-0.858353,-0.510147
"2025-11-02 01:34:49.077 +0000",1762047289.076778,-0.159164,-0.778366,-0.493393
"2025-11-02 01:34:49.087 +0000",1762047289.086815,-0.082138,-0.741653,-0.470657
"2025-11-02 01:34:49.097 +0000",1762047289.096851,-0.023087,-0.855469,-0.483459
"2025-11-02 01:34:49.107 +0000",1762047289.106887,-0.085663,-0.933807,-0.471771
"2025-11-02 01:34:49.117 +0000",1762047289.116922,-0.163757,-0.959503,-0.473297
"2025-11-02 01:34:49.127 +0000",1762047289.126958,-0.165878,-1.004532,-0.426788
"2025-11-02 01:34:49.137 +0000",1762047289.136995,-0.089584,-1.013382,-0.425064
"2025-11-02 01:34:49.147 +0000",1762047289.147029,-0.004974,-0.883698,-0.431030
"2025-11-02 01:34:49.157 +0000",1762047289.157066,-0.023911,-0.780869,-0.455109
"2025-11-02 01:34:49.167 +0000",1762047289.167101,-0.124207,-0.747299,-0.543945
"2025-11-02 01:34:49.177 +0000",1762047289.177138,-0.188171,-0.748688,-0.570602
"2025-11-02 01:34:49.187 +0000",1762047289.187174,-0.146240,-0.811127,-0.530884
"2025-11-02 01:34:49.197 +0000",1762047289.197211,-0.083130,-0.839523,-0.506149
"2025-11-02 01:34:49.207 +0000",1762047289.207246,-0.071030,-0.916138,-0.429443
"2025-11-02 01:34:49.217 +0000",1762047289.217283,-0.111679,-1.000610,-0.431076
"2025-11-02 01:34:49.227 +0000",1762047289.227317,-0.153107,-0.982071,-0.431595
"2025-11-02 01:34:49.237 +0000",1762047289.237355,-0.156448,-0.861008,-0.494995
"2025-11-02 01:34:49.247 +0000",1762047289.247390,-0.126694,-0.687576,-0.512604
"2025-11-02 01:34:49.257 +0000",1762047289.257425,-0.084091,-0.662292,-0.534821
"2025-11-02 01:34:49.267 +0000",1762047289.267462,-0.039459,-0.664764,-0.582932
"2025-11-02 01:34:49.277 +0000",1762047289.277498,0.001816,-0.720718,-0.488327
"2025-11-02 01:34:49.288 +0000",1762047289.287534,-0.035110,-0.900787,-0.442032
"2025-11-02 01:34:49.298 +0000",1762047289.297570,-0.159531,-1.050079,-0.423599
"2025-11-02 01:34:49.308 +0000",1762047289.307605,-0.233017,-1.097458,-0.372040
"2025-11-02 01:34:49.318 +0000",1762047289.317642,-0.189621,-1.046982,-0.426651
"2025-11-02 01:34:49.328 +0000",1762047289.327678,-0.080124,-0.910873,-0.436951
"2025-11-02 01:34:49.338 +0000",1762047289.337714,-0.023148,-0.772980,-0.511673
"2025-11-02 01:34:49.348 +0000",1762047289.347750,-0.071381,-0.697281,-0.518463
"2025-11-02 01:34:49.358 +0000",1762047289.357785,-0.136398,-0.700607,-0.565430
"2025-11-02 01:34:49.368 +0000",1762047289.367821,-0.147308,-0.722534,-0.559464
"2025-11-02 01:34:49.378 +0000",1762047289.377858,-0.118439,-0.824722,-0.494751
"2025-11-02 01:34:49.388 +0000",1762047289.387893,-0.102417,-0.929459,-0.512207
"2025-11-02 01:34:49.398 +0000",1762047289.397930,-0.104782,-0.982132,-0.426117
"2025-11-02 01:34:49.408 +0000",1762047289.407968,-0.122253,-1.047073,-0.446838
"2025-11-02 01:34:49.418 +0000",1762047289.418002,-0.142410,-0.979233,-0.472061
"2025-11-02 01:34:49.428 +0000",1762047289.428039,-0.121048,-0.850510,-0.490555
"2025-11-02 01:34:49.438 +0000",1762047289.438073,-0.093857,-0.806259,-0.537994
"2025-11-02 01:34:49.448 +0000",1762047289.448109,-0.101593,-0.756470,-0.568924
"2025-11-02 01:34:49.458 +0000",1762047289.458146,-0.109619,-0.732849,-0.545685
"2025-11-02 01:34:49.468 +0000",1762047289.468182,-0.098083,-0.839432,-0.554047
"2025-11-02 01:34:49.478 +0000",1762047289.478217,-0.093460,-0.901474,-0.504120
"2025-11-02 01:34:49.488 +0000",1762047289.488253,-0.105042,-0.907257,-0.478287
"2025-11-02 01:34:49.498 +0000",1762047289.498289,-0.128967,-0.984360,-0.459229
"2025-11-02 01:34:49.508 +0000",1762047289.508325,-0.155228,-0.966003,-0.488297
"2025-11-02 01:34:49.518 +0000",1762047289.518362,-0.141266,-0.860748,-0.455673
"2025-11-02 01:34:49.528 +0000",1762047289.528398,-0.104843,-0.856842,-0.474747
"2025-11-02 01:34:49.538 +0000",1762047289.538432,-0.092331,-0.786407,-0.526611
"2025-11-02 01:34:49.548 +0000",1762047289.548470,-0.102631,-0.716339,-0.478790
"2025-11-02 01:34:49.559 +0000",1762047289.558506,-0.123032,-0.779633,-0.530869
"2025-11-02 01:34:49.569 +0000",1762047289.568542,-0.128784,-0.819031,-0.502747
"2025-11-02 01:34:49.579 +0000",1762047289.578578,-0.137238,-0.857208,-0.448318
"2025-11-02 01:34:49.589 +0000",1762047289.588614,-0.136200,-0.933258,-0.500275
"2025-11-02 01:34:49.599 +0000",1762047289.598650,-0.127090,-0.924942,-0.431686
"2025-11-02 01:34:49.609 +0000",1762047289.608686,-0.134277,-0.905258,-0.457336
"2025-11-02 01:34:49.619 +0000",1762047289.618721,-0.124298,-0.864716,-0.514038
"2025-11-02 01:34:49.629 +0000",1762047289.628758,-0.079224,-0.819107,-0.459167
"2025-11-02 01:34:49.639 +0000",1762047289.638793,-0.070496,-0.783936,-0.501373
"2025-11-02 01:34:49.649 +0000",1762047289.648829,-0.083344,-0.766251,-0.486221
"2025-11-02 01:34:49.659 +0000",1762047289.658866,-0.100922,-0.794968,-0.511108
"2025-11-02 01:34:49.669 +0000",1762047289.668901,-0.139832,-0.829559,-0.489777
"2025-11-02 01:34:49.679 +0000",1762047289.678938,-0.164932,-0.913239,-0.475159
"2025-11-02 01:34:49.689 +0000",1762047289.688974,-0.160583,-0.921951,-0.466415
"2025-11-02 01:34:49.699 +0000",1762047289.699009,-0.142166,-0.942200,-0.424271
"2025-11-02 01:34:49.709 +0000",1762047289.709046,-0.123917,-0.948395,-0.489899
"2025-11-02 01:34:49.719 +0000",1762047289.719083,-0.111954,-0.859360,-0.460754
"2025-11-02 01:34:49.729 +0000",1762047289.729118,-0.119324,-0.846085,-0.484055
"2025-11-02 01:34:49.739 +0000",1762047289.739155,-0.131439,-0.821671,-0.524292
"2025-11-02 01:34:49.749 +0000",1762047289.749191,-0.120682,-0.786346,-0.490112
"2025-11-02 01:34:49.759 +0000",1762047289.759226,-0.091949,-0.841553,-0.519745
"2025-11-02 01:34:49.769 +0000",1762047289.769262,-0.084137,-0.887863,-0.482285
"2025-11-02 01:34:49.779 +0000",1762047289.779297,-0.113693,-0.898392,-0.457962
"2025-11-02 01:34:49.789 +0000",1762047289.789334,-0.139465,-0.903000,-0.494141
"2025-11-02 01:34:49.799 +0000",1762047289.799369,-0.142990,-0.927979,-0.461746
"2025-11-02 01:34:49.809 +0000",1762047289.809405,-0.132782,-0.887756,-0.528152
"2025-11-02 01:34:49.819 +0000",1762047289.819441,-0.100601,-0.837708,-0.486755
"2025-11-02 01:34:49.829 +0000",1762047289.829477,-0.083862,-0.889481,-0.526535
"2025-11-02 01:34:49.840 +0000",1762047289.839513,-0.106781,-0.828140,-0.531845
"2025-11-02 01:34:49.850 +0000",1762047289.849549,-0.126816,-0.827347,-0.489777
"2025-11-02 01:34:49.860 +0000",1762047289.859585,-0.147232,-0.891769,-0.514999
"2025-11-02 01:34:49.870 +0000",1762047289.869621,-0.143326,-0.853134,-0.503403
"2025-11-02 01:34:49.880 +0000",1762047289.879657,-0.103378,-0.878494,-0.484497
"2025-11-02 01:34:49.890 +0000",1762047289.889694,-0.086884,-0.908249,-0.502625
"2025-11-02 01:34:49.900 +0000",1762047289.899730,-0.103867,-0.863373,-0.501495
"2025-11-02 01:34:49.910 +0000",1762047289.909765,-0.129150,-0.861038,-0.497803
"2025-11-02 01:34:49.920 +0000",1762047289.919802,-0.148239,-0.865952,-0.542816
"2025-11-02 01:34:49.930 +0000",1762047289.929838,-0.130295,-0.845139,-0.552063
"2025-11-02 01:34:49.940 +0000",1762047289.939874,-0.081833,-0.867676,-0.527679
"2025-11-02 01:34:49.950 +0000",1762047289.949910,-0.062546,-0.902649,-0.480530
"2025-11-02 01:34:49.960 +0000",1762047289.959946,-0.089462,-0.873764,-0.502823
"2025-11-02 01:34:49.970 +0000",1762047289.969980,-0.123245,-0.839249,-0.506546
"2025-11-02 01:34:49.980 +0000",1762047289.980016,-0.145432,-0.861649,-0.531677
"2025-11-02 01:34:49.990 +0000",1762047289.990051,-0.125671,-0.818298,-0.556137
"2025-11-02 01:34:50.000 +0000",1762047290.000087,-0.077667,-0.826111,-0.492783
"2025-11-02 01:34:50.010 +0000",1762047290.010123,-0.057709,-0.887054,-0.536392
"2025-11-02 01:34:50.020 +0000",1762047290.020159,-0.091904,-0.866760,-0.498886
"2025-11-02 01:34:50.030 +0000",1762047290.030196,-0.144501,-0.865921,-0.559341
"2025-11-02 01:34:50.040 +0000",1762047290.040232,-0.160675,-0.898041,-0.534256
"2025-11-02 01:34:50.050 +0000",1762047290.050269,-0.122849,-0.892456,-0.523071
"2025-11-02 01:34:50.060 +0000",1762047290.060305,-0.081406,-0.866577,-0.473526
"2025-11-02 01:34:50.070 +0000",1762047290.070340,-0.064865,-0.906967,-0.524124
"2025-11-02 01:34:50.080 +0000",1762047290.080377,-0.066360,-0.851227,-0.517868
"2025-11-02 01:34:50.090 +0000",1762047290.090412,-0.094681,-0.814178,-0.494843
"2025-11-02 01:34:50.100 +0000",1762047290.100448,-0.135742,-0.839493,-0.551636
"2025-11-02 01:34:50.110 +0000",1762047290.110485,-0.145767,-0.829559,-0.504761
"2025-11-02 01:34:50.121 +0000",1762047290.120520,-0.125977,-0.855698,-0.527054
"2025-11-02 01:34:50.131 +0000",1762047290.130557,-0.089676,-0.909027,-0.503265
"2025-11-02 01:34:50.141 +0000",1762047290.140592,-0.071106,-0.890640,-0.478882
"2025-11-02 01:34:50.151 +0000",1762047290.150630,-0.100906,-0.902328,-0.492844
"2025-11-02 01:34:50.161 +0000",1762047290.160666,-0.148331,-0.898254,-0.529297
"2025-11-02 01:34:50.171 +0000",1762047290.170701,-0.158417,-0.888046,-0.469620
"2025-11-02 01:34:50.181 +0000",1762047290.180737,-0.154663,-0.868805,-0.498398
"2025-11-02 01:34:50.191 +0000",1762047290.190774,-0.115768,-0.865097,-0.514511
"2025-11-02 01:34:50.201 +0000",1762047290.200810,-0.067505,-0.845627,-0.496246
"2025-11-02 01:34:50.211 +0000",1762047290.210845,-0.077621,-0.868515,-0.490891
"2025-11-02 01:34:50.221 +0000",1762047290.220881,-0.143188,-0.868256,-0.492813
"2025-11-02 01:34:50.231 +0000",1762047290.230918,-0.192917,-0.861526,-0.490082
"2025-11-02 01:34:50.241 +0000",1762047290.240954,-0.182922,-0.889847,-0.549637
"2025-11-02 01:34:50.251 +0000",1762047290.250990,-0.111481,-0.905609,-0.512436
"2025-11-02 01:34:50.261 +0000",1762047290.261025,-0.033127,-0.907944,-0.466309
"2025-11-02 01:34:50.271 +0000",1762047290.271062,-0.023590,-0.922165,-0.477585
"2025-11-02 01:34:50.281 +0000",1762047290.281097,-0.072250,-0.871826,-0.521393
"2025-11-02 01:34:50.291 +0000",1762047290.291132,-0.121689,-0.864716,-0.518555
"2025-11-02 01:34:50.301 +0000",1762047290.301170,-0.134354,-0.842270,-0.541077
"2025-11-02 01:34:50.311 +0000",1762047290.311205,-0.105698,-0.833786,-0.513626
"2025-11-02 01:34:50.321 +0000",1762047290.321240,-0.053741,-0.885376,-0.546341
"2025-11-02 01:34:50.331 +0000",1762047290.331276,-0.041336,-0.900574,-0.481720
"2025-11-02 01:35:24.920 +0000",1762047324.920259,-0.072891,-0.912399,-0.512421
"2025-11-02 01:35:24.930 +0000",1762047324.930295,-0.121582,-0.896500,-0.478683
"2025-11-02 01:35:24.940 +0000",1762047324.940331,-0.144119,-0.893707,-0.504364
"2025-11-02 01:35:24.950 +0000",1762047324.950367,-0.134552,-0.864029,-0.491074
"2025-11-02 01:35:24.960 +0000",1762047324.960403,-0.090347,-0.854095,-0.471130
"2025-11-02 01:35:24.970 +0000",1762047324.970439,-0.059937,-0.857788,-0.508408
"2025-11-02 01:35:24.980 +0000",1762047324.980475,-0.063721,-0.829697,-0.477051
"2025-11-02 01:35:24.991 +0000",1762047324.990511,-0.108154,-0.843491,-0.490341
"2025-11-02 01:35:25.001 +0000",1762047325.000547,-0.182220,-0.862167,-0.485260
"2025-11-02 01:35:25.011 +0000",1762047325.010582,-0.205612,-0.860596,-0.481094
"2025-11-02 01:35:25.021 +0000",1762047325.020619,-0.157318,-0.886703,-0.457916
"2025-11-02 01:35:25.031 +0000",1762047325.030655,-0.092072,-0.880707,-0.472687
"2025-11-02 01:35:25.041 +0000",1762047325.040690,-0.060089,-0.859421,-0.435837
"2025-11-02 01:35:25.051 +0000",1762047325.050727,-0.085907,-0.840347,-0.477966
"2025-11-02 01:35:25.061 +0000",1762047325.060763,-0.148331,-0.825470,-0.487366
"2025-11-02 01:35:25.071 +0000",1762047325.070799,-0.180862,-0.829620,-0.543411
"2025-11-02 01:35:25.081 +0000",1762047325.080835,-0.150940,-0.856323,-0.506042
"2025-11-02 01:35:25.091 +0000",1762047325.090871,-0.099762,-0.893494,-0.455719
"2025-11-02 01:35:25.101 +0000",1762047325.100908,-0.089645,-0.914261,-0.443710
"2025-11-02 01:35:25.111 +0000",1762047325.110943,-0.111084,-0.898407,-0.453888
"2025-11-02 01:35:25.121 +0000",1762047325.120980,-0.147507,-0.868393,-0.457932
"2025-11-02 01:35:25.131 +0000",1762047325.131016,-0.155869,-0.836609,-0.524109
"2025-11-02 01:35:25.141 +0000",1762047325.141052,-0.127167,-0.810455,-0.483109
"2025-11-02 01:35:25.151 +0000",1762047325.151088,-0.086227,-0.830917,-0.526566
"2025-11-02 01:35:25.161 +0000",1762047325.161124,-0.043427,-0.848984,-0.487396
"2025-11-02 01:35:25.171 +0000",1762047325.171160,-0.021851,-0.865875,-0.462112
"2025-11-02 01:35:25.181 +0000",1762047325.181196,-0.040451,-0.884674,-0.476883
"2025-11-02 01:35:25.191 +0000",1762047325.191231,-0.080109,-0.873215,-0.465515
"2025-11-02 01:35:25.201 +0000",1762047325.201268,-0.114609,-0.859665,-0.499802
"2025-11-02 01:35:25.211 +0000",1762047325.211303,-0.126236,-0.842010,-0.500427
"2025-11-02 01:35:25.221 +0000",1762047325.221340,-0.088669,-0.855469,-0.532928
"2025-11-02 01:35:25.231 +0000",1762047325.231375,-0.043808,-0.858307,-0.509384
"2025-11-02 01:35:25.241 +0000",1762047325.241412,-0.034256,-0.873688,-0.502228
"2025-11-02 01:35:25.251 +0000",1762047325.251449,-0.083099,-0.893051,-0.480942
"2025-11-02 01:35:25.261 +0000",1762047325.261485,-0.141479,-0.893311,-0.518753
"2025-11-02 01:35:25.272 +0000",1762047325.271520,-0.159958,-0.872894,-0.472519
"2025-11-02 01:35:25.282 +0000",1762047325.281556,-0.112854,-0.873413,-0.536163
"2025-11-02 01:35:25.292 +0000",1762047325.291592,-0.054977,-0.857468,-0.445724
"2025-11-02 01:35:25.302 +0000",1762047325.301628,-0.055542,-0.864716,-0.489700
"2025-11-02 01:35:25.312 +0000",1762047325.311665,-0.121231,-0.837250,-0.474319
"2025-11-02 01:35:25.322 +0000",1762047325.321701,-0.180313,-0.831100,-0.495819
"2025-11-02 01:35:25.332 +0000",1762047325.331737,-0.197769,-0.852295,-0.476166
"2025-11-02 01:35:25.342 +0000",1762047325.341773,-0.165146,-0.847519,-0.472992
"2025-11-02 01:35:25.352 +0000",1762047325.351809,-0.105515,-0.861908,-0.462585
"2025-11-02 01:35:25.362 +0000",1762047325.361845,-0.069489,-0.874329,-0.477615
"2025-11-02 01:35:25.372 +0000",1762047325.371881,-0.082291,-0.856247,-0.462494
"2025-11-02 01:35:25.382 +0000",1762047325.381917,-0.129593,-0.828110,-0.515762
"2025-11-02 01:35:25.392 +0000",1762047325.391953,-0.152328,-0.841492,-0.498947
"2025-11-02 01:35:25.402 +0000",1762047325.401988,-0.133347,-0.850754,-0.499252
"2025-11-02 01:35:25.412 +0000",1762047325.412024,-0.095505,-0.870911,-0.459366
"2025-11-02 01:35:25.422 +0000",1762047325.422062,-0.079391,-0.898087,-0.522369
"2025-11-02 01:35:25.432 +0000",1762047325.432097,-0.102570,-0.889069,-0.505310
"2025-11-02 01:35:25.442 +0000",1762047325.442134,-0.142654,-0.886475,-0.530319
"2025-11-02 01:35:25.452 +0000",1762047325.452170,-0.173599,-0.883743,-0.500900
"2025-11-02 01:35:25.462 +0000",1762047325.462205,-0.154465,-0.875504,-0.501892
"2025-11-02 01:35:25.472 +0000",1762047325.472242,-0.077209,-0.870331,-0.477936
"2025-11-02 01:35:25.482 +0000",1762047325.482277,-0.021851,-0.841904,-0.485489
"2025-11-02 01:35:25.492 +0000",1762047325.492313,-0.033600,-0.853317,-0.543640
"2025-11-02 01:35:25.502 +0000",1762047325.502350,-0.087067,-0.826950,-0.532669
"2025-11-02 01:35:25.512 +0000",1762047325.512386,-0.146484,-0.853607,-0.534683
"2025-11-02 01:35:25.522 +0000",1762047325.522422,-0.158813,-0.895874,-0.543518
"2025-11-02 01:35:25.532 +0000",1762047325.532458,-0.105453,-0.916077,-0.463318
"2025-11-02 01:35:25.542 +0000",1762047325.542493,-0.053482,-0.919373,-0.466415
"2025-11-02 01:35:25.553 +0000",1762047325.552530,-0.046051,-0.908173,-0.490555
"2025-11-02 01:35:25.563 +0000",1762047325.562566,-0.067184,-0.862915,-0.502884
"2025-11-02 01:35:25.573 +0000",1762047325.572602,-0.098236,-0.835068,-0.537598
"2025-11-02 01:35:25.583 +0000",1762047325.582638,-0.107513,-0.829681,-0.539001
"2025-11-02 01:35:25.593 +0000",1762047325.592674,-0.081833,-0.857819,-0.523041
"2025-11-02 01:35:25.603 +0000",1762047325.602710,-0.066757,-0.871246,-0.470139
"2025-11-02 01:35:25.613 +0000",1762047325.612747,-0.077774,-0.906067,-0.488892
"2025-11-02 01:35:25.623 +0000",1762047325.622783,-0.098175,-0.893814,-0.454086
"2025-11-02 01:35:25.633 +0000",1762047325.632819,-0.113968,-0.892029,-0.456177
"2025-11-02 01:35:25.643 +0000",1762047325.642854,-0.138245,-0.870834,-0.434860
"2025-11-02 01:35:25.653 +0000",1762047325.652891,-0.146255,-0.839035,-0.488800
"2025-11-02 01:35:25.663 +0000",1762047325.662927,-0.107483,-0.832001,-0.476837
"2025-11-02 01:35:25.673 +0000",1762047325.672962,-0.058701,-0.837555,-0.475113
"2025-11-02 01:35:25.683 +0000",1762047325.682998,-0.042206,-0.836227,-0.465866
"2025-11-02 01:35:25.693 +0000",1762047325.693035,-0.070068,-0.861191,-0.469376
"2025-11-02 01:35:25.703 +0000",1762047325.703071,-0.112671,-0.883377,-0.462616
"2025-11-02 01:35:25.713 +0000",1762047325.713107,-0.141068,-0.882538,-0.445145
"2025-11-02 01:35:25.723 +0000",1762047325.723143,-0.131439,-0.890457,-0.477722
"2025-11-02 01:35:25.733 +0000",1762047325.733178,-0.077881,-0.870972,-0.457382
"2025-11-02 01:35:25.743 +0000",1762047325.743215,-0.047256,-0.883835,-0.454727
"2025-11-02 01:35:25.753 +0000",1762047325.753251,-0.077484,-0.884216,-0.468353
"2025-11-02 01:35:25.763 +0000",1762047325.763287,-0.125504,-0.899338,-0.451736
"2025-11-02 01:35:25.773 +0000",1762047325.773323,-0.153549,-0.907623,-0.457977
"2025-11-02 01:35:25.783 +0000",1762047325.783360,-0.126297,-0.899033,-0.446243
"2025-11-02 01:35:25.793 +0000",1762047325.793396,-0.063812,-0.889923,-0.445297
"2025-11-02 01:35:25.803 +0000",1762047325.803432,-0.025040,-0.893768,-0.417664
"2025-11-02 01:35:25.813 +0000",1762047325.813468,-0.047699,-0.906036,-0.455444
"2025-11-02 01:35:25.824 +0000",1762047325.823504,-0.105087,-0.844833,-0.469620
"2025-11-02 01:35:25.834 +0000",1762047325.833539,-0.127045,-0.853836,-0.496750
"2025-11-02 01:35:25.844 +0000",1762047325.843576,-0.093246,-0.901459,-0.465179
"2025-11-02 01:35:25.854 +0000",1762047325.853611,-0.044510,-0.896713,-0.429993
"2025-11-02 01:35:25.864 +0000",1762047325.863647,-0.029724,-0.921478,-0.411041
"2025-11-02 01:35:25.874 +0000",1762047325.873683,-0.054901,-0.949234,-0.441025
"2025-11-02 01:35:25.884 +0000",1762047325.883719,-0.100769,-0.890884,-0.436829
"2025-11-02 01:35:25.894 +0000",1762047325.893755,-0.126770,-0.864395,-0.469162
"2025-11-02 01:35:25.904 +0000",1762047325.903792,-0.109833,-0.887558,-0.483215
"2025-11-02 01:35:25.914 +0000",1762047325.913828,-0.059845,-0.912750,-0.480347
"2025-11-02 01:35:25.924 +0000",1762047325.923863,-0.021973,-0.917480,-0.440140
"2025-11-02 01:35:25.934 +0000",1762047325.933900,-0.028442,-0.969940,-0.425705
"2025-11-02 01:35:25.944 +0000",1762047325.943937,-0.069717,-0.958633,-0.417221
"2025-11-02 01:35:25.954 +0000",1762047325.953973,-0.117416,-0.909073,-0.402069
"2025-11-02 01:35:25.964 +0000",1762047325.964009,-0.135620,-0.903122,-0.416473
"2025-11-02 01:35:25.974 +0000",1762047325.974044,-0.125931,-0.882782,-0.421402
"2025-11-02 01:35:25.984 +0000",1762047325.984081,-0.084808,-0.856598,-0.450211
"2025-11-02 01:35:25.994 +0000",1762047325.994116,-0.036316,-0.871841,-0.420227
"2025-11-02 01:35:26.004 +0000",1762047326.004152,-0.028412,-0.885345,-0.455338
"2025-11-02 01:35:26.014 +0000",1762047326.014189,-0.063339,-0.899948,-0.380295
"2025-11-02 01:35:26.024 +0000",1762047326.024225,-0.124756,-0.956909,-0.421768
"2025-11-02 01:35:26.034 +0000",1762047326.034261,-0.144394,-0.935150,-0.411423
"2025-11-02 01:35:26.044 +0000",1762047326.044297,-0.085983,-0.948029,-0.395050
"2025-11-02 01:35:26.054 +0000",1762047326.054332,-0.035721,-0.940308,-0.385529
"2025-11-02 01:35:26.064 +0000",1762047326.064369,-0.033447,-0.898972,-0.387161
"2025-11-02 01:35:26.074 +0000",1762047326.074405,-0.074158,-0.894226,-0.383911
"2025-11-02 01:35:26.084 +0000",1762047326.084441,-0.121185,-0.890594,-0.408920
"2025-11-02 01:35:26.094 +0000",1762047326.094477,-0.133057,-0.861862,-0.401001
"2025-11-02 01:35:26.105 +0000",1762047326.104513,-0.098557,-0.902023,-0.372971
"2025-11-02 01:35:26.115 +0000",1762047326.114549,-0.071808,-0.932007,-0.362701
"2025-11-02 01:35:26.125 +0000",1762047326.124586,-0.066513,-0.911011,-0.356125
"2025-11-02 01:35:26.135 +0000",1762047326.134621,-0.080093,-0.914703,-0.381439
"2025-11-02 01:35:26.145 +0000",1762047326.144657,-0.107544,-0.920349,-0.399872
"2025-11-02 01:35:26.155 +0000",1762047326.154694,-0.123932,-0.890167,-0.388397
"2025-11-02 01:35:26.165 +0000",1762047326.164730,-0.124084,-0.901886,-0.387970
"2025-11-02 01:35:26.175 +0000",1762047326.174765,-0.101410,-0.929901,-0.400375
"2025-11-02 01:35:26.185 +0000",1762047326.184802,-0.057129,-0.910141,-0.373886
"2025-11-02 01:35:26.195 +0000",1762047326.194838,-0.024323,-0.933182,-0.348785
"2025-11-02 01:35:26.205 +0000",1762047326.204873,-0.036392,-0.927719,-0.380234
"2025-11-02 01:35:26.215 +0000",1762047326.214910,-0.048325,-0.882645,-0.389816
"2025-11-02 01:35:26.225 +0000",1762047326.224946,-0.063080,-0.891403,-0.387451
"2025-11-02 01:35:26.235 +0000",1762047326.234982,-0.074554,-0.906616,-0.437714
"2025-11-02 01:35:26.245 +0000",1762047326.245017,-0.069656,-0.894836,-0.395889
"2025-11-02 01:35:26.255 +0000",1762047326.255053,-0.069519,-0.959991,-0.401840
"2025-11-02 01:35:26.265 +0000",1762047326.265090,-0.087891,-0.972534,-0.387756
"2025-11-02 01:35:26.275 +0000",1762047326.275126,-0.100037,-0.965698,-0.374237
"2025-11-02 01:35:26.285 +0000",1762047326.285163,-0.096664,-0.969223,-0.382660
"2025-11-02 01:35:26.295 +0000",1762047326.295199,-0.078842,-0.927963,-0.397049
"2025-11-02 01:35:26.305 +0000",1762047326.305235,-0.054016,-0.916245,-0.408051
"2025-11-02 01:35:26.315 +0000",1762047326.315271,-0.052216,-0.879105,-0.403580
"2025-11-02 01:35:26.325 +0000",1762047326.325307,-0.065506,-0.893723,-0.416672
"2025-11-02 01:35:26.335 +0000",1762047326.335342,-0.084747,-0.907990,-0.420227
"2025-11-02 01:35:26.345 +0000",1762047326.345379,-0.085678,-0.922806,-0.401901
"2025-11-02 01:35:26.355 +0000",1762047326.355415,-0.082092,-0.954178,-0.378494
"2025-11-02 01:35:26.365 +0000",1762047326.365451,-0.071762,-0.959549,-0.385590
"2025-11-02 01:35:26.375 +0000",1762047326.375487,-0.056091,-0.943344,-0.363159
"2025-11-02 01:35:26.386 +0000",1762047326.385522,-0.054092,-0.923553,-0.375946
"2025-11-02 01:35:26.396 +0000",1762047326.395559,-0.053238,-0.890182,-0.389313
"2025-11-02 01:35:26.406 +0000",1762047326.405595,-0.078140,-0.856400,-0.349823
"2025-11-02 01:35:26.416 +0000",1762047326.415631,-0.125031,-0.864517,-0.414352
"2025-11-02 01:35:26.426 +0000",1762047326.425667,-0.139313,-0.859222,-0.391251
"2025-11-02 01:35:26.436 +0000",1762047326.435703,-0.119537,-0.885544,-0.390213
"2025-11-02 01:35:26.446 +0000",1762047326.445740,-0.091827,-0.926590,-0.368790
"2025-11-02 01:35:26.456 +0000",1762047326.455775,-0.067154,-0.938278,-0.368942
"2025-11-02 01:35:26.466 +0000",1762047326.465812,-0.058640,-0.926971,-0.318207
"2025-11-02 01:35:26.476 +0000",1762047326.475848,-0.085495,-0.923096,-0.360580
"2025-11-02 01:35:26.486 +0000",1762047326.485884,-0.103958,-0.872513,-0.390457
"2025-11-02 01:35:26.496 +0000",1762047326.495919,-0.089462,-0.839493,-0.367737
"2025-11-02 01:35:26.506 +0000",1762047326.505956,-0.077194,-0.869720,-0.387527
"2025-11-02 01:35:26.516 +0000",1762047326.515991,-0.077011,-0.872269,-0.355881
"2025-11-02 01:35:26.526 +0000",1762047326.526027,-0.094986,-0.880035,-0.377960
"2025-11-02 01:35:26.536 +0000",1762047326.536064,-0.111603,-0.924545,-0.384964
"2025-11-02 01:35:26.546 +0000",1762047326.546100,-0.102264,-0.920364,-0.368729
"2025-11-02 01:35:26.556 +0000",1762047326.556135,-0.085648,-0.908920,-0.341751
"2025-11-02 01:35:26.566 +0000",1762047326.566171,-0.089859,-0.933960,-0.355438
"2025-11-02 01:35:26.576 +0000",1762047326.576208,-0.095840,-0.909439,-0.376083
"2025-11-02 01:35:26.586 +0000",1762047326.586245,-0.095459,-0.869415,-0.359589
"2025-11-02 01:35:26.596 +0000",1762047326.596280,-0.100143,-0.887024,-0.418869
"2025-11-02 01:35:26.606 +0000",1762047326.606317,-0.088333,-0.896027,-0.417175
"2025-11-02 01:35:26.616 +0000",1762047326.616352,-0.077744,-0.903564,-0.383224
"2025-11-02 01:35:26.626 +0000",1762047326.626388,-0.079224,-0.945663,-0.410202
"2025-11-02 01:35:26.636 +0000",1762047326.636425,-0.075867,-0.975204,-0.404251
"2025-11-02 01:35:26.646 +0000",1762047326.646461,-0.073029,-0.956406,-0.385956
"2025-11-02 01:35:26.656 +0000",1762047326.656497,-0.081665,-0.945786,-0.380127
"2025-11-02 01:35:26.667 +0000",1762047326.666533,-0.102280,-0.942245,-0.391693
"2025-11-02 01:35:26.677 +0000",1762047326.676569,-0.108688,-0.904037,-0.381699
"2025-11-02 01:35:26.687 +0000",1762047326.686605,-0.096420,-0.868195,-0.401962
"2025-11-02 01:35:26.697 +0000",1762047326.696640,-0.073639,-0.895203,-0.405197
"2025-11-02 01:35:26.707 +0000",1762047326.706677,-0.062576,-0.891678,-0.442032
"2025-11-02 01:35:26.717 +0000",1762047326.716713,-0.064407,-0.895233,-0.385895
"2025-11-02 01:35:26.727 +0000",1762047326.726748,-0.101120,-0.965927,-0.417679
"2025-11-02 01:35:26.737 +0000",1762047326.736786,-0.127640,-0.946701,-0.410904
"2025-11-02 01:35:26.747 +0000",1762047326.746822,-0.126770,-0.940063,-0.374619
"2025-11-02 01:35:26.757 +0000",1762047326.756858,-0.105087,-0.959000,-0.421875
"2025-11-02 01:35:26.767 +0000",1762047326.766893,-0.074493,-0.915176,-0.377502
"2025-11-02 01:35:26.777 +0000",1762047326.776930,-0.069794,-0.901413,-0.427048
"2025-11-02 01:35:26.787 +0000",1762047326.786966,-0.071121,-0.893478,-0.449188
"2025-11-02 01:35:26.797 +0000",1762047326.797002,-0.067780,-0.891464,-0.407425
"2025-11-02 01:35:26.807 +0000",1762047326.807038,-0.084106,-0.901627,-0.406830
"2025-11-02 01:35:26.817 +0000",1762047326.817074,-0.117630,-0.917038,-0.379501
"2025-11-02 01:35:26.827 +0000",1762047326.827110,-0.138733,-0.926300,-0.407196
"2025-11-02 01:35:26.837 +0000",1762047326.837146,-0.133347,-0.917816,-0.386292
"2025-11-02 01:35:26.847 +0000",1762047326.847182,-0.103714,-0.942520,-0.407471
"2025-11-02 01:35:26.857 +0000",1762047326.857217,-0.083191,-0.890945,-0.380219
"2025-11-02 01:35:26.867 +0000",1762047326.867254,-0.081085,-0.900848,-0.398041
"2025-11-02 01:35:26.877 +0000",1762047326.877290,-0.109085,-0.894989,-0.384598
"2025-11-02 01:35:26.887 +0000",1762047326.887327,-0.127029,-0.862549,-0.401413
"2025-11-02 01:35:26.897 +0000",1762047326.897363,-0.105484,-0.898392,-0.407455
"2025-11-02 01:35:26.907 +0000",1762047326.907399,-0.069855,-0.909790,-0.418869
"2025-11-02 01:35:26.917 +0000",1762047326.917434,-0.048523,-0.916504,-0.389664
"2025-11-02 01:35:26.927 +0000",1762047326.927470,-0.062286,-0.947205,-0.375168
"2025-11-02 01:35:26.938 +0000",1762047326.937506,-0.078842,-0.950485,-0.406281
"2025-11-02 01:35:26.948 +0000",1762047326.947543,-0.066605,-0.921066,-0.387177
"2025-11-02 01:35:26.958 +0000",1762047326.957578,-0.046570,-0.919052,-0.374573
"2025-11-02 01:35:26.968 +0000",1762047326.967615,-0.058121,-0.899918,-0.401443
"2025-11-02 01:35:26.978 +0000",1762047326.977651,-0.089462,-0.873062,-0.378433
"2025-11-02 01:35:26.988 +0000",1762047326.987687,-0.128113,-0.894608,-0.406555
"2025-11-02 01:35:26.998 +0000",1762047326.997723,-0.128342,-0.900421,-0.408966
"2025-11-02 01:35:27.008 +0000",1762047327.007760,-0.090042,-0.905365,-0.368088
"2025-11-02 01:35:27.018 +0000",1762047327.017797,-0.063858,-0.944595,-0.376984
"2025-11-02 01:35:27.028 +0000",1762047327.027832,-0.076889,-0.946304,-0.371735
"2025-11-02 01:35:27.038 +0000",1762047327.037867,-0.113602,-0.929016,-0.434448
"2025-11-02 01:35:27.048 +0000",1762047327.047904,-0.121780,-0.930374,-0.421219
"2025-11-02 01:35:27.058 +0000",1762047327.057939,-0.098648,-0.919754,-0.427307
"2025-11-02 01:35:27.068 +0000",1762047327.067976,-0.079315,-0.889374,-0.409134
"2025-11-02 01:35:27.078 +0000",1762047327.078012,-0.059753,-0.939850,-0.440140
"2025-11-02 01:35:27.088 +0000",1762047327.088048,-0.063065,-0.938828,-0.413849
"2025-11-02 01:35:27.098 +0000",1762047327.098084,-0.082397,-0.918762,-0.424591
"2025-11-02 01:35:27.108 +0000",1762047327.108120,-0.101761,-0.937866,-0.429001
"2025-11-02 01:35:27.118 +0000",1762047327.118156,-0.123566,-0.929550,-0.422485
"2025-11-02 01:35:27.128 +0000",1762047327.128192,-0.126511,-0.905426,-0.426620
"2025-11-02 01:35:27.138 +0000",1762047327.138228,-0.109543,-0.933609,-0.402679
"2025-11-02 01:35:27.148 +0000",1762047327.148265,-0.099609,-0.924469,-0.420959
"2025-11-02 01:35:27.158 +0000",1762047327.158301,-0.091400,-0.878784,-0.402618
"2025-11-02 01:35:27.168 +0000",1762047327.168337,-0.087555,-0.898239,-0.425629
"2025-11-02 01:35:27.178 +0000",1762047327.178373,-0.095535,-0.895950,-0.412018
"2025-11-02 01:35:27.188 +0000",1762047327.188409,-0.090515,-0.866364,-0.415451
"2025-11-02 01:35:27.198 +0000",1762047327.198445,-0.064224,-0.896225,-0.386032
"2025-11-02 01:35:27.208 +0000",1762047327.208482,-0.062912,-0.880753,-0.407059
"2025-11-02 01:35:27.219 +0000",1762047327.218517,-0.085846,-0.855804,-0.414398
"2025-11-02 01:35:27.229 +0000",1762047327.228553,-0.095901,-0.870438,-0.424438
"2025-11-02 01:35:27.239 +0000",1762047327.238589,-0.093170,-0.864594,-0.420410
"2025-11-02 01:35:27.249 +0000",1762047327.248625,-0.089111,-0.867874,-0.406815
"2025-11-02 01:35:27.259 +0000",1762047327.258661,-0.084213,-0.894913,-0.449234
"2025-11-02 01:35:27.269 +0000",1762047327.268697,-0.077194,-0.889984,-0.419861
"2025-11-02 01:35:27.279 +0000",1762047327.278734,-0.088211,-0.881317,-0.418610
"2025-11-02 01:35:27.289 +0000",1762047327.288770,-0.090591,-0.868866,-0.436264
"2025-11-02 01:35:27.299 +0000",1762047327.298806,-0.069809,-0.858124,-0.405960
"2025-11-02 01:35:27.309 +0000",1762047327.308842,-0.060989,-0.854767,-0.444427
"2025-11-02 01:35:27.319 +0000",1762047327.318878,-0.061829,-0.842346,-0.432175
"2025-11-02 01:35:27.329 +0000",1762047327.328914,-0.075607,-0.851578,-0.433945
"2025-11-02 01:35:27.339 +0000",1762047327.338950,-0.100159,-0.854202,-0.436935
"2025-11-02 01:35:27.349 +0000",1762047327.348986,-0.118942,-0.875473,-0.460037
"2025-11-02 01:35:27.359 +0000",1762047327.359022,-0.105515,-0.898926,-0.462830
"2025-11-02 01:35:27.369 +0000",1762047327.369058,-0.080643,-0.919235,-0.428696
"2025-11-02 01:35:27.379 +0000",1762047327.379094,-0.089600,-0.935242,-0.458481
"2025-11-02 01:35:27.389 +0000",1762047327.389130,-0.116699,-0.917740,-0.428833
"2025-11-02 01:35:27.399 +0000",1762047327.399166,-0.139130,-0.918320,-0.423416
"2025-11-02 01:35:27.409 +0000",1762047327.409204,-0.133804,-0.882507,-0.420807
"2025-11-02 01:35:27.419 +0000",1762047327.419239,-0.091064,-0.848053,-0.443436
"2025-11-02 01:35:27.429 +0000",1762047327.429275,-0.052216,-0.838959,-0.423920
"2025-11-02 01:35:27.439 +0000",1762047327.439311,-0.072281,-0.858246,-0.437012
"2025-11-02 01:35:27.449 +0000",1762047327.449347,-0.139877,-0.848633,-0.489029
"2025-11-02 01:35:27.459 +0000",1762047327.459383,-0.177246,-0.862259,-0.504745
"2025-11-02 01:35:27.469 +0000",1762047327.469419,-0.158340,-0.913376,-0.489456
"2025-11-02 01:35:27.479 +0000",1762047327.479455,-0.095627,-0.934372,-0.450043
"2025-11-02 01:35:27.489 +0000",1762047327.489491,-0.047226,-0.937149,-0.425781
"2025-11-02 01:35:27.500 +0000",1762047327.499527,-0.064377,-0.914215,-0.437347
"2025-11-02 01:35:27.510 +0000",1762047327.509563,-0.133636,-0.875351,-0.506241
"2025-11-02 01:35:27.520 +0000",1762047327.519599,-0.174362,-0.809204,-0.518448
"2025-11-02 01:35:27.530 +0000",1762047327.529635,-0.141113,-0.804993,-0.539520
"2025-11-02 01:35:27.540 +0000",1762047327.539672,-0.071198,-0.840881,-0.454651
"2025-11-02 01:35:27.550 +0000",1762047327.549708,-0.034882,-0.877518,-0.435425
"2025-11-02 01:35:27.560 +0000",1762047327.559744,-0.063614,-0.882233,-0.420929
"2025-11-02 01:35:27.570 +0000",1762047327.569780,-0.121750,-0.893753,-0.470932
"2025-11-02 01:35:27.580 +0000",1762047327.579815,-0.168991,-0.884399,-0.525726
"2025-11-02 01:35:27.590 +0000",1762047327.589852,-0.164215,-0.849930,-0.507080
"2025-11-02 01:35:27.600 +0000",1762047327.599888,-0.112946,-0.910263,-0.513199
"2025-11-02 01:35:27.610 +0000",1762047327.609924,-0.066559,-0.914368,-0.458069
"2025-11-02 01:35:27.620 +0000",1762047327.619960,-0.060913,-0.894806,-0.445572
"2025-11-02 01:35:27.630 +0000",1762047327.629996,-0.105042,-0.892807,-0.474869
"2025-11-02 01:35:27.640 +0000",1762047327.640032,-0.154907,-0.851013,-0.502716
"2025-11-02 01:35:27.650 +0000",1762047327.650068,-0.156891,-0.827133,-0.480713
"2025-11-02 01:35:27.660 +0000",1762047327.660105,-0.105743,-0.859955,-0.488770
"2025-11-02 01:35:27.670 +0000",1762047327.670141,-0.053970,-0.881729,-0.446594
"2025-11-02 01:35:27.680 +0000",1762047327.680177,-0.054733,-0.891052,-0.477127
"2025-11-02 01:35:27.690 +0000",1762047327.690213,-0.110352,-0.904205,-0.495682
"2025-11-02 01:35:27.700 +0000",1762047327.700248,-0.162155,-0.900024,-0.519958
"2025-11-02 01:35:27.710 +0000",1762047327.710285,-0.169418,-0.902191,-0.496216
"2025-11-02 01:35:27.720 +0000",1762047327.720321,-0.139236,-0.922333,-0.471344
"2025-11-02 01:35:27.730 +0000",1762047327.730357,-0.097748,-0.919907,-0.471207
"2025-11-02 01:35:27.740 +0000",1762047327.740393,-0.078873,-0.874115,-0.433075
"2025-11-02 01:35:27.750 +0000",1762047327.750429,-0.103073,-0.841736,-0.480179
"2025-11-02 01:35:27.760 +0000",1762047327.760464,-0.139145,-0.823074,-0.491135
"2025-11-02 01:35:27.771 +0000",1762047327.770501,-0.137527,-0.820221,-0.512451
"2025-11-02 01:35:27.781 +0000",1762047327.780537,-0.098984,-0.848175,-0.467224
"2025-11-02 01:35:27.791 +0000",1762047327.790574,-0.075241,-0.886551,-0.473724
"2025-11-02 01:35:27.801 +0000",1762047327.800609,-0.087921,-0.888351,-0.497009
"2025-11-02 01:35:27.811 +0000",1762047327.810646,-0.114868,-0.919662,-0.506409
"2025-11-02 01:35:27.821 +0000",1762047327.820683,-0.144852,-0.930206,-0.533676
"2025-11-02 01:35:27.831 +0000",1762047327.830718,-0.121857,-0.905243,-0.500259
"2025-11-02 01:35:27.841 +0000",1762047327.840754,-0.081284,-0.918884,-0.424606
"2025-11-02 01:35:27.851 +0000",1762047327.850790,-0.084259,-0.900986,-0.486649
"2025-11-02 01:35:27.861 +0000",1762047327.860826,-0.094116,-0.827438,-0.467148
"2025-11-02 01:35:27.871 +0000",1762047327.870862,-0.105545,-0.823593,-0.497498
"2025-11-02 01:35:27.881 +0000",1762047327.880898,-0.121780,-0.814514,-0.528870
"2025-11-02 01:35:27.891 +0000",1762047327.890934,-0.125000,-0.830750,-0.472305
"2025-11-02 01:35:27.901 +0000",1762047327.900971,-0.119217,-0.891724,-0.474304
"2025-11-02 01:35:27.911 +0000",1762047327.911007,-0.106812,-0.919174,-0.453323
"2025-11-02 01:35:27.921 +0000",1762047327.921043,-0.073425,-0.917221,-0.464798
"2025-11-02 01:35:27.931 +0000",1762047327.931079,-0.060486,-0.917999,-0.445770
"2025-11-02 01:35:27.941 +0000",1762047327.941115,-0.109726,-0.908218,-0.504822
"2025-11-02 01:35:27.951 +0000",1762047327.951150,-0.180267,-0.904327,-0.579163
"2025-11-02 01:35:27.961 +0000",1762047327.961187,-0.175522,-0.872314,-0.527512
"2025-11-02 01:35:27.971 +0000",1762047327.971223,-0.127167,-0.894669,-0.513443
"2025-11-02 01:35:27.981 +0000",1762047327.981259,-0.077576,-0.945328,-0.533844
"2025-11-02 01:35:27.991 +0000",1762047327.991296,-0.037933,-0.891830,-0.412079
"2025-11-02 01:35:28.001 +0000",1762047328.001331,-0.078934,-0.922821,-0.411575
"2025-11-02 01:35:28.011 +0000",1762047328.011367,-0.175735,-0.884552,-0.508865
"2025-11-02 01:35:28.021 +0000",1762047328.021403,-0.187195,-0.812637,-0.526550
"2025-11-02 01:35:28.031 +0000",1762047328.031440,-0.138855,-0.856812,-0.519073
"2025-11-02 01:35:28.041 +0000",1762047328.041476,-0.097931,-0.884308,-0.531586
"2025-11-02 01:35:28.052 +0000",1762047328.051512,-0.101501,-0.900894,-0.486145
"2025-11-02 01:35:28.062 +0000",1762047328.061548,-0.138504,-0.963898,-0.520645
"2025-11-02 01:35:28.072 +0000",1762047328.071584,-0.167007,-0.943985,-0.475800
"2025-11-02 01:35:28.082 +0000",1762047328.081620,-0.166016,-0.913391,-0.505478
"2025-11-02 01:35:28.092 +0000",1762047328.091656,-0.130081,-0.897766,-0.501282
"2025-11-02 01:35:28.102 +0000",1762047328.101692,-0.068893,-0.867004,-0.488174
"2025-11-02 01:35:28.112 +0000",1762047328.111728,-0.046967,-0.840546,-0.482452
"2025-11-02 01:35:28.122 +0000",1762047328.121764,-0.078323,-0.843201,-0.480530
"2025-11-02 01:35:28.132 +0000",1762047328.131800,-0.129242,-0.844299,-0.537567
"2025-11-02 01:35:28.142 +0000",1762047328.141837,-0.169495,-0.831741,-0.476852
"2025-11-02 01:35:28.152 +0000",1762047328.151873,-0.182892,-0.900757,-0.498367
"2025-11-02 01:35:28.162 +0000",1762047328.161908,-0.155640,-0.917404,-0.459930
"2025-11-02 01:35:28.172 +0000",1762047328.171945,-0.103699,-0.915237,-0.433563
"2025-11-02 01:35:28.182 +0000",1762047328.181981,-0.097687,-0.929672,-0.420395
"2025-11-02 01:35:28.192 +0000",1762047328.192017,-0.143600,-0.861526,-0.491638
"2025-11-02 01:35:28.202 +0000",1762047328.202053,-0.177155,-0.798294,-0.491745
"2025-11-02 01:35:28.212 +0000",1762047328.212089,-0.158508,-0.819443,-0.526184
"2025-11-02 01:35:28.222 +0000",1762047328.222125,-0.087463,-0.804123,-0.493286
"2025-11-02 01:35:28.232 +0000",1762047328.232161,-0.013718,-0.816528,-0.411392
"2025-11-02 01:35:28.242 +0000",1762047328.242197,-0.021225,-0.865570,-0.450531
"2025-11-02 01:35:28.252 +0000",1762047328.252233,-0.082657,-0.851303,-0.603317
"2025-11-02 01:35:28.262 +0000",1762047328.262270,-0.088043,-0.865814,-0.494843
"2025-11-02 01:35:28.272 +0000",1762047328.272306,-0.073761,-0.965408,-0.560684
"2025-11-02 01:35:28.282 +0000",1762047328.282342,-0.026611,-0.921616,-0.560150
"2025-11-02 01:35:28.292 +0000",1762047328.292378,0.049026,-0.931061,-0.350922
"2025-11-02 01:35:28.302 +0000",1762047328.302414,-0.018524,-0.958084,-0.292679
"2025-11-02 01:35:28.312 +0000",1762047328.312449,-0.164993,-0.779922,-0.451920
"2025-11-02 01:35:28.322 +0000",1762047328.322486,-0.214798,-0.734070,-0.469757
"2025-11-02 01:35:28.333 +0000",1762047328.332522,-0.167862,-0.763062,-0.587311
"2025-11-02 01:35:28.343 +0000",1762047328.342558,-0.069000,-0.734909,-0.557434
"2025-11-02 01:35:28.353 +0000",1762047328.352594,-0.001297,-0.876144,-0.435669
"2025-11-02 01:35:28.363 +0000",1762047328.362630,-0.075592,-0.988190,-0.360275
"2025-11-02 01:35:28.373 +0000",1762047328.372667,-0.190872,-0.971680,-0.412308
"2025-11-02 01:35:28.383 +0000",1762047328.382704,-0.219376,-0.925385,-0.343399
"2025-11-02 01:35:28.393 +0000",1762047328.392739,-0.201538,-0.908752,-0.370636
"2025-11-02 01:35:28.403 +0000",1762047328.402776,-0.167389,-0.803955,-0.442841
"2025-11-02 01:35:28.413 +0000",1762047328.412812,-0.103729,-0.748413,-0.514832
"2025-11-02 01:35:28.423 +0000",1762047328.422847,-0.082642,-0.795364,-0.495239
"2025-11-02 01:35:28.433 +0000",1762047328.432883,-0.141769,-0.799164,-0.548996
"2025-11-02 01:35:28.443 +0000",1762047328.442919,-0.207809,-0.803345,-0.467102
"2025-11-02 01:35:28.453 +0000",1762047328.452955,-0.236008,-0.953568,-0.362167
"2025-11-02 01:35:28.463 +0000",1762047328.462991,-0.249283,-0.916260,-0.360474
"2025-11-02 01:35:28.473 +0000",1762047328.473028,-0.183411,-0.824203,-0.440277
"2025-11-02 01:35:28.483 +0000",1762047328.483064,-0.080307,-0.896576,-0.473709
"2025-11-02 01:35:28.493 +0000",1762047328.493100,-0.118668,-0.834976,-0.476898
"2025-11-02 01:35:28.503 +0000",1762047328.503136,-0.189407,-0.707474,-0.632782
"2025-11-02 01:35:28.513 +0000",1762047328.513172,-0.175476,-0.834976,-0.479599
"2025-11-02 01:35:28.523 +0000",1762047328.523208,-0.144974,-0.960495,-0.611755
"2025-11-02 01:35:28.533 +0000",1762047328.533244,-0.117249,-0.829208,-0.438324
"2025-11-02 01:35:28.543 +0000",1762047328.543280,-0.075211,-0.963486,-0.515594
"2025-11-02 01:35:28.553 +0000",1762047328.553316,-0.069580,-0.995041,-0.555908
"2025-11-02 01:35:28.563 +0000",1762047328.563352,-0.055847,-0.834412,-0.512817
"2025-11-02 01:35:28.573 +0000",1762047328.573388,-0.005142,-0.838730,-0.553833
"2025-11-02 01:35:28.583 +0000",1762047328.583425,0.046799,-0.921402,-0.537735
"2025-11-02 01:35:28.593 +0000",1762047328.593461,0.010208,-0.786270,-0.471695
"2025-11-02 01:35:28.604 +0000",1762047328.604125,-0.103928,-0.751297,-0.485718
"2025-11-02 01:35:28.614 +0000",1762047328.614161,-0.248672,-0.871277,-0.627426
"2025-11-02 01:35:28.624 +0000",1762047328.624197,-0.201996,-0.827484,-0.572159
"2025-11-02 01:35:28.634 +0000",1762047328.634233,-0.049896,-0.870193,-0.493881
"2025-11-02 01:35:28.644 +0000",1762047328.644269,0.059158,-0.986237,-0.491714
"2025-11-02 01:35:28.654 +0000",1762047328.654305,0.026749,-0.916000,-0.457962
"2025-11-02 01:35:28.664 +0000",1762047328.664341,-0.114090,-0.851212,-0.486389
"2025-11-02 01:35:28.674 +0000",1762047328.674376,-0.209686,-0.853607,-0.597382
"2025-11-02 01:35:28.684 +0000",1762047328.684413,-0.197647,-0.745834,-0.510437
"2025-11-02 01:35:28.694 +0000",1762047328.694449,-0.149277,-0.771973,-0.503845
"2025-11-02 01:35:28.704 +0000",1762047328.704485,-0.111588,-0.865677,-0.448273
"2025-11-02 01:35:28.715 +0000",1762047328.714522,-0.103745,-0.833633,-0.450668
"2025-11-02 01:35:28.725 +0000",1762047328.724557,-0.124329,-0.849640,-0.480865
"2025-11-02 01:35:28.735 +0000",1762047328.734593,-0.132385,-0.939789,-0.492340
"2025-11-02 01:35:28.745 +0000",1762047328.744630,-0.147736,-0.906097,-0.467728
"2025-11-02 01:35:28.755 +0000",1762047328.754666,-0.165970,-0.928268,-0.398224
"2025-11-02 01:35:28.765 +0000",1762047328.764702,-0.210617,-0.962631,-0.415558
"2025-11-02 01:35:28.775 +0000",1762047328.774738,-0.207275,-0.863144,-0.501587
"2025-11-02 01:35:28.785 +0000",1762047328.784774,-0.084534,-0.778564,-0.519638
"2025-11-02 01:35:28.795 +0000",1762047328.794811,0.026611,-0.855881,-0.424561
"2025-11-02 01:35:28.805 +0000",1762047328.804847,0.007874,-0.850327,-0.454010
"2025-11-02 01:35:28.815 +0000",1762047328.814883,-0.086533,-0.810593,-0.446671
"2025-11-02 01:35:28.825 +0000",1762047328.824919,-0.168152,-0.919556,-0.462097
"2025-11-02 01:35:28.835 +0000",1762047328.834955,-0.207275,-0.932373,-0.430939
"2025-11-02 01:35:28.845 +0000",1762047328.844991,-0.141159,-0.896591,-0.373779
"2025-11-02 01:35:28.855 +0000",1762047328.855026,-0.076401,-0.982483,-0.295059
"2025-11-02 01:35:28.865 +0000",1762047328.865063,-0.066788,-1.018280,-0.441223
"2025-11-02 01:35:28.875 +0000",1762047328.875098,-0.090225,-0.870071,-0.373306
"2025-11-02 01:35:28.885 +0000",1762047328.885135,-0.157730,-0.879303,-0.430038
"2025-11-02 01:35:28.895 +0000",1762047328.895171,-0.249268,-0.859299,-0.533356
"2025-11-02 01:35:28.905 +0000",1762047328.905208,-0.227371,-0.797836,-0.503387
"2025-11-02 01:35:28.915 +0000",1762047328.915244,-0.114151,-0.897049,-0.440643
"2025-11-02 01:35:28.925 +0000",1762047328.925280,0.007172,-0.985657,-0.393250
"2025-11-02 01:35:28.935 +0000",1762047328.935317,0.058273,-0.924866,-0.302658
"2025-11-02 01:35:28.945 +0000",1762047328.945352,-0.009888,-0.875870,-0.358093
"2025-11-02 01:35:28.955 +0000",1762047328.955388,-0.151657,-0.861710,-0.455231
"2025-11-02 01:35:28.965 +0000",1762047328.965424,-0.213028,-0.793564,-0.507034
"2025-11-02 01:35:28.975 +0000",1762047328.975460,-0.152908,-0.798599,-0.390640
"2025-11-02 01:35:28.985 +0000",1762047328.985496,-0.053467,-0.908417,-0.413940
"2025-11-02 01:35:28.996 +0000",1762047328.995533,0.000580,-0.902649,-0.352676
"2025-11-02 01:35:29.006 +0000",1762047329.005569,-0.034119,-0.888870,-0.291580
"2025-11-02 01:35:29.016 +0000",1762047329.015605,-0.159714,-0.913300,-0.376938
"2025-11-02 01:35:29.026 +0000",1762047329.025640,-0.240936,-0.861786,-0.439133
"2025-11-02 01:35:29.036 +0000",1762047329.035677,-0.198792,-0.823975,-0.397064
"2025-11-02 01:35:29.046 +0000",1762047329.045712,-0.111740,-0.897278,-0.361389
"2025-11-02 01:35:29.056 +0000",1762047329.055749,-0.097961,-0.898026,-0.336533
"2025-11-02 01:35:29.066 +0000",1762047329.065785,-0.143524,-0.873093,-0.387268
"2025-11-02 01:35:29.076 +0000",1762047329.075820,-0.159531,-0.892197,-0.379654
"2025-11-02 01:35:29.086 +0000",1762047329.085857,-0.124847,-0.896042,-0.362396
"2025-11-02 01:35:29.096 +0000",1762047329.095894,-0.084747,-0.858795,-0.353271
"2025-11-02 01:35:29.106 +0000",1762047329.105930,-0.041321,-0.876099,-0.316299
"2025-11-02 01:35:29.116 +0000",1762047329.115966,-0.031097,-0.870224,-0.306610
"2025-11-02 01:35:29.127 +0000",1762047329.126630,-0.067291,-0.769241,-0.416794
"2025-11-02 01:35:29.137 +0000",1762047329.136666,-0.074417,-0.793564,-0.418457
"2025-11-02 01:35:29.147 +0000",1762047329.146702,-0.102493,-0.859894,-0.439529
"2025-11-02 01:35:29.157 +0000",1762047329.156738,-0.179550,-0.846893,-0.420242
"2025-11-02 01:35:29.167 +0000",1762047329.166774,-0.205933,-0.956757,-0.371231
"2025-11-02 01:35:29.177 +0000",1762047329.176811,-0.188416,-1.000824,-0.345917
"2025-11-02 01:35:29.187 +0000",1762047329.186847,-0.144958,-0.925034,-0.323181
"2025-11-02 01:35:29.197 +0000",1762047329.196883,-0.078339,-0.948975,-0.296906
"2025-11-02 01:35:29.207 +0000",1762047329.206918,-0.070221,-0.881058,-0.350128
"2025-11-02 01:35:29.217 +0000",1762047329.216954,-0.092773,-0.772629,-0.421143
"2025-11-02 01:35:29.227 +0000",1762047329.226990,-0.070038,-0.841629,-0.457886
"2025-11-02 01:35:29.237 +0000",1762047329.237026,-0.038742,-0.844315,-0.400696
"2025-11-02 01:35:29.247 +0000",1762047329.247062,-0.063248,-0.831116,-0.310425
"2025-11-02 01:35:29.257 +0000",1762047329.257100,-0.120026,-0.941818,-0.416840
"2025-11-02 01:35:29.267 +0000",1762047329.267135,-0.149582,-0.949295,-0.389725
"2025-11-02 01:35:29.277 +0000",1762047329.277172,-0.121490,-0.928024,-0.430862
"2025-11-02 01:35:29.287 +0000",1762047329.287207,-0.077606,-0.951523,-0.419785
"2025-11-02 01:35:29.297 +0000",1762047329.297244,-0.047165,-0.925125,-0.406784
"2025-11-02 01:35:29.307 +0000",1762047329.307280,-0.061783,-0.869049,-0.399628
"2025-11-02 01:35:29.317 +0000",1762047329.317316,-0.093460,-0.877594,-0.431763
"2025-11-02 01:35:29.327 +0000",1762047329.327352,-0.111282,-0.873428,-0.422012
"2025-11-02 01:35:29.337 +0000",1762047329.337389,-0.104156,-0.835968,-0.419037
"2025-11-02 01:35:29.347 +0000",1762047329.347425,-0.087418,-0.886383,-0.400589
"2025-11-02 01:35:29.357 +0000",1762047329.357461,-0.116974,-0.953461,-0.439743
"2025-11-02 01:35:29.367 +0000",1762047329.367496,-0.153961,-0.941040,-0.467819
"2025-11-02 01:35:29.378 +0000",1762047329.377533,-0.143646,-0.989212,-0.398849
"2025-11-02 01:35:29.388 +0000",1762047329.387569,-0.124191,-1.024521,-0.449509
"2025-11-02 01:35:29.398 +0000",1762047329.397604,-0.118408,-0.963882,-0.416977
"2025-11-02 01:35:29.408 +0000",1762047329.407640,-0.125732,-0.950409,-0.360641
"2025-11-02 01:35:29.418 +0000",1762047329.417678,-0.135849,-0.923767,-0.468719
"2025-11-02 01:35:29.428 +0000",1762047329.427714,-0.097870,-0.810822,-0.463470
"2025-11-02 01:35:29.438 +0000",1762047329.437749,-0.030273,-0.832535,-0.450958
"2025-11-02 01:35:29.448 +0000",1762047329.447785,-0.035431,-0.906189,-0.454636
"2025-11-02 01:35:29.458 +0000",1762047329.457822,-0.115799,-0.891495,-0.426819
"2025-11-02 01:35:29.468 +0000",1762047329.467858,-0.150421,-0.958511,-0.430466
"2025-11-02 01:35:29.478 +0000",1762047329.477894,-0.138641,-1.043915,-0.360214
"2025-11-02 01:35:29.488 +0000",1762047329.487929,-0.130569,-0.976425,-0.383560
"2025-11-02 01:35:29.498 +0000",1762047329.497967,-0.095215,-0.954453,-0.387863
"2025-11-02 01:35:29.508 +0000",1762047329.508003,-0.068054,-0.941254,-0.437149
"2025-11-02 01:35:29.518 +0000",1762047329.518039,-0.069397,-0.860321,-0.423370
"2025-11-02 01:35:29.528 +0000",1762047329.528075,-0.112381,-0.871429,-0.402588
"2025-11-02 01:35:29.538 +0000",1762047329.538110,-0.176392,-0.871536,-0.461166
"2025-11-02 01:35:29.548 +0000",1762047329.548146,-0.164291,-0.869370,-0.413696
"2025-11-02 01:35:29.558 +0000",1762047329.558182,-0.102631,-0.925018,-0.394806
"2025-11-02 01:35:29.568 +0000",1762047329.568219,-0.025757,-0.947540,-0.369751
"2025-11-02 01:35:29.578 +0000",1762047329.578256,-0.001556,-0.955261,-0.323639
"2025-11-02 01:35:29.588 +0000",1762047329.588292,-0.067352,-0.954407,-0.390976
"2025-11-02 01:35:29.598 +0000",1762047329.598327,-0.140808,-0.897202,-0.422775
"2025-11-02 01:35:29.608 +0000",1762047329.608363,-0.156174,-0.874680,-0.409180
"2025-11-02 01:35:29.618 +0000",1762047329.618399,-0.141846,-0.908737,-0.429382
"2025-11-02 01:35:29.628 +0000",1762047329.628436,-0.081253,-0.923615,-0.443527
"2025-11-02 01:35:29.638 +0000",1762047329.638471,-0.027298,-0.957245,-0.344101
"2025-11-02 01:35:29.649 +0000",1762047329.648509,-0.036896,-1.006973,-0.388535
"2025-11-02 01:35:29.659 +0000",1762047329.658545,-0.093643,-0.953552,-0.390625
"2025-11-02 01:35:29.669 +0000",1762047329.668581,-0.142029,-0.923279,-0.459793
"2025-11-02 01:35:29.679 +0000",1762047329.678617,-0.140625,-0.949860,-0.431595
"2025-11-02 01:35:29.689 +0000",1762047329.688653,-0.079376,-0.944885,-0.471588
"2025-11-02 01:35:29.699 +0000",1762047329.698688,-0.028946,-0.920074,-0.302078
"2025-11-02 01:35:29.709 +0000",1762047329.708725,-0.047073,-0.989410,-0.363770
"2025-11-02 01:35:29.719 +0000",1762047329.718760,-0.082535,-0.928116,-0.460388
"2025-11-02 01:35:29.729 +0000",1762047329.728798,-0.082291,-0.860107,-0.363724
"2025-11-02 01:35:29.739 +0000",1762047329.738834,-0.088272,-0.965836,-0.500565
"2025-11-02 01:35:29.749 +0000",1762047329.748869,-0.076767,-0.911057,-0.401230
"2025-11-02 01:35:29.759 +0000",1762047329.758905,-0.068344,-0.906662,-0.374649
"2025-11-02 01:35:29.769 +0000",1762047329.768941,-0.074387,-1.013199,-0.472824
"2025-11-02 01:35:29.779 +0000",1762047329.778977,-0.060593,-0.911530,-0.337677
"2025-11-02 01:35:29.789 +0000",1762047329.789014,-0.056000,-0.877243,-0.404861
"2025-11-02 01:35:29.799 +0000",1762047329.799051,-0.056381,-0.927292,-0.403397
"2025-11-02 01:35:29.809 +0000",1762047329.809087,-0.095551,-0.875229,-0.405380
"2025-11-02 01:35:29.819 +0000",1762047329.819123,-0.132782,-0.858109,-0.436615
"2025-11-02 01:35:29.829 +0000",1762047329.829158,-0.137131,-0.931961,-0.407104
"2025-11-02 01:35:29.839 +0000",1762047329.839195,-0.112350,-0.934280,-0.459045
"2025-11-02 01:35:29.849 +0000",1762047329.849231,-0.060349,-0.902069,-0.339493
"2025-11-02 01:35:29.859 +0000",1762047329.859267,-0.066376,-0.985962,-0.376419
"2025-11-02 01:35:29.869 +0000",1762047329.869303,-0.127411,-0.943909,-0.430756
"2025-11-02 01:35:29.879 +0000",1762047329.879339,-0.136307,-0.854935,-0.390579
"2025-11-02 01:35:29.889 +0000",1762047329.889375,-0.108322,-0.881927,-0.455261
"2025-11-02 01:35:29.899 +0000",1762047329.899411,-0.106522,-0.881760,-0.450348
"2025-11-02 01:35:29.909 +0000",1762047329.909447,-0.105957,-0.880539,-0.432098
"2025-11-02 01:35:29.919 +0000",1762047329.919484,-0.119843,-0.923157,-0.396713
"2025-11-02 01:35:29.930 +0000",1762047329.929520,-0.133545,-0.992355,-0.432663
"2025-11-02 01:35:29.940 +0000",1762047329.939555,-0.108719,-0.957199,-0.418442
"2025-11-02 01:35:29.950 +0000",1762047329.949593,-0.092651,-0.951569,-0.385101
"2025-11-02 01:35:29.960 +0000",1762047329.959629,-0.118973,-0.996170,-0.468369
"2025-11-02 01:35:29.970 +0000",1762047329.969665,-0.130219,-0.938324,-0.461914
"2025-11-02 01:35:29.980 +0000",1762047329.979701,-0.098724,-0.908981,-0.424759
"2025-11-02 01:35:29.990 +0000",1762047329.989736,-0.082657,-0.967911,-0.419006
"2025-11-02 01:35:30.000 +0000",1762047329.999773,-0.086853,-0.904190,-0.397812
"2025-11-02 01:35:30.010 +0000",1762047330.009809,-0.096619,-0.880417,-0.379089
"2025-11-02 01:35:30.020 +0000",1762047330.019844,-0.106354,-0.948959,-0.451294
"2025-11-02 01:35:30.030 +0000",1762047330.029882,-0.083817,-0.883591,-0.405838
"2025-11-02 01:35:30.040 +0000",1762047330.039918,-0.046890,-0.886124,-0.377625
"2025-11-02 01:35:30.050 +0000",1762047330.049953,-0.053879,-0.933655,-0.396500
"2025-11-02 01:35:30.060 +0000",1762047330.059989,-0.099869,-0.909073,-0.418549
"2025-11-02 01:35:30.070 +0000",1762047330.070025,-0.114609,-0.897247,-0.432648
"2025-11-02 01:35:30.080 +0000",1762047330.080062,-0.093353,-0.933990,-0.412994
"2025-11-02 01:35:30.090 +0000",1762047330.090098,-0.060089,-0.932831,-0.394363
"2025-11-02 01:35:30.100 +0000",1762047330.100134,-0.051041,-0.883118,-0.316223
"2025-11-02 01:35:30.110 +0000",1762047330.110171,-0.082596,-0.921219,-0.371948
"2025-11-02 01:35:30.120 +0000",1762047330.120206,-0.114822,-0.879730,-0.384094
"2025-11-02 01:35:30.130 +0000",1762047330.130242,-0.097992,-0.825943,-0.403259
"2025-11-02 01:35:30.140 +0000",1762047330.140278,-0.053146,-0.869766,-0.407135
"2025-11-02 01:35:30.150 +0000",1762047330.150315,-0.047882,-0.875854,-0.372147
"2025-11-02 01:35:30.160 +0000",1762047330.160351,-0.078217,-0.893753,-0.383057
"2025-11-02 01:35:30.170 +0000",1762047330.170387,-0.099518,-0.944748,-0.379532
"2025-11-02 01:35:30.180 +0000",1762047330.180424,-0.108917,-0.920166,-0.396103
"2025-11-02 01:35:30.190 +0000",1762047330.190459,-0.097885,-0.910828,-0.374710
"2025-11-02 01:35:30.200 +0000",1762047330.200496,-0.087646,-0.933838,-0.366348
"2025-11-02 01:35:30.211 +0000",1762047330.210532,-0.086655,-0.882828,-0.392242
"2025-11-02 01:35:30.221 +0000",1762047330.220568,-0.068527,-0.894928,-0.392029
"2025-11-02 01:35:30.231 +0000",1762047330.230603,-0.053101,-0.893875,-0.407288
"2025-11-02 01:35:30.241 +0000",1762047330.240639,-0.040268,-0.857269,-0.386398
"2025-11-02 01:35:30.251 +0000",1762047330.250677,-0.046951,-0.920776,-0.404678
"2025-11-02 01:35:30.261 +0000",1762047330.260712,-0.065140,-0.930908,-0.401031
"2025-11-02 01:35:30.271 +0000",1762047330.270749,-0.085556,-0.924988,-0.373260
"2025-11-02 01:35:30.281 +0000",1762047330.280785,-0.104691,-0.952927,-0.389435
"2025-11-02 01:35:30.291 +0000",1762047330.290821,-0.106903,-0.936356,-0.412064
"2025-11-02 01:35:30.301 +0000",1762047330.300856,-0.103729,-0.873840,-0.373352
"2025-11-02 01:35:30.311 +0000",1762047330.310893,-0.088181,-0.901001,-0.436478
"2025-11-02 01:35:30.321 +0000",1762047330.320928,-0.068268,-0.891891,-0.420715
"2025-11-02 01:35:30.331 +0000",1762047330.330966,-0.078674,-0.845093,-0.386505
"2025-11-02 01:35:30.341 +0000",1762047330.341002,-0.094696,-0.901764,-0.456329
"2025-11-02 01:35:30.351 +0000",1762047330.351038,-0.089905,-0.891510,-0.423691
"2025-11-02 01:35:30.361 +0000",1762047330.361073,-0.072968,-0.886963,-0.427505
"2025-11-02 01:35:30.371 +0000",1762047330.371110,-0.059509,-0.945023,-0.392426
"2025-11-02 01:35:30.381 +0000",1762047330.381145,-0.065292,-0.932831,-0.416138
"2025-11-02 01:35:30.391 +0000",1762047330.391181,-0.095230,-0.888870,-0.399155
"2025-11-02 01:57:50.073 +0000",1762048670.073262,-0.226028,-0.511093,-1.277084
"2025-11-02 01:57:50.083 +0000",1762048670.083298,-0.186798,-0.433594,-1.290146
"2025-11-02 01:57:50.093 +0000",1762048670.093333,-0.149887,-0.379745,-1.257401
"2025-11-02 01:57:50.103 +0000",1762048670.103368,-0.112350,-0.366837,-1.182846
"2025-11-02 01:57:50.113 +0000",1762048670.113404,-0.083008,-0.365906,-1.096008
"2025-11-02 01:57:50.123 +0000",1762048670.123439,-0.066940,-0.371399,-1.011841
"2025-11-02 01:57:50.133 +0000",1762048670.133474,-0.059372,-0.385574,-0.928802
"2025-11-02 01:57:50.144 +0000",1762048670.143509,-0.052872,-0.393936,-0.856979
"2025-11-02 01:57:50.154 +0000",1762048670.153545,-0.037064,-0.390091,-0.830673
"2025-11-02 01:57:50.164 +0000",1762048670.163580,-0.032486,-0.382690,-0.871536
"2025-11-02 01:57:50.174 +0000",1762048670.173615,-0.051392,-0.372772,-0.919235
"2025-11-02 01:57:50.184 +0000",1762048670.183650,-0.068436,-0.367935,-0.949799
"2025-11-02 01:57:50.194 +0000",1762048670.193685,-0.093811,-0.373230,-0.973740
"2025-11-02 01:57:50.204 +0000",1762048670.203721,-0.117249,-0.378708,-0.974350
"2025-11-02 01:57:50.214 +0000",1762048670.213759,-0.120255,-0.382339,-0.956512
"2025-11-02 01:57:50.224 +0000",1762048670.223790,-0.110138,-0.386780,-0.913269
"2025-11-02 01:57:50.234 +0000",1762048670.233827,-0.083694,-0.392563,-0.864273
"2025-11-02 01:57:50.244 +0000",1762048670.243861,-0.050674,-0.398880,-0.813492
"2025-11-02 01:57:50.254 +0000",1762048670.253897,-0.010376,-0.403488,-0.746445
"2025-11-02 01:57:50.264 +0000",1762048670.263931,0.041946,-0.409897,-0.678177
"2025-11-02 01:57:50.274 +0000",1762048670.273967,0.076614,-0.428818,-0.622284
"2025-11-02 01:57:50.284 +0000",1762048670.284001,0.078796,-0.464127,-0.588440
"2025-11-02 01:57:50.294 +0000",1762048670.294036,0.053513,-0.494980,-0.581451
"2025-11-02 01:57:50.304 +0000",1762048670.304072,0.017410,-0.528000,-0.586044
"2025-11-02 01:57:50.314 +0000",1762048670.314108,0.006714,-0.549057,-0.604080
"2025-11-02 01:57:50.324 +0000",1762048670.324143,0.023636,-0.560654,-0.622269
"2025-11-02 01:57:50.334 +0000",1762048670.334177,0.037491,-0.568756,-0.653732
"2025-11-02 01:57:50.344 +0000",1762048670.344219,0.044662,-0.565048,-0.689758
"2025-11-02 01:57:50.354 +0000",1762048670.354249,0.059097,-0.555389,-0.714767
"2025-11-02 01:57:50.364 +0000",1762048670.364282,0.064774,-0.548584,-0.738739
"2025-11-02 01:57:50.374 +0000",1762048670.374318,0.069717,-0.542389,-0.761383
"2025-11-02 01:57:50.384 +0000",1762048670.384354,0.084030,-0.537292,-0.772522
"2025-11-02 01:57:50.394 +0000",1762048670.394389,0.093628,-0.538223,-0.772003
"2025-11-02 01:57:50.404 +0000",1762048670.404423,0.116547,-0.551422,-0.767853
"2025-11-02 01:57:50.414 +0000",1762048670.414459,0.148071,-0.565720,-0.775497
"2025-11-02 01:57:50.424 +0000",1762048670.424495,0.170914,-0.576477,-0.801575
"2025-11-02 01:57:50.435 +0000",1762048670.434529,0.185928,-0.597900,-0.843918
"2025-11-02 01:57:50.445 +0000",1762048670.444564,0.191605,-0.613403,-0.874603
"2025-11-02 01:57:50.455 +0000",1762048670.454602,0.179138,-0.626678,-0.888062
"2025-11-02 01:57:50.465 +0000",1762048670.464635,0.151764,-0.633163,-0.911072
"2025-11-02 01:57:50.475 +0000",1762048670.474670,0.124939,-0.609238,-0.938721
"2025-11-02 01:57:50.485 +0000",1762048670.484705,0.108978,-0.569504,-0.943726
"2025-11-02 01:57:50.495 +0000",1762048670.494740,0.107285,-0.529907,-0.919952
"2025-11-02 01:57:50.505 +0000",1762048670.504777,0.106628,-0.501923,-0.902405
"2025-11-02 01:57:50.515 +0000",1762048670.514811,0.113464,-0.490433,-0.863495
"2025-11-02 01:57:50.525 +0000",1762048670.524845,0.133774,-0.502960,-0.810654
"2025-11-02 01:57:50.535 +0000",1762048670.534881,0.154266,-0.555298,-0.766815
"2025-11-02 01:57:50.545 +0000",1762048670.544916,0.167282,-0.631287,-0.774582
"2025-11-02 01:57:50.555 +0000",1762048670.554950,0.164917,-0.673721,-0.852554
"2025-11-02 01:57:50.565 +0000",1762048670.564987,0.156982,-0.680847,-0.873123
"2025-11-02 01:57:50.575 +0000",1762048670.575021,0.174576,-0.668442,-0.827301
"2025-11-02 01:57:50.585 +0000",1762048670.585057,0.190308,-0.629166,-0.787277
"2025-11-02 01:57:50.595 +0000",1762048670.595092,0.212585,-0.581039,-0.778687
"2025-11-02 01:57:50.605 +0000",1762048670.605127,0.278870,-0.563171,-0.748032
"2025-11-02 01:57:50.615 +0000",1762048670.615162,0.373108,-0.596176,-0.694946
"2025-11-02 01:57:50.625 +0000",1762048670.625196,0.432724,-0.653809,-0.649490
"2025-11-02 01:57:50.635 +0000",1762048670.635233,0.424026,-0.676575,-0.632065
"2025-11-02 01:57:50.645 +0000",1762048670.645268,0.376999,-0.646790,-0.678329
"2025-11-02 01:57:50.655 +0000",1762048670.655302,0.339371,-0.585129,-0.790756
"2025-11-02 01:57:50.665 +0000",1762048670.665338,0.349762,-0.520874,-0.889908
"2025-11-02 01:57:50.675 +0000",1762048670.675373,0.367477,-0.472748,-0.969391
"2025-11-02 01:57:50.685 +0000",1762048670.685409,0.360016,-0.449387,-1.024353
"2025-11-02 01:57:50.695 +0000",1762048670.695443,0.348175,-0.444870,-1.035080
"2025-11-02 01:57:50.705 +0000",1762048670.705478,0.354706,-0.454498,-0.986450
"2025-11-02 01:57:50.716 +0000",1762048670.715514,0.377045,-0.475418,-0.908691
"2025-11-02 01:57:50.726 +0000",1762048670.725548,0.384171,-0.501251,-0.817490
"2025-11-02 01:57:50.736 +0000",1762048670.735583,0.374039,-0.507141,-0.747421
"2025-11-02 01:57:50.746 +0000",1762048670.745620,0.362534,-0.492935,-0.741409
"2025-11-02 01:57:50.756 +0000",1762048670.755654,0.346390,-0.479385,-0.788513
"2025-11-02 01:57:50.766 +0000",1762048670.765689,0.322174,-0.478287,-0.855072
"2025-11-02 01:57:50.776 +0000",1762048670.775724,0.287659,-0.484116,-0.911728
"2025-11-02 01:57:50.786 +0000",1762048670.785760,0.261642,-0.496399,-0.916656
"2025-11-02 01:57:50.796 +0000",1762048670.795795,0.240036,-0.495667,-0.889481
"2025-11-02 01:57:50.806 +0000",1762048670.805831,0.233383,-0.485443,-0.821457
"2025-11-02 01:57:50.816 +0000",1762048670.815866,0.238144,-0.473694,-0.726273
"2025-11-02 01:57:50.826 +0000",1762048670.825901,0.244125,-0.466507,-0.653381
"2025-11-02 01:57:50.836 +0000",1762048670.835936,0.253326,-0.468201,-0.614807
"2025-11-02 01:57:50.846 +0000",1762048670.845971,0.267853,-0.483871,-0.579361
"2025-11-02 01:57:50.856 +0000",1762048670.856006,0.285431,-0.504471,-0.551941
"2025-11-02 01:57:50.866 +0000",1762048670.866041,0.297424,-0.524582,-0.534927
"2025-11-02 01:57:50.876 +0000",1762048670.876076,0.298325,-0.545364,-0.524750
"2025-11-02 01:57:50.886 +0000",1762048670.886112,0.306671,-0.555161,-0.533234
"2025-11-02 01:57:50.896 +0000",1762048670.896147,0.326675,-0.552734,-0.567184
"2025-11-02 01:57:50.906 +0000",1762048670.906183,0.343445,-0.536041,-0.628616
"2025-11-02 01:57:50.916 +0000",1762048670.916218,0.348328,-0.519363,-0.686020
"2025-11-02 01:57:50.926 +0000",1762048670.926253,0.351349,-0.504257,-0.700073
"2025-11-02 01:57:50.936 +0000",1762048670.936287,0.356461,-0.497971,-0.678024
"2025-11-02 01:57:50.946 +0000",1762048670.946323,0.370407,-0.508347,-0.634338
"2025-11-02 01:57:50.956 +0000",1762048670.956358,0.395035,-0.524826,-0.590759
"2025-11-02 01:57:50.966 +0000",1762048670.966393,0.416000,-0.527771,-0.586609
"2025-11-02 01:57:50.976 +0000",1762048670.976429,0.421371,-0.525101,-0.619476
"2025-11-02 01:57:50.986 +0000",1762048670.986464,0.409454,-0.535507,-0.659302
"2025-11-02 01:57:50.996 +0000",1762048670.996499,0.385056,-0.560455,-0.712753
"2025-11-02 01:57:51.007 +0000",1762048671.006535,0.360672,-0.585999,-0.769592
"2025-11-02 01:57:51.017 +0000",1762048671.016570,0.333267,-0.603622,-0.838699
"2025-11-02 01:57:51.027 +0000",1762048671.026604,0.317261,-0.619690,-0.886337
"2025-11-02 01:57:51.037 +0000",1762048671.036641,0.327332,-0.633820,-0.865707
"2025-11-02 01:57:51.047 +0000",1762048671.046675,0.345673,-0.635117,-0.821899
"2025-11-02 01:57:51.057 +0000",1762048671.056710,0.362869,-0.621368,-0.813858
"2025-11-02 01:57:51.067 +0000",1762048671.066745,0.373291,-0.619614,-0.828781
"2025-11-02 01:57:51.077 +0000",1762048671.076781,0.384918,-0.627869,-0.865494
"2025-11-02 01:57:51.087 +0000",1762048671.086816,0.391342,-0.626709,-0.926804
"2025-11-02 01:57:51.097 +0000",1762048671.096850,0.397049,-0.621628,-0.977631
"2025-11-02 01:57:51.107 +0000",1762048671.106887,0.413895,-0.629776,-0.960175
"2025-11-02 01:57:51.117 +0000",1762048671.116922,0.437576,-0.651474,-0.707733
"2025-11-02 01:57:51.127 +0000",1762048671.126957,0.467758,-0.698441,-0.354279
"2025-11-02 01:57:51.137 +0000",1762048671.136993,0.425095,-0.748016,-0.425003
